Statistic,Player,Team,Value,Rank,Year
Base on Balls,Dummy Hoy,Chicago,86.0,,1901
Batting Average,Nap Lajoie,Philadelphia,0.426,,1901
Doubles,Nap Lajoie,Philadelphia,48.0,,1901
Hits,Nap Lajoie,Philadelphia,232.0,,1901
Home Runs,Nap Lajoie,Philadelphia,14.0,,1901
On Base Percentage,Nap Lajoie,Philadelphia,0.463,,1901
RBI,Nap Lajoie,Philadelphia,125.0,,1901
Runs,Nap Lajoie,Philadelphia,145.0,,1901
Slugging Average,Nap Lajoie,Philadelphia,0.643,,1901
Stolen Bases,Frank Isbell,Chicago,52.0,,1901
Total Bases,Nap Lajoie,Philadelphia,350.0,,1901
Triples,Bill Keister,Baltimore,21.0,,1901
Triples,Jimmy Williams,Baltimore,21.0,,1901
1901 A.L. History | 1901 N.L. History | Year-by-Year History,1901 A.L. History | 1901 N.L. History | Year-by-Year History,1901 A.L. History | 1901 N.L. History | Year-by-Year History,,,1901
Complete Games,Joe McGinnity,Baltimore,39.0,,1901
ERA,Cy Young,Boston,1.62,,1901
Games,Joe McGinnity,Baltimore,48.0,,1901
Saves,Bill Hoffer,Cleveland,3.0,,1901
Shutouts,Clark Griffith,Chicago,5.0,,1901
Shutouts,Cy Young,Boston,5.0,,1901
Strikeouts,Cy Young,Boston,158.0,,1901
Winning Percentage,Clark Griffith,Chicago,0.774,,1901
Wins,Cy Young,Boston,33.0,,1901
1901 A.L. History | 1901 N.L. History | Year-by-Year History,1901 A.L. History | 1901 N.L. History | Year-by-Year History,1901 A.L. History | 1901 N.L. History | Year-by-Year History,,,1901
1901 American League Team Standings,1901 American League Team Standings,1901 American League Team Standings,,,1901
Team | Roster,W,L,,,1901
Chicago White Sox,83,53,0.61,0.0,1901
Boston Americans,79,57,0.581,4.0,1901
Detroit Tigers,74,61,0.548,,1901
Philadelphia Athletics,74,62,0.544,9.0,1901
Baltimore Orioles,68,65,0.511,,1901
Washington Senators,61,72,0.459,,1901
Cleveland Blues,54,82,0.397,29.0,1901
Milwaukee Brewers,48,89,0.35,,1901
Team | Roster,W,L,,,1901
1901 American League Team Standings,1901 American League Team Standings,1901 American League Team Standings,,,1901
Base on Balls,Chicago,475,,,1901
Batting Average,Baltimore,.294,,,1901
Doubles,Philadelphia,239,,,1901
Hits,Philadelphia,1409,,,1901
Home Runs,Boston,37,,,1901
On Base Percentage,Baltimore,.353,,,1901
Runs,Chicago,819,,,1901
Slugging Average,Baltimore,.397,,,1901
Stolen Bases,Chicago,280,,,1901
Triples,Baltimore,111,,,1901
Complete Games,Philadelphia,124,,,1901
ERA,Chicago,2.98,,,1901
Fewest Hits Allowed,Boston,1178,,,1901
Fewest Home Runs Allowed,Philadelphia,20,,,1901
Fewest Walks Allowed,Washington,284,,,1901
Saves,Cleveland,4,,,1901
Saves,Milwaukee,4,,,1901
Shutouts,Chicago,11,,,1901
Strikeouts,Boston,396,,,1901
Base on Balls,Topsy Hartsel,Philadelphia,87.0,,1902
Batting Average,Ed Delahanty,Washington,0.376,,1902
Doubles,Harry Davis,Philadelphia,43.0,,1902
Doubles,Ed Delahanty,Washington,43.0,,1902
Hits,Charlie Hickman,Boston,193.0,,1902
Hits,Charlie Hickman,Cleveland,193.0,,1902
Home Runs,Socks Seybold,Philadelphia,16.0,,1902
On Base Percentage,Ed Delahanty,Washington,0.453,,1902
RBI,Buck Freeman,Boston,121.0,,1902
Runs,Dave Fultz,Philadelphia,109.0,,1902
Runs,Topsy Hartsel,Philadelphia,109.0,,1902
Slugging Average,Ed Delahanty,Washington,0.59,,1902
Stolen Bases,Topsy Hartsel,Philadelphia,47.0,,1902
Total Bases,Charlie Hickman,Boston,288.0,,1902
Total Bases,Charlie Hickman,Cleveland,288.0,,1902
Triples,Jimmy Williams,Baltimore,21.0,,1902
1902 A.L. History | 1902 N.L. History | Year-by-Year History,1902 A.L. History | 1902 N.L. History | Year-by-Year History,1902 A.L. History | 1902 N.L. History | Year-by-Year History,,,1902
Complete Games,Cy Young,Boston,41.0,,1902
ERA,Ed Siever,Detroit,1.91,,1902
Games,Cy Young,Boston,45.0,,1902
Saves,Jack Powell,St. Louis,2.0,,1902
Shutouts,Addie Joss,Cleveland,5.0,,1902
Strikeouts,Rube Waddell,Philadelphia,210.0,,1902
Winning Percentage,Bill Bernhard,Philadelphia,0.783,,1902
Winning Percentage,Bill Bernhard,Cleveland,0.783,,1902
Wins,Cy Young,Boston,32.0,,1902
1902 A.L. History | 1902 N.L. History | Year-by-Year History,1902 A.L. History | 1902 N.L. History | Year-by-Year History,1902 A.L. History | 1902 N.L. History | Year-by-Year History,,,1902
1902 American League Team Standings,1902 American League Team Standings,1902 American League Team Standings,,,1902
Team | Roster,W,L,,,1902
Philadelphia Athletics,83,53,0.61,0.0,1902
St. Louis Browns,78,58,0.574,5.0,1902
Boston Americans,77,60,0.562,,1902
Chicago White Sox,74,60,0.552,8.0,1902
Cleveland Blues,69,67,0.507,14.0,1902
Washington Senators,61,75,0.449,22.0,1902
Detroit Tigers,52,83,0.385,,1902
Baltimore Orioles,50,88,0.362,34.0,1902
Team | Roster,W,L,,,1902
1902 American League Team Standings,1902 American League Team Standings,1902 American League Team Standings,,,1902
Base on Balls,Baltimore,417,,,1902
Batting Average,Cleveland,.289,,,1902
Doubles,Washington,261,,,1902
Hits,Cleveland,1401,,,1902
Home Runs,Washington,47,,,1902
On Base Percentage,Baltimore,.342,,,1902
Runs,Philadelphia,775,,,1902
Slugging Average,Washington,.395,,,1902
Stolen Bases,Chicago,265,,,1902
Triples,Baltimore,107,,,1902
Complete Games,Washington,130,,,1902
ERA,Boston,3.02,,,1902
Fewest Hits Allowed,Cleveland,1199,,,1902
Fewest Home Runs Allowed,Detroit,20,,,1902
Fewest Walks Allowed,Washington,312,,,1902
Saves,Cleveland,3,,,1902
Saves,Detroit,3,,,1902
Shutouts,Cleveland,16,,,1902
Strikeouts,Philadelphia,455,,,1902
Base on Balls,Jimmy Barrett,Detroit,74.0,,1903
Batting Average,Nap Lajoie,Cleveland,0.344,,1903
Doubles,Socks Seybold,Philadelphia,45.0,,1903
Hits,Patsy Dougherty,Boston,195.0,,1903
Home Runs,Buck Freeman,Boston,13.0,,1903
On Base Percentage,Jimmy Barrett,Detroit,0.407,,1903
RBI,Buck Freeman,Boston,104.0,,1903
Runs,Patsy Dougherty,Boston,107.0,,1903
Slugging Average,Nap Lajoie,Cleveland,0.518,,1903
Stolen Bases,Harry Bay,Cleveland,45.0,,1903
Total Bases,Buck Freeman,Boston,281.0,,1903
Triples,Sam Crawford,Detroit,25.0,,1903
1903 A.L. History | 1903 N.L. History | Year-by-Year History,1903 A.L. History | 1903 N.L. History | Year-by-Year History,1903 A.L. History | 1903 N.L. History | Year-by-Year History,,,1903
Complete Games,Bill Donovan,Detroit,34.0,,1903
Complete Games,Rube Waddell,Philadelphia,34.0,,1903
Complete Games,Cy Young,Boston,34.0,,1903
ERA,Earl Moore,Cleveland,1.74,,1903
Games,Eddie Plank,Philadelphia,43.0,,1903
Saves,Bill Dinneen,Boston,2.0,,1903
Saves,George Mullin,Detroit,2.0,,1903
Saves,Al Orth,Washington,2.0,,1903
Saves,Jack Powell,St. Louis,2.0,,1903
Saves,Cy Young,Boston,2.0,,1903
Shutouts,Cy Young,Boston,7.0,,1903
Strikeouts,Rube Waddell,Philadelphia,302.0,,1903
Winning Percentage,Cy Young,Boston,0.757,,1903
Wins,Cy Young,Boston,28.0,,1903
1903 A.L. History | 1903 N.L. History | Year-by-Year History,1903 A.L. History | 1903 N.L. History | Year-by-Year History,1903 A.L. History | 1903 N.L. History | Year-by-Year History,,,1903
Team | Roster,W,L,,,1903
Boston Americans,91,47,0.659,0.0,1903
Philadelphia Athletics,75,60,0.556,,1903
Cleveland Blues,77,63,0.55,15.0,1903
New York Highlanders,72,62,0.537,17.0,1903
Detroit Tigers,65,71,0.478,25.0,1903
St. Louis Browns,65,74,0.468,,1903
Chicago White Sox,60,77,0.438,,1903
Washington Senators,43,94,0.314,,1903
Team | Roster,W,L,,,1903
1903 American League Team Standings,1903 American League Team Standings,1903 American League Team Standings,,,1903
Base on Balls,New York,332,,,1903
Batting Average,Boston,.272,,,1903
Doubles,Cleveland,231,,,1903
Hits,Boston,1336,,,1903
Home Runs,Boston,48,,,1903
On Base Percentage,Detroit,.318,,,1903
Runs,Boston,708,,,1903
Slugging Average,Boston,.392,,,1903
Stolen Bases,Chicago,180,,,1903
Triples,Boston,113,,,1903
Complete Games,Cleveland,125,,,1903
ERA,Boston,2.57,,,1903
Fewest Hits Allowed,Philadelphia,1124,,,1903
Fewest Home Runs Allowed,Cleveland,16,,,1903
Fewest Walks Allowed,St. Louis,237,,,1903
Saves,Boston,4,,,1903
Saves,Chicago,4,,,1903
Shutouts,Boston,20,,,1903
Shutouts,Cleveland,20,,,1903
Strikeouts,Philadelphia,728,,,1903
Base on Balls,Jimmy Barrett,Detroit,79.0,,1904
Batting Average,Nap Lajoie,Cleveland,0.376,,1904
Doubles,Nap Lajoie,Cleveland,49.0,,1904
Hits,Nap Lajoie,Cleveland,211.0,,1904
Home Runs,Harry Davis,Philadelphia,10.0,,1904
On Base Percentage,Nap Lajoie,Cleveland,0.413,,1904
RBI,Nap Lajoie,Cleveland,102.0,,1904
Runs,Patsy Dougherty,Boston,113.0,,1904
Runs,Patsy Dougherty,New York,113.0,,1904
Slugging Average,Nap Lajoie,Cleveland,0.552,,1904
Stolen Bases,Harry Bay,Cleveland,38.0,,1904
Stolen Bases,Elmer Flick,Cleveland,38.0,,1904
Total Bases,Nap Lajoie,Cleveland,305.0,,1904
Triples,Joe Cassidy,Washington,19.0,,1904
Triples,Buck Freeman,Boston,19.0,,1904
Triples,Chick Stahl,Boston,19.0,,1904
1904 A.L. History | 1904 N.L. History | Year-by-Year History,1904 A.L. History | 1904 N.L. History | Year-by-Year History,1904 A.L. History | 1904 N.L. History | Year-by-Year History,,,1904
Complete Games,Jack Chesbro,New York,48.0,,1904
ERA,Addie Joss,Cleveland,1.59,,1904
Games,Jack Chesbro,New York,55.0,,1904
Saves,Case Patten,Washington,3.0,,1904
Shutouts,Cy Young,Boston,10.0,,1904
Strikeouts,Rube Waddell,Philadelphia,349.0,,1904
Winning Percentage,Jack Chesbro,New York,0.774,,1904
Wins,Jack Chesbro,New York,41.0,,1904
1904 A.L. History | 1904 N.L. History | Year-by-Year History,1904 A.L. History | 1904 N.L. History | Year-by-Year History,1904 A.L. History | 1904 N.L. History | Year-by-Year History,,,1904
1904 American League Team Standings,1904 American League Team Standings,1904 American League Team Standings,,,1904
Team | Roster,W,L,,,1904
Boston Americans,95,59,0.617,0.0,1904
New York Highlanders,92,59,0.609,,1904
Chicago White Sox,89,65,0.578,6.0,1904
Cleveland Blues,86,65,0.57,,1904
Philadelphia Athletics,81,70,0.536,,1904
St. Louis Browns,65,87,0.428,29.0,1904
Detroit Tigers,62,90,0.408,32.0,1904
Washington Senators,38,113,0.252,,1904
Team | Roster,W,L,,,1904
1904 American League Team Standings,1904 American League Team Standings,1904 American League Team Standings,,,1904
Base on Balls,Chicago,373,,,1904
Batting Average,Cleveland,.260,,,1904
Doubles,Cleveland,225,,,1904
Hits,New York,1354,,,1904
Home Runs,Philadelphia,31,,,1904
On Base Percentage,Cleveland,.308,,,1904
Runs,Cleveland,647,,,1904
Slugging Average,Cleveland,.354,,,1904
Stolen Bases,Chicago,216,,,1904
Triples,Boston,105,,,1904
Complete Games,Boston,148,,,1904
ERA,Boston,2.12,,,1904
Fewest Hits Allowed,Philadelphia,1149,,,1904
Fewest Home Runs Allowed,Cleveland,10,,,1904
Fewest Walks Allowed,Boston,233,,,1904
Saves,Washington,4,,,1904
Shutouts,Chicago,26,,,1904
Shutouts,Philadelphia,26,,,1904
Strikeouts,Philadelphia,887,,,1904
Base on Balls,Topsy Hartsel,Philadelphia,121.0,,1905
Batting Average,Elmer Flick,Cleveland,0.308,,1905
Doubles,Harry Davis,Philadelphia,47.0,,1905
Hits,George Stone,St. Louis,187.0,,1905
Home Runs,Harry Davis,Philadelphia,8.0,,1905
On Base Percentage,Topsy Hartsel,Philadelphia,0.409,,1905
RBI,Harry Davis,Philadelphia,83.0,,1905
Runs,Harry Davis,Philadelphia,93.0,,1905
Slugging Average,Elmer Flick,Cleveland,0.462,,1905
Stolen Bases,Danny Hoffman,Philadelphia,46.0,,1905
Total Bases,George Stone,St. Louis,259.0,,1905
Triples,Elmer Flick,Cleveland,18.0,,1905
Complete Games,Harry Howell,St. Louis,35.0,,1905
Complete Games,George Mullin,Detroit,35.0,,1905
Complete Games,Eddie Plank,Philadelphia,35.0,,1905
ERA,Rube Waddell,Philadelphia,1.48,,1905
Games,Rube Waddell,Philadelphia,46.0,,1905
Saves,Jim Buchanan,St. Louis,2.0,,1905
Shutouts,Ed Killian,Detroit,8.0,,1905
Strikeouts,Rube Waddell,Philadelphia,287.0,,1905
Winning Percentage,Rube Waddell,Philadelphia,0.73,,1905
Wins,Rube Waddell,Philadelphia,27.0,,1905
1905 American League Team Standings,1905 American League Team Standings,1905 American League Team Standings,,,1905
Team [Click for roster],Wins,Losses,,,1905
Philadelphia Athletics,92,56,0.622,0.0,1905
Chicago White Sox,92,60,0.605,2.0,1905
Detroit Tigers,79,74,0.516,,1905
Boston Americans,78,74,0.513,16.0,1905
Cleveland Naps,76,78,0.494,19.0,1905
New York Highlanders,71,78,0.477,,1905
Washington Senators,64,87,0.424,,1905
St. Louis Browns,54,99,0.353,,1905
Base on Balls,Boston,486,,,1905
Batting Average,Philadelphia,.255,,,1905
Doubles,Philadelphia,256,,,1905
Hits,Cleveland,1318,,,1905
Home Runs,Boston,29,,,1905
On Base Percentage,Philadelphia,.310,,,1905
Runs,Philadelphia,623,,,1905
Slugging Average,Philadelphia,.338,,,1905
Stolen Bases,New York,200,,,1905
Triples,Cleveland,72,,,1905
Complete Games,Cleveland,140,,,1905
ERA,Chicago,1.99,,,1905
Fewest Hits Allowed,Philadelphia,1137,,,1905
Fewest Home Runs Allowed,Chicago,11,,,1905
Fewest Home Runs Allowed,Detroit,11,,,1905
Fewest Walks Allowed,Boston,292,,,1905
Saves,New York,4,,,1905
Shutouts,Philadelphia,19,,,1905
Strikeouts,Philadelphia,895,,,1905
Base on Balls,Topsy Hartsel,Philadelphia,88.0,,1906
Batting Average,George Stone,St. Louis,0.358,,1906
Doubles,Nap Lajoie,Cleveland,48.0,,1906
Hits,Nap Lajoie,Cleveland,214.0,,1906
Home Runs,Harry Davis,Philadelphia,12.0,,1906
On Base Percentage,George Stone,St. Louis,0.417,,1906
RBI,Harry Davis,Philadelphia,96.0,,1906
Runs,Elmer Flick,Cleveland,98.0,,1906
Slugging Average,George Stone,St. Louis,0.501,,1906
Stolen Bases,John Anderson,Washington,39.0,,1906
Stolen Bases,Elmer Flick,Cleveland,39.0,,1906
Total Bases,George Stone,St. Louis,291.0,,1906
Triples,Elmer Flick,Cleveland,22.0,,1906
1906 A.L. History | 1906 N.L. History | Year-by-Year History,1906 A.L. History | 1906 N.L. History | Year-by-Year History,1906 A.L. History | 1906 N.L. History | Year-by-Year History,,,1906
Complete Games,Al Orth,New York,36.0,,1906
ERA,Doc White,Chicago,1.52,,1906
Games,Jack Chesbro,New York,49.0,,1906
Saves,Chief Bender,Philadelphia,3.0,,1906
Saves,Otto Hess,Cleveland,3.0,,1906
Shutouts,Ed Walsh,Chicago,10.0,,1906
Strikeouts,Rube Waddell,Philadelphia,196.0,,1906
Winning Percentage,Eddie Plank,Philadelphia,0.76,,1906
Wins,Al Orth,New York,27.0,,1906
1906 A.L. History | 1906 N.L. History | Year-by-Year History,1906 A.L. History | 1906 N.L. History | Year-by-Year History,1906 A.L. History | 1906 N.L. History | Year-by-Year History,,,1906
Team | Roster,W,L,,,1906
Chicago White Sox,93,58,0.616,0.0,1906
New York Highlanders,90,61,0.596,3.0,1906
Cleveland Naps,89,64,0.582,5.0,1906
Philadelphia Athletics,78,67,0.538,12.0,1906
St. Louis Browns,76,73,0.51,16.0,1906
Detroit Tigers,71,78,0.477,21.0,1906
Washington Senators,55,95,0.367,,1906
Boston Americans,49,105,0.318,,1906
Team | Roster,W,L,,,1906
1906 American League Team Standings,1906 American League Team Standings,1906 American League Team Standings,,,1906
Base on Balls,Chicago,453,,,1906
Batting Average,Cleveland,.279,,,1906
Doubles,Cleveland,240,,,1906
Hits,Cleveland,1514,,,1906
Home Runs,Philadelphia,32,,,1906
On Base Percentage,Cleveland,.325,,,1906
Runs,Cleveland,663,,,1906
Slugging Average,Cleveland,.357,,,1906
Stolen Bases,Washington,233,,,1906
Triples,New York,77,,,1906
Complete Games,Cleveland,133,,,1906
Complete Games,St. Louis,133,,,1906
ERA,Cleveland,2.09,,,1906
Fewest Hits Allowed,St. Louis,1132,,,1906
Fewest Home Runs Allowed,Philadelphia,9,,,1906
Fewest Walks Allowed,Chicago,255,,,1906
Saves,Boston,6,,,1906
Shutouts,Chicago,32,,,1906
Strikeouts,Philadelphia,749,,,1906
Base on Balls,Topsy Hartsel,Philadelphia,106.0,,1907
Batting Average,Ty Cobb,Detroit,0.35,,1907
Doubles,Harry Davis,Philadelphia,35.0,,1907
Hits,Ty Cobb,Detroit,212.0,,1907
Home Runs,Harry Davis,Philadelphia,8.0,,1907
On Base Percentage,Topsy Hartsel,Philadelphia,0.405,,1907
RBI,Ty Cobb,Detroit,119.0,,1907
Runs,Sam Crawford,Detroit,102.0,,1907
Slugging Average,Ty Cobb,Detroit,0.468,,1907
Stolen Bases,Ty Cobb,Detroit,49.0,,1907
Total Bases,Ty Cobb,Detroit,283.0,,1907
Triples,Elmer Flick,Cleveland,18.0,,1907
1907 N.L. | A.L. Retirements | A.L. Rookies | Year-by-Year,1907 N.L. | A.L. Retirements | A.L. Rookies | Year-by-Year,1907 N.L. | A.L. Retirements | A.L. Rookies | Year-by-Year,,,1907
Complete Games,Ed Walsh,Chicago,37.0,,1907
ERA,Ed Walsh,Chicago,1.6,,1907
Games,Ed Walsh,Chicago,56.0,,1907
Saves,Bill Dinneen,Philadelphia,4.0,,1907
Saves,Bill Dinneen,St. Louis,4.0,,1907
Saves,Tom Hughes,Washington,4.0,,1907
Saves,Ed Walsh,Chicago,4.0,,1907
Shutouts,Eddie Plank,Philadelphia,8.0,,1907
Strikeouts,Rube Waddell,Philadelphia,232.0,,1907
Winning Percentage,Bill Donovan,Detroit,0.862,,1907
Wins,Addie Joss,Cleveland,27.0,,1907
Wins,Doc White,Chicago,27.0,,1907
1907 N.L. | A.L. Retirements | A.L. Rookies | Year-by-Year,1907 N.L. | A.L. Retirements | A.L. Rookies | Year-by-Year,1907 N.L. | A.L. Retirements | A.L. Rookies | Year-by-Year,,,1907
Team | Roster,W,L,,,1907
Detroit Tigers,92,58,0.613,0.0,1907
Philadelphia Athletics,88,57,0.607,,1907
Chicago White Sox,87,64,0.576,,1907
Cleveland Naps,85,67,0.559,8.0,1907
New York Highlanders,70,78,0.473,21.0,1907
St. Louis Browns,69,83,0.454,24.0,1907
Boston Americans,59,90,0.396,,1907
Washington Senators,49,102,0.325,,1907
Team | Roster,W,L,,,1907
1907 American League Team Standings,1907 American League Team Standings,1907 American League Team Standings,,,1907
Base on Balls,Chicago,421,,,1907
Batting Average,Detroit,.266,,,1907
Doubles,Philadelphia,220,,,1907
Hits,Detroit,1383,,,1907
Home Runs,Philadelphia,22,,,1907
On Base Percentage,Detroit,.313,,,1907
Runs,Detroit,694,,,1907
Slugging Average,Detroit,.335,,,1907
Stolen Bases,Washington,223,,,1907
Triples,Detroit,75,,,1907
Complete Games,St. Louis,129,,,1907
ERA,Chicago,2.22,,,1907
Fewest Hits Allowed,Philadelphia,1106,,,1907
Fewest Home Runs Allowed,Cleveland,8,,,1907
Fewest Home Runs Allowed,Detroit,8,,,1907
Fewest Walks Allowed,Chicago,305,,,1907
Saves,Chicago,9,,,1907
Saves,St. Louis,9,,,1907
Shutouts,Philadelphia,27,,,1907
Strikeouts,Philadelphia,789,,,1907
Base on Balls,Topsy Hartsel,Philadelphia,93.0,,1908
Batting Average,Ty Cobb,Detroit,0.324,,1908
Doubles,Ty Cobb,Detroit,36.0,,1908
Hits,Ty Cobb,Detroit,188.0,,1908
Home Runs,Sam Crawford,Detroit,7.0,,1908
On Base Percentage,Doc Gessler,Boston,0.394,,1908
RBI,Ty Cobb,Detroit,108.0,,1908
Runs,Matty McIntyre,Detroit,105.0,,1908
Slugging Average,Ty Cobb,Detroit,0.476,,1908
Stolen Bases,Patsy Dougherty,Chicago,47.0,,1908
Total Bases,Ty Cobb,Detroit,276.0,,1908
Triples,Ty Cobb,Detroit,20.0,,1908
1908 N.L. | A.L. Retirements | A.L. Rookies | Year-by-Year,1908 N.L. | A.L. Retirements | A.L. Rookies | Year-by-Year,1908 N.L. | A.L. Retirements | A.L. Rookies | Year-by-Year,,,1908
Complete Games,Ed Walsh,Chicago,42.0,,1908
ERA,Addie Joss,Cleveland,1.16,,1908
Games,Ed Walsh,Chicago,66.0,,1908
Saves,Ed Walsh,Chicago,6.0,,1908
Shutouts,Ed Walsh,Chicago,11.0,,1908
Strikeouts,Ed Walsh,Chicago,269.0,,1908
Winning Percentage,Ed Walsh,Chicago,0.727,,1908
Wins,Ed Walsh,Chicago,40.0,,1908
1908 N.L. | A.L. Retirements | A.L. Rookies | Year-by-Year,1908 N.L. | A.L. Retirements | A.L. Rookies | Year-by-Year,1908 N.L. | A.L. Retirements | A.L. Rookies | Year-by-Year,,,1908
Team | Roster,W,L,,,1908
Detroit Tigers,90,63,0.588,0.0,1908
Cleveland Naps,90,64,0.584,,1908
Chicago White Sox,88,64,0.579,,1908
St. Louis Browns,83,69,0.546,,1908
Boston Red Sox,75,79,0.487,,1908
Philadelphia Athletics,68,85,0.444,22.0,1908
Washington Senators,67,85,0.441,,1908
New York Highlanders,51,103,0.331,,1908
Team | Roster,W,L,,,1908
1908 American League Team Standings,1908 American League Team Standings,1908 American League Team Standings,,,1908
Base on Balls,Chicago,463,,,1908
Batting Average,Detroit,.263,,,1908
Doubles,Detroit,199,,,1908
Hits,Detroit,1347,,,1908
Home Runs,Philadelphia,21,,,1908
On Base Percentage,Detroit,.312,,,1908
Runs,Detroit,647,,,1908
Slugging Average,Detroit,.347,,,1908
Stolen Bases,New York,231,,,1908
Triples,Boston,88,,,1908
Complete Games,Detroit,119,,,1908
ERA,Cleveland,2.02,,,1908
Fewest Hits Allowed,St. Louis,1151,,,1908
Fewest Home Runs Allowed,St. Louis,7,,,1908
Fewest Walks Allowed,Chicago,284,,,1908
Saves,Chicago,10,,,1908
Shutouts,Chicago,23,,,1908
Shutouts,Philadelphia,23,,,1908
Strikeouts,Philadelphia,741,,,1908
Base on Balls,Donie Bush,Detroit,88.0,,1909
Batting Average,Ty Cobb,Detroit,0.377,,1909
Doubles,Sam Crawford,Detroit,35.0,,1909
Hits,Ty Cobb,Detroit,216.0,,1909
Home Runs,Ty Cobb,Detroit,9.0,,1909
On Base Percentage,Ty Cobb,Detroit,0.431,,1909
RBI,Ty Cobb,Detroit,107.0,,1909
Runs,Ty Cobb,Detroit,116.0,,1909
Slugging Average,Ty Cobb,Detroit,0.517,,1909
Stolen Bases,Ty Cobb,Detroit,76.0,,1909
Total Bases,Ty Cobb,Detroit,296.0,,1909
Triples,Frank Baker,Philadelphia,19.0,,1909
1909 N.L. | A.L. Retirements | A.L. Rookies | Year-by-Year,1909 N.L. | A.L. Retirements | A.L. Rookies | Year-by-Year,1909 N.L. | A.L. Retirements | A.L. Rookies | Year-by-Year,,,1909
Complete Games,Frank Smith,Chicago,37.0,,1909
ERA,Harry Krause,Philadelphia,1.39,,1909
Games,Frank Smith,Chicago,51.0,,1909
Saves,Frank Arellanes,Boston,8.0,,1909
Shutouts,Ed Walsh,Chicago,8.0,,1909
Strikeouts,Frank Smith,Chicago,177.0,,1909
Winning Percentage,George Mullin,Detroit,0.784,,1909
Wins,George Mullin,Detroit,29.0,,1909
1909 N.L. | A.L. Retirements | A.L. Rookies | Year-by-Year,1909 N.L. | A.L. Retirements | A.L. Rookies | Year-by-Year,1909 N.L. | A.L. Retirements | A.L. Rookies | Year-by-Year,,,1909
Team | Roster,W,L,,,1909
Detroit Tigers,98,54,0.645,0.0,1909
Philadelphia Athletics,95,58,0.621,,1909
Boston Red Sox,88,63,0.583,,1909
Chicago White Sox,78,74,0.513,20.0,1909
New York Highlanders,74,77,0.49,,1909
Cleveland Naps,71,82,0.464,,1909
St. Louis Browns,61,89,0.407,36.0,1909
Washington Senators,42,110,0.276,56.0,1909
Team | Roster,W,L,,,1909
1909 American League Team Standings,1909 American League Team Standings,1909 American League Team Standings,,,1909
Base on Balls,Chicago,441,,,1909
Batting Average,Detroit,.267,,,1909
Doubles,Detroit,209,,,1909
Hits,Detroit,1360,,,1909
Home Runs,Philadelphia,21,,,1909
On Base Percentage,Detroit,.325,,,1909
Runs,Detroit,666,,,1909
Slugging Average,Philadelphia,.343,,,1909
Stolen Bases,Detroit,280,,,1909
Triples,Philadelphia,88,,,1909
Complete Games,Detroit,117,,,1909
ERA,Philadelphia,1.93,,,1909
Fewest Hits Allowed,Philadelphia,1069,,,1909
Fewest Home Runs Allowed,Chicago,8,,,1909
Fewest Walks Allowed,Chicago,340,,,1909
Saves,Boston,15,,,1909
Shutouts,Philadelphia,27,,,1909
Strikeouts,Philadelphia,728,,,1909
Base on Balls,Donie Bush,Detroit,78.0,,1910
Batting Average *,Nap Lajoie,Detroit,0.384,,1910
Doubles,Nap Lajoie,Cleveland,51.0,,1910
Hits,Nap Lajoie,Cleveland,227.0,,1910
Home Runs,Jake Stahl,Boston,10.0,,1910
On Base Percentage,Ty Cobb,Detroit,0.455,,1910
RBI,Sam Crawford,Detroit,120.0,,1910
Runs,Ty Cobb,Detroit,106.0,,1910
Slugging Average,Ty Cobb,Detroit,0.549,,1910
Stolen Bases,Eddie Collins,Philadelphia,81.0,,1910
Total Bases,Nap Lajoie,Cleveland,304.0,,1910
Triples,Sam Crawford,Detroit,19.0,,1910
1910 N.L. | A.L. Retirements | A.L. Rookies | Year-by-Year,1910 N.L. | A.L. Retirements | A.L. Rookies | Year-by-Year,1910 N.L. | A.L. Retirements | A.L. Rookies | Year-by-Year,,,1910
Complete Games,Walter Johnson,Washington,38.0,,1910
ERA,Ed Walsh,Chicago,1.27,,1910
Games,Ed Walsh,Chicago,45.0,,1910
Games,Jack Coombs,Philadelphia,45.0,,1910
Games,Walter Johnson,Washington,45.0,,1910
Saves,Ed Walsh,Chicago,5.0,,1910
Shutouts,Jack Coombs,Philadelphia,13.0,,1910
Strikeouts,Walter Johnson,Washington,313.0,,1910
Winning Percentage,Chief Bender,Philadelphia,0.821,,1910
Wins,Jack Coombs,Philadelphia,31.0,,1910
1910 N.L. | A.L. Retirements | A.L. Rookies | Year-by-Year,1910 N.L. | A.L. Retirements | A.L. Rookies | Year-by-Year,1910 N.L. | A.L. Retirements | A.L. Rookies | Year-by-Year,,,1910
Team | Roster,W,L,,,1910
Philadelphia Athletics,102,48,0.68,0.0,1910
New York Highlanders,88,63,0.583,,1910
Detroit Tigers,86,68,0.558,18.0,1910
Boston Red Sox,81,72,0.529,,1910
Cleveland Naps,71,81,0.467,32.0,1910
Chicago White Sox,68,85,0.444,,1910
Washington Senators,66,85,0.437,,1910
St. Louis Browns,47,107,0.305,57.0,1910
Team | Roster,W,L,,,1910
1910 American League Team Standings,1910 American League Team Standings,1910 American League Team Standings,,,1910
Base on Balls,New York,464,,,1910
Batting Average,Philadelphia,.266,,,1910
Doubles,Philadelphia,191,,,1910
Hits,Philadelphia,1373,,,1910
Home Runs,Boston,43,,,1910
On Base Percentage,Detroit,.329,,,1910
Runs,Detroit,679,,,1910
Slugging Average,Philadelphia,.355,,,1910
Stolen Bases,New York,288,,,1910
Triples,Philadelphia,105,,,1910
Complete Games,Philadelphia,123,,,1910
ERA,Philadelphia,1.79,,,1910
Fewest Hits Allowed,Philadelphia,1103,,,1910
Fewest Home Runs Allowed,Philadelphia,8,,,1910
Fewest Walks Allowed,New York,364,,,1910
Saves,New York,8,,,1910
Shutouts,Philadelphia,24,,,1910
Strikeouts,Philadelphia,789,,,1910
Base on Balls,Donie Bush,Detroit,98.0,,1911
Batting Average,Ty Cobb,Detroit,0.419,,1911
Doubles,Ty Cobb,Detroit,47.0,,1911
Hits,Ty Cobb,Detroit,248.0,,1911
Home Runs,Frank Baker,Philadelphia,11.0,,1911
On Base Percentage,Joe Jackson,Cleveland,0.468,,1911
RBI,Ty Cobb,Detroit,127.0,,1911
Runs,Ty Cobb,Detroit,147.0,,1911
Slugging Average,Ty Cobb,Detroit,0.62,,1911
Stolen Bases,Ty Cobb,Detroit,83.0,,1911
Total Bases,Ty Cobb,Detroit,367.0,,1911
Triples,Ty Cobb,Detroit,24.0,,1911
1911 A.L. History | 1911 N.L. History | Year-by-Year History,1911 A.L. History | 1911 N.L. History | Year-by-Year History,1911 A.L. History | 1911 N.L. History | Year-by-Year History,,,1911
Complete Games,Walter Johnson,Washington,36.0,,1911
ERA,Vean Gregg,Cleveland,1.8,,1911
Games,Ed Walsh,Chicago,56.0,,1911
Saves,Charley Hall,Boston,4.0,,1911
Saves,Eddie Plank,Philadelphia,4.0,,1911
Saves,Ed Walsh,Chicago,4.0,,1911
Shutouts,Eddie Plank,Philadelphia,6.0,,1911
Shutouts,Walter Johnson,Washington,6.0,,1911
Strikeouts,Ed Walsh,Chicago,255.0,,1911
Winning Percentage,Chief Bender,Philadelphia,0.773,,1911
Wins,Jack Coombs,Philadelphia,28.0,,1911
1911 A.L. History | 1911 N.L. History | Year-by-Year History,1911 A.L. History | 1911 N.L. History | Year-by-Year History,1911 A.L. History | 1911 N.L. History | Year-by-Year History,,,1911
Team | Roster,W,L,,,1911
Philadelphia Athletics,101,50,0.669,0.0,1911
Detroit Tigers,89,65,0.578,,1911
Cleveland Naps,80,73,0.523,22.0,1911
Chicago White Sox,77,74,0.51,24.0,1911
Boston Red Sox,78,75,0.51,24.0,1911
New York Highlanders,76,76,0.5,,1911
Washington Senators,64,90,0.416,,1911
St. Louis Browns,45,107,0.296,,1911
Team | Roster,W,L,,,1911
American League Team Standings,American League Team Standings,American League Team Standings,,,1911
Base on Balls,Boston,506,,,1911
Batting Average,Philadelphia,.296,,,1911
Doubles,Cleveland,238,,,1911
Hits,Detroit,1544,,,1911
Home Runs,Boston,35,,,1911
Home Runs,Philadelphia,35,,,1911
On Base Percentage,Philadelphia,.357,,,1911
Runs,Philadelphia,861,,,1911
Slugging Average,Philadelphia,.398,,,1911
Stolen Bases,Detroit,276,,,1911
Triples,Detroit,96,,,1911
Triples,New York,96,,,1911
Complete Games,Detroit,108,,,1911
ERA,Boston,2.74,,,1911
Fewest Hits Allowed,Boston,1309,,,1911
Fewest Home Runs Allowed,Cleveland,17,,,1911
Fewest Home Runs Allowed,Philadelphia,17,,,1911
Fewest Walks Allowed,Chicago,384,,,1911
Saves,Philadelphia,13,,,1911
Shutouts,Chicago,17,,,1911
Strikeouts,Chicago,752,,,1911
Base on Balls,Donie Bush,Detroit,117.0,,1912
Batting Average,Ty Cobb,Detroit,0.409,,1912
Doubles,Tris Speaker,Boston,53.0,,1912
Hits,Ty Cobb,Detroit,226.0,,1912
Hits,Joe Jackson,Cleveland,226.0,,1912
Home Runs,Frank Baker,Philadelphia,10.0,,1912
Home Runs,Tris Speaker,Boston,10.0,,1912
On Base Percentage,Tris Speaker,Boston,0.464,,1912
RBI,Frank Baker,Philadelphia,130.0,,1912
Runs,Eddie Collins,Philadelphia,137.0,,1912
Slugging Average,Ty Cobb,Detroit,0.584,,1912
Stolen Bases,Clyde Milan,Washington,88.0,,1912
Total Bases,Joe Jackson,Cleveland,331.0,,1912
Triples,Joe Jackson,Cleveland,26.0,,1912
1912 N.L. | A.L. Retirements | A.L. Rookies | Year-by-Year,1912 N.L. | A.L. Retirements | A.L. Rookies | Year-by-Year,1912 N.L. | A.L. Retirements | A.L. Rookies | Year-by-Year,,,1912
Complete Games,Smoky Joe Wood,Boston,35.0,,1912
ERA,Walter Johnson,Washington,1.39,,1912
Games,Ed Walsh,Chicago,62.0,,1912
Saves,Ed Walsh,Chicago,10.0,,1912
Shutouts,Smoky Joe Wood,Boston,10.0,,1912
Strikeouts,Walter Johnson,Washington,303.0,,1912
Winning Percentage,Smoky Joe Wood,Boston,0.872,,1912
Wins,Smoky Joe Wood,Boston,34.0,,1912
1912 N.L. | A.L. Retirements | A.L. Rookies | Year-by-Year,1912 N.L. | A.L. Retirements | A.L. Rookies | Year-by-Year,1912 N.L. | A.L. Retirements | A.L. Rookies | Year-by-Year,,,1912
Team | Roster,W,L,,,1912
Boston Red Sox,105,47,0.691,0.0,1912
Washington Senators,91,61,0.599,14.0,1912
Philadelphia Athletics,90,62,0.592,15.0,1912
Chicago White Sox,78,76,0.506,28.0,1912
Cleveland Naps,75,78,0.49,,1912
Detroit Tigers,69,84,0.451,,1912
St. Louis Browns,53,101,0.344,53.0,1912
New York Highlanders,50,102,0.329,55.0,1912
Team | Roster,W,L,,,1912
American League Team Standings,American League Team Standings,American League Team Standings,,,1912
Base on Balls,Boston,565,,,1912
Batting Average,Philadelphia,.282,,,1912
Doubles,Boston,269,,,1912
Hits,Philadelphia,1442,,,1912
Home Runs,Boston,29,,,1912
On Base Percentage,Boston,.355,,,1912
Runs,Boston,799,,,1912
Slugging Average,Boston,.380,,,1912
Stolen Bases,Washington,274,,,1912
Triples,Philadelphia,108,,,1912
Complete Games,Boston,108,,,1912
ERA,Washington,2.69,,,1912
Fewest Hits Allowed,Washington,1219,,,1912
Fewest Home Runs Allowed,Philadelphia,12,,,1912
Fewest Walks Allowed,Boston,385,,,1912
Saves,Chicago,16,,,1912
Shutouts,Boston,18,,,1912
Strikeouts,Washington,828,,,1912
Base on Balls,Burt Shotton,St. Louis,99.0,,1913
Batting Average,Ty Cobb,Detroit,0.389,,1913
Doubles,Joe Jackson,Cleveland,39.0,,1913
Hits,Joe Jackson,Cleveland,197.0,,1913
Home Runs,Frank Baker,Philadelphia,12.0,,1913
On Base Percentage,Ty Cobb,Detroit,0.466,,1913
RBI,Frank Baker,Philadelphia,117.0,,1913
Runs,Eddie Collins,Philadelphia,125.0,,1913
Slugging Average,Joe Jackson,Cleveland,0.551,,1913
Stolen Bases,Clyde Milan,Washington,75.0,,1913
Total Bases,Sam Crawford,Detroit,298.0,,1913
Triples,Sam Crawford,Detroit,23.0,,1913
1913 A.L. History | 1913 N.L. History | Year-by-Year History,1913 A.L. History | 1913 N.L. History | Year-by-Year History,1913 A.L. History | 1913 N.L. History | Year-by-Year History,,,1913
Complete Games,Walter Johnson,Washington,29.0,,1913
ERA,Walter Johnson,Washington,1.14,,1913
Games,Reb Russell,Chicago,52.0,,1913
Saves,Chief Bender,Philadelphia,13.0,,1913
Shutouts,Walter Johnson,Washington,11.0,,1913
Strikeouts,Walter Johnson,Washington,243.0,,1913
Winning Percentage,Walter Johnson,Washington,0.837,,1913
Wins,Walter Johnson,Washington,36.0,,1913
1913 A.L. History | 1913 N.L. History | Year-by-Year History,1913 A.L. History | 1913 N.L. History | Year-by-Year History,1913 A.L. History | 1913 N.L. History | Year-by-Year History,,,1913
Team | Roster,W,L,,,1913
Philadelphia Athletics,96,57,0.627,0.0,1913
Washington Senators,90,64,0.584,,1913
Cleveland Naps,86,66,0.566,,1913
Boston Red Sox,79,71,0.527,,1913
Chicago White Sox,78,74,0.513,,1913
Detroit Tigers,66,87,0.431,30.0,1913
New York Yankees,57,94,0.377,38.0,1913
St. Louis Browns,57,96,0.373,39.0,1913
Team | Roster,W,L,,,1913
1913 American League Final Standings,1913 American League Final Standings,1913 American League Final Standings,,,1913
Base on Balls,New York,534,,,1913
Base on Balls,Philadelphia,534,,,1913
Batting Average,Philadelphia,.280,,,1913
Doubles,Philadelphia,223,,,1913
Hits,Philadelphia,1412,,,1913
Home Runs,Philadelphia,33,,,1913
On Base Percentage,Philadelphia,.356,,,1913
Runs,Philadelphia,794,,,1913
Slugging Average,Philadelphia,.375,,,1913
Stolen Bases,Washington,287,,,1913
Triples,Boston,101,,,1913
Triples,Detroit,101,,,1913
Complete Games,St. Louis,104,,,1913
ERA,Chicago,2.33,,,1913
Fewest Hits Allowed,Washington,1177,,,1913
Fewest Home Runs Allowed,Boston,6,,,1913
Fewest Walks Allowed,Chicago,438,,,1913
Saves,Philadelphia,22,,,1913
Shutouts,Washington,23,,,1913
Strikeouts,Washington,758,,,1913
Base on Balls,Donie Bush,Detroit,112.0,,1914
Batting Average,Ty Cobb *,Detroit,0.368,,1914
Doubles,Tris Speaker,Boston,46.0,,1914
Hits,Tris Speaker,Boston,193.0,,1914
Home Runs,Frank Baker,Philadelphia,9.0,,1914
On Base Percentage,Eddie Collins,Philadelphia,0.452,,1914
RBI,Sam Crawford,Detroit,104.0,,1914
Runs,Eddie Collins,Philadelphia,122.0,,1914
Slugging Average,Tris Speaker,Boston,0.503,,1914
Stolen Bases,Fritz Maisel,New York,74.0,,1914
Total Bases,Tris Speaker,Boston,287.0,,1914
Triples,Sam Crawford,Detroit,26.0,,1914
1914 N.L. | A.L. Retirements | A.L. Rookies | Year-by-Year,1914 N.L. | A.L. Retirements | A.L. Rookies | Year-by-Year,1914 N.L. | A.L. Retirements | A.L. Rookies | Year-by-Year,,,1914
Complete Games,Walter Johnson,Washington,33.0,,1914
ERA,Dutch Leonard,Boston,0.96,,1914
Games,Walter Johnson,Washington,51.0,,1914
Saves,Jack Bentley,Washington,4.0,,1914
Saves,Hooks Dauss,Detroit,4.0,,1914
Saves,Red Faber,Chicago,4.0,,1914
Saves,Roy Mitchell,St. Louis,4.0,,1914
Saves,Jim Shaw,Washington,4.0,,1914
Shutouts,Walter Johnson,Washington,9.0,,1914
Strikeouts,Walter Johnson,Washington,225.0,,1914
Winning Percentage,Chief Bender,Philadelphia,0.85,,1914
Wins,Walter Johnson,Washington,28.0,,1914
1914 N.L. | A.L. Retirements | A.L. Rookies | Year-by-Year,1914 N.L. | A.L. Retirements | A.L. Rookies | Year-by-Year,1914 N.L. | A.L. Retirements | A.L. Rookies | Year-by-Year,,,1914
Team | Roster,W,L,,,1914
Philadelphia Athletics,99,53,0.651,0.0,1914
Boston Red Sox,91,62,0.595,,1914
Washington Senators,81,73,0.526,19.0,1914
Detroit Tigers,80,73,0.523,,1914
St. Louis Browns,71,82,0.464,,1914
New York Yankees,70,84,0.455,30.0,1914
Chicago White Sox,70,84,0.455,30.0,1914
Cleveland Naps,51,102,0.333,,1914
Team | Roster,W,L,,,1914
Base on Balls,New York,577,,,1914
Batting Average,Philadelphia,.272,,,1914
Doubles,Boston,226,,,1914
Hits,Philadelphia,1392,,,1914
Home Runs,Philadelphia,29,,,1914
On Base Percentage,Philadelphia,.348,,,1914
Runs,Philadelphia,749,,,1914
Slugging Average,Philadelphia,.352,,,1914
Stolen Bases,New York,251,,,1914
Triples,Boston,85,,,1914
Complete Games,New York,98,,,1914
ERA,Boston,2.36,,,1914
Fewest Hits Allowed,Washington,1170,,,1914
Fewest Home Runs Allowed,Cleveland,10,,,1914
Fewest Walks Allowed,New York,390,,,1914
Saves,Washington,20,,,1914
Shutouts,Washington,25,,,1914
Strikeouts,Washington,784,,,1914
Base on Balls,Eddie Collins,Chicago,119.0,,1915
Batting Average,Ty Cobb,Detroit,0.369,,1915
Doubles,Bobby Veach,Detroit,40.0,,1915
Hits,Ty Cobb,Detroit,208.0,,1915
Home Runs,Braggo Roth,Chicago,7.0,,1915
Home Runs,Braggo Roth,Cleveland,7.0,,1915
On Base Percentage,Ty Cobb,Detroit,0.486,,1915
RBI,Sam Crawford,Detroit,112.0,,1915
RBI,Bobby Veach,Detroit,112.0,,1915
Runs,Ty Cobb,Detroit,144.0,,1915
Slugging Average,Jack Fournier,Chicago,0.491,,1915
Stolen Bases,Ty Cobb,Detroit,96.0,,1915
Total Bases,Ty Cobb,Detroit,274.0,,1915
Triples,Sam Crawford,Detroit,19.0,,1915
1915 N.L. | A.L. Retirements | A.L. Rookies | Year-by-Year,1915 N.L. | A.L. Retirements | A.L. Rookies | Year-by-Year,1915 N.L. | A.L. Retirements | A.L. Rookies | Year-by-Year,,,1915
Complete Games,Walter Johnson,Washington,35.0,,1915
ERA,Smoky Joe Wood,Boston,1.49,,1915
Games,Harry Coveleski,Detroit,50.0,,1915
Games,Red Faber,Chicago,50.0,,1915
Saves,Carl Mays,Boston,7.0,,1915
Shutouts,Walter Johnson,Washington,7.0,,1915
Shutouts,Jim Scott,Chicago,7.0,,1915
Strikeouts,Walter Johnson,Washington,203.0,,1915
Winning Percentage,Smoky Joe Wood,Boston,0.75,,1915
Wins,Walter Johnson,Washington,27.0,,1915
1915 N.L. | A.L. Retirements | A.L. Rookies | Year-by-Year,1915 N.L. | A.L. Retirements | A.L. Rookies | Year-by-Year,1915 N.L. | A.L. Retirements | A.L. Rookies | Year-by-Year,,,1915
Team | Roster,W,L,,,1915
Boston Red Sox,101,50,0.669,0.0,1915
Detroit Tigers,100,54,0.649,,1915
Chicago White Sox,93,61,0.604,,1915
Washington Senators,85,68,0.556,17.0,1915
New York Yankees,69,83,0.454,,1915
St. Louis Browns,63,91,0.409,,1915
Cleveland Indians,57,95,0.375,,1915
Philadelphia Athletics,43,109,0.283,,1915
Team | Roster,W,L,,,1915
Base on Balls,Detroit,681,,,1915
Batting Average,Detroit,.268,,,1915
Doubles,Detroit,207,,,1915
Hits,Detroit,1372,,,1915
Home Runs,New York,31,,,1915
On Base Percentage,Detroit,.357,,,1915
Runs,Detroit,778,,,1915
Slugging Average,Detroit,.358,,,1915
Stolen Bases,Detroit,241,,,1915
Triples,Chicago,102,,,1915
Complete Games,New York,101,,,1915
ERA,Washington,2.31,,,1915
Fewest Hits Allowed,Washington,1161,,,1915
Fewest Home Runs Allowed,Washington,12,,,1915
Fewest Walks Allowed,Chicago,350,,,1915
Saves,Detroit,20,,,1915
Shutouts,Washington,21,,,1915
Strikeouts,Washington,715,,,1915
Base on Balls,Burt Shotton,St. Louis,110.0,,1916
Batting Average,Tris Speaker,Cleveland,0.386,,1916
Doubles,Jack Graney,Cleveland,41.0,,1916
Doubles,Tris Speaker,Cleveland,41.0,,1916
Hits,Tris Speaker,Cleveland,211.0,,1916
Home Runs,Wally Pipp,New York,12.0,,1916
On Base Percentage,Tris Speaker,Cleveland,0.47,,1916
RBI,Del Pratt,St. Louis,103.0,,1916
Runs,Ty Cobb,Detroit,113.0,,1916
Slugging Average,Tris Speaker,Cleveland,0.502,,1916
Stolen Bases,Ty Cobb,Detroit,68.0,,1916
Total Bases,Joe Jackson,Chicago,293.0,,1916
Triples,Joe Jackson,Chicago,21.0,,1916
1916 N.L. | A.L. Retirements | A.L. Rookies | Year-by-Year,1916 N.L. | A.L. Retirements | A.L. Rookies | Year-by-Year,1916 N.L. | A.L. Retirements | A.L. Rookies | Year-by-Year,,,1916
Complete Games,Walter Johnson,Washington,36.0,,1916
ERA,Babe Ruth,Boston,1.75,,1916
Games,Dave Davenport,St. Louis,59.0,,1916
Saves,Bob Shawkey,New York,8.0,,1916
Shutouts,Babe Ruth,Boston,9.0,,1916
Strikeouts,Walter Johnson,Washington,228.0,,1916
Winning Percentage,Nick Cullop,New York,0.684,,1916
Wins,Walter Johnson,Washington,25.0,,1916
1916 N.L. | A.L. Retirements | A.L. Rookies | Year-by-Year,1916 N.L. | A.L. Retirements | A.L. Rookies | Year-by-Year,1916 N.L. | A.L. Retirements | A.L. Rookies | Year-by-Year,,,1916
Team | Roster,W,L,,,1916
Boston Red Sox,91,63,0.591,0.0,1916
Chicago White Sox,89,65,0.578,2.0,1916
Detroit Tigers,87,67,0.565,4.0,1916
New York Yankees,80,74,0.519,11.0,1916
St. Louis Browns,79,75,0.513,12.0,1916
Cleveland Indians,77,77,0.5,14.0,1916
Washington Senators,76,77,0.497,,1916
Philadelphia Athletics,36,117,0.235,,1916
Team | Roster,W,L,,,1916
Base on Balls,St. Louis,626,,,1916
Batting Average,Detroit,.264,,,1916
Doubles,Cleveland,233,,,1916
Hits,Detroit,1371,,,1916
Home Runs,New York,35,,,1916
On Base Percentage,Detroit,.337,,,1916
Runs,Detroit,673,,,1916
Slugging Average,Detroit,.350,,,1916
Stolen Bases,St. Louis,234,,,1916
Triples,Chicago,100,,,1916
Complete Games,Philadelphia,94,,,1916
ERA,Chicago,2.36,,,1916
Fewest Hits Allowed,Chicago,1189,,,1916
Fewest Home Runs Allowed,Boston,10,,,1916
Fewest Walks Allowed,Chicago,405,,,1916
Saves,New York,17,,,1916
Shutouts,Boston,24,,,1916
Strikeouts,Washington,706,,,1916
Base on Balls,Jack Graney,Cleveland,94.0,,1917
Batting Average,Ty Cobb,Detroit,0.383,,1917
Doubles,Ty Cobb,Detroit,44.0,,1917
Hits,Ty Cobb,Detroit,225.0,,1917
Home Runs,Wally Pipp,New York,9.0,,1917
On Base Percentage,Ty Cobb,Detroit,0.444,,1917
RBI,Bobby Veach,Detroit,103.0,,1917
Runs,Donie Bush,Detroit,112.0,,1917
Slugging Average,Ty Cobb,Detroit,0.57,,1917
Stolen Bases,Ty Cobb,Detroit,55.0,,1917
Total Bases,Ty Cobb,Detroit,335.0,,1917
Triples,Ty Cobb,Detroit,24.0,,1917
1917 N.L. | A.L. Retirements | A.L. Rookies | Year-by-Year,1917 N.L. | A.L. Retirements | A.L. Rookies | Year-by-Year,1917 N.L. | A.L. Retirements | A.L. Rookies | Year-by-Year,,,1917
Complete Games,Babe Ruth,Boston,35.0,,1917
ERA,Eddie Cicotte,Chicago,1.53,,1917
Games,Dave Danforth,Chicago,50.0,,1917
Saves,Dave Danforth,Chicago,9.0,,1917
Shutouts,Stan Coveleski,Cleveland,9.0,,1917
Strikeouts,Walter Johnson,Washington,188.0,,1917
Winning Percentage,Ed Klepfer,Cleveland,0.778,,1917
Wins,Eddie Cicotte,Chicago,28.0,,1917
1917 N.L. | A.L. Retirements | A.L. Rookies | Year-by-Year,1917 N.L. | A.L. Retirements | A.L. Rookies | Year-by-Year,1917 N.L. | A.L. Retirements | A.L. Rookies | Year-by-Year,,,1917
Team | Roster,W,L,,,1917
Chicago White Sox,100,54,0.649,0.0,1917
Boston Red Sox,90,62,0.592,9.0,1917
Cleveland Indians,88,66,0.571,12.0,1917
Detroit Tigers,78,75,0.51,,1917
Washington Senators,74,79,0.484,,1917
New York Yankees,71,82,0.464,,1917
St. Louis Browns,57,97,0.37,43.0,1917
Philadelphia Athletics,55,98,0.359,,1917
Team | Roster,W,L,,,1917
Base on Balls,Cleveland,549,,,1917
Batting Average,Detroit,.259,,,1917
Doubles,Cleveland,218,,,1917
Hits,Detroit,1317,,,1917
Home Runs,New York,27,,,1917
On Base Percentage,Chicago,.329,,,1917
Runs,Chicago,656,,,1917
Slugging Average,Detroit,.344,,,1917
Stolen Bases,Chicago,219,,,1917
Triples,Chicago,81,,,1917
Complete Games,Boston,115,,,1917
ERA,Chicago,2.16,,,1917
Fewest Hits Allowed,Boston,1197,,,1917
Fewest Home Runs Allowed,Chicago,10,,,1917
Fewest Walks Allowed,Boston,413,,,1917
Fewest Walks Allowed,Chicago,413,,,1917
Saves,Cleveland,22,,,1917
Shutouts,Chicago,22,,,1917
Strikeouts,Washington,637,,,1917
Base on Balls,Ray Chapman,Cleveland,84.0,,1918
Batting Average,Ty Cobb,Detroit,0.382,,1918
Doubles,Tris Speaker,Cleveland,33.0,,1918
Hits,George Burns,Philadelphia,178.0,,1918
Home Runs,Babe Ruth,Boston,11.0,,1918
Home Runs,Tilly Walker,Philadelphia,11.0,,1918
On Base Percentage,Ty Cobb,Detroit,0.44,,1918
RBI,Bobby Veach,Detroit,78.0,,1918
Runs,Ray Chapman,Cleveland,84.0,,1918
Slugging Average,Babe Ruth,Boston,0.555,,1918
Stolen Bases,George Sisler,St. Louis,45.0,,1918
Total Bases,George Burns,Philadelphia,236.0,,1918
Triples,Ty Cobb,Detroit,14.0,,1918
1918 N.L. | A.L. Retirements | A.L. Rookies | Year-by-Year,1918 N.L. | A.L. Retirements | A.L. Rookies | Year-by-Year,1918 N.L. | A.L. Retirements | A.L. Rookies | Year-by-Year,,,1918
Complete Games,Carl Mays,Boston,30.0,,1918
Complete Games,Scott Perry,Philadelphia,30.0,,1918
ERA,Walter Johnson,Washington,1.27,,1918
Games,Jim Bagby,Cleveland,45.0,,1918
Games,George Mogridge,New York,45.0,,1918
Saves,George Mogridge,New York,7.0,,1918
Shutouts,Walter Johnson,Washington,8.0,,1918
Shutouts,Carl Mays,Boston,8.0,,1918
Strikeouts,Walter Johnson,Washington,162.0,,1918
Winning Percentage,Sam Jones,Boston,0.762,,1918
Wins,Walter Johnson,Washington,23.0,,1918
1918 N.L. | A.L. Retirements | A.L. Rookies | Year-by-Year,1918 N.L. | A.L. Retirements | A.L. Rookies | Year-by-Year,1918 N.L. | A.L. Retirements | A.L. Rookies | Year-by-Year,,,1918
Team | Roster,W,L,,,1918
Boston Red Sox,75,51,0.595,0.0,1918
Cleveland Indians,73,54,0.575,,1918
Washington Senators,72,56,0.563,4.0,1918
New York Yankees,60,63,0.488,,1918
St. Louis Browns,58,64,0.475,15.0,1918
Chicago White Sox,57,67,0.46,17.0,1918
Detroit Tigers,55,71,0.437,20.0,1918
Philadelphia Athletics,52,76,0.406,24.0,1918
Team | Roster,W,L,,,1918
Final 1918 AL Official Standings,Final 1918 AL Official Standings,Final 1918 AL Official Standings,,,1918
Base on Balls,Cleveland,491,,,1918
Batting Average,Cleveland,.260,,,1918
Doubles,Cleveland,176,,,1918
Hits,Washington,1144,,,1918
Home Runs,Philadelphia,22,,,1918
On Base Percentage,Cleveland,.344,,,1918
Runs,Cleveland,504,,,1918
Slugging Average,Cleveland,.341,,,1918
Stolen Bases,Cleveland,165,,,1918
Triples,Cleveland,67,,,1918
Complete Games,Boston,105,,,1918
ERA,Washington,2.14,,,1918
Fewest Hits Allowed,Boston,931,,,1918
Fewest Home Runs Allowed,Boston,9,,,1918
Fewest Home Runs Allowed,Chicago,9,,,1918
Fewest Home Runs Allowed,Cleveland,9,,,1918
Fewest Walks Allowed,Chicago,300,,,1918
Saves,Cleveland,13,,,1918
Saves,New York,13,,,1918
Shutouts,Boston,26,,,1918
Strikeouts,Washington,505,,,1918
Base on Balls,Jack Graney,Cleveland,105.0,,1919
Batting Average,Ty Cobb,Detroit,0.384,,1919
Doubles,BobbyVeach,Detroit,45.0,,1919
Hits,Ty Cobb,Detroit,191.0,,1919
Hits,BobbyVeach,Detroit,191.0,,1919
Home Runs,Babe Ruth,Boston,29.0,,1919
On Base Percentage,Babe Ruth,Boston,0.456,,1919
RBI,Babe Ruth,Boston,114.0,,1919
Runs,Babe Ruth,Boston,103.0,,1919
Slugging Average,Babe Ruth,Boston,0.657,,1919
Stolen Bases,Eddie Collins,Chicago,33.0,,1919
Total Bases,Babe Ruth,Boston,284.0,,1919
Triples,BobbyVeach,Detroit,17.0,,1919
1919 N.L. | A.L. Retirements | A.L. Rookies | Year-by-Year,1919 N.L. | A.L. Retirements | A.L. Rookies | Year-by-Year,1919 N.L. | A.L. Retirements | A.L. Rookies | Year-by-Year,,,1919
Complete Games,Eddie Cicotte,Chicago,30.0,,1919
ERA,Walter Johnson,Washington,1.49,,1919
Games,Jim Shaw,Washington,45.0,,1919
Saves,Allan Russell,New York,5.0,,1919
Saves,Allan Russell,Boston,5.0,,1919
Saves,Bob Shawkey,New York,5.0,,1919
Saves,Jim Shaw,Washington,5.0,,1919
Shutouts,Walter Johnson,Washington,7.0,,1919
Strikeouts,Walter Johnson,Washington,147.0,,1919
Winning Percentage,Eddie Cicotte,Chicago,0.806,,1919
Wins,Eddie Cicotte,Chicago,29.0,,1919
1919 N.L. | A.L. Retirements | A.L. Rookies | Year-by-Year,1919 N.L. | A.L. Retirements | A.L. Rookies | Year-by-Year,1919 N.L. | A.L. Retirements | A.L. Rookies | Year-by-Year,,,1919
Team | Roster,W,L,,,1919
Chicago White Sox,88,52,0.629,0.0,1919
Cleveland Indians,84,55,0.604,,1919
New York Yankees,80,59,0.576,,1919
Detroit Tigers,80,60,0.571,8.0,1919
St. Louis Browns,67,72,0.482,,1919
Boston Red Sox,66,71,0.482,,1919
Washington Senators,56,84,0.4,32.0,1919
Philadelphia Athletics,36,104,0.257,52.0,1919
Team | Roster,W,L,,,1919
Final 1919 AL Official Standings,Final 1919 AL Official Standings,Final 1919 AL Official Standings,,,1919
Base on Balls,Cleveland,498,,,1919
Batting Average,Chicago,.287,,,1919
Doubles,Cleveland,254,,,1919
Hits,Chicago,1343,,,1919
Home Runs,New York,45,,,1919
On Base Percentage,Cleveland,.354,,,1919
Runs,Chicago,667,,,1919
Slugging Average,Cleveland,.381,,,1919
Stolen Bases,Chicago,150,,,1919
Triples,Detroit,84,,,1919
Complete Games,Boston,89,,,1919
ERA,New York,2.82,,,1919
Fewest Hits Allowed,New York,1143,,,1919
Fewest Home Runs Allowed,Boston,16,,,1919
Fewest Walks Allowed,Chicago,342,,,1919
Saves,Cleveland,10,,,1919
Saves,Washington,10,,,1919
Shutouts,Boston,15,,,1919
Strikeouts,Washington,536,,,1919
Base on Balls,Babe Ruth,New York,150.0,,1920
Batting Average,George Sisler,St. Louis,0.407,,1920
Doubles,Tris Speaker,Cleveland,50.0,,1920
Hits,George Sisler,St. Louis,257.0,,1920
Home Runs,Babe Ruth,New York,54.0,,1920
On Base Percentage,Babe Ruth,New York,0.532,,1920
RBI,Babe Ruth,New York,137.0,,1920
Runs,Babe Ruth,New York,158.0,,1920
Slugging Average,Babe Ruth,New York,0.847,,1920
Stolen Bases,Sam Rice,Washington,63.0,,1920
Total Bases,George Sisler,St. Louis,399.0,,1920
Triples,Joe Jackson,Chicago,20.0,,1920
1920 N.L. | A.L. Retirements | A.L. Rookies | Year-by-Year,1920 N.L. | A.L. Retirements | A.L. Rookies | Year-by-Year,1920 N.L. | A.L. Retirements | A.L. Rookies | Year-by-Year,,,1920
Complete Games,Jim Bagby,Cleveland,30.0,,1920
ERA,Bob Shawkey,New York,2.45,,1920
Games,Jim Bagby,Cleveland,48.0,,1920
Saves,Dickie Kerr,Chicago,5.0,,1920
Saves,Urban Shocker,St. Louis,5.0,,1920
Shutouts,Carl Mays,New York,6.0,,1920
Strikeouts,Stan Coveleski,Cleveland,133.0,,1920
Winning Percentage,Jim Bagby,Cleveland,0.721,,1920
Wins,Jim Bagby,Cleveland,31.0,,1920
1920 N.L. | A.L. Retirements | A.L. Rookies | Year-by-Year,1920 N.L. | A.L. Retirements | A.L. Rookies | Year-by-Year,1920 N.L. | A.L. Retirements | A.L. Rookies | Year-by-Year,,,1920
Team | Roster,W,L,,,1920
Cleveland Indians,98,56,0.636,0.0,1920
Chicago White Sox,96,58,0.623,2.0,1920
New York Yankees,95,59,0.617,3.0,1920
St. Louis Browns,76,77,0.497,,1920
Boston Red Sox,72,81,0.471,,1920
Washington Senators,68,84,0.447,29.0,1920
Detroit Tigers,61,93,0.396,37.0,1920
Philadelphia Athletics,48,106,0.312,50.0,1920
Team | Roster,W,L,,,1920
Final 1920 AL Official Standings,Final 1920 AL Official Standings,Final 1920 AL Official Standings,,,1920
Base on Balls,Cleveland,574,,,1920
Batting Average,St. Louis,.308,,,1920
Doubles,Cleveland,301,,,1920
Hits,St. Louis,1650,,,1920
Home Runs,New York,115,,,1920
On Base Percentage,Cleveland,.376,,,1920
Runs,Cleveland,856,,,1920
Slugging Average,New York,.426,,,1920
Stolen Bases,Washington,160,,,1920
Triples,Chicago,98,,,1920
Complete Games,Chicago,109,,,1920
ERA,New York,3.32,,,1920
Fewest Hits Allowed,New York,1414,,,1920
Fewest Home Runs Allowed,Cleveland,31,,,1920
Fewest Walks Allowed,Cleveland,401,,,1920
Saves,St. Louis,14,,,1920
Shutouts,New York,15,,,1920
Strikeouts,Detroit,483,,,1920
Base on Balls,Babe Ruth,New York,145.0,,1921
Batting Average,Harry Heilmann,Detroit,0.394,,1921
Doubles,Tris Speaker,Cleveland,52.0,,1921
Hits,Harry Heilmann,Detroit,237.0,,1921
Home Runs,Babe Ruth,New York,59.0,,1921
On Base Percentage,Babe Ruth,New York,0.512,,1921
RBI,Babe Ruth,New York,171.0,,1921
Runs,Babe Ruth,New York,177.0,,1921
Slugging Average,Babe Ruth,New York,0.846,,1921
Stolen Bases,George Sisler,St. Louis,35.0,,1921
Total Bases,Babe Ruth,New York,457.0,,1921
Triples,Howie Shanks,Washington,18.0,,1921
Triples,George Sisler,St. Louis,18.0,,1921
Triples,Jack Tobin,St. Louis,18.0,,1921
1921 A.L. History | 1921 N.L. History | Year-by-Year History,1921 A.L. History | 1921 N.L. History | Year-by-Year History,1921 A.L. History | 1921 N.L. History | Year-by-Year History,,,1921
Complete Games,Red Faber,Chicago,32.0,,1921
ERA,Red Faber,Chicago,2.48,,1921
Games,Carl Mays,New York,49.0,,1921
Saves,Carl Mays,New York,7.0,,1921
Saves,Jim Middleton,Detroit,7.0,,1921
Shutouts,Sam Jones,Boston,5.0,,1921
Strikeouts,Walter Johnson,Washington,143.0,,1921
Winning Percentage,Carl Mays,New York,0.75,,1921
Wins,Carl Mays,New York,27.0,,1921
Wins,Urban Shocker,St. Louis,27.0,,1921
1921 A.L. History | 1921 N.L. History | Year-by-Year History,1921 A.L. History | 1921 N.L. History | Year-by-Year History,1921 A.L. History | 1921 N.L. History | Year-by-Year History,,,1921
Team | Roster,W,L,,,1921
New York Yankees,98,55,0.641,0.0,1921
Cleveland Indians,94,60,0.61,,1921
St. Louis Browns,81,73,0.526,,1921
Washington Senators,80,73,0.523,18.0,1921
Boston Red Sox,75,79,0.487,,1921
Detroit Tigers,71,82,0.464,27.0,1921
Chicago White Sox,62,92,0.403,,1921
Philadelphia Athletics,53,100,0.346,45.0,1921
Team | Roster,W,L,,,1921
American League Team Standings,American League Team Standings,American League Team Standings,,,1921
Base on Balls,Cleveland,619,,,1921
Batting Average,Detroit,.316,,,1921
Doubles,Cleveland,355,,,1921
Hits,Detroit,1723,,,1921
Home Runs,New York,134,,,1921
On Base Percentage,Detroit,.385,,,1921
Runs,New York,948,,,1921
Slugging Average,New York,.464,,,1921
Stolen Bases,Washington,112,,,1921
Triples,St. Louis,105,,,1921
Complete Games,New York,92,,,1921
ERA,New York,3.82,,,1921
Fewest Hits Allowed,New York,1461,,,1921
Fewest Home Runs Allowed,Cleveland,43,,,1921
Fewest Walks Allowed,Cleveland,431,,,1921
Saves,Detroit,17,,,1921
Shutouts,Cleveland,11,,,1921
Strikeouts,New York,481,,,1921
Base on Balls,Whitey Witt,New York,89.0,,1922
Batting Average,George Sisler,St. Louis,0.42,,1922
Doubles,Tris Speaker,Cleveland,48.0,,1922
Hits,George Sisler,St. Louis,246.0,,1922
Home Runs,Ken Williams,St. Louis,39.0,,1922
On Base Percentage,Tris Speaker,Cleveland,0.474,,1922
RBI,Ken Williams,St. Louis,155.0,,1922
Runs,George Sisler,St. Louis,134.0,,1922
Slugging Average,Babe Ruth,New York,0.672,,1922
Stolen Bases,George Sisler,St. Louis,51.0,,1922
Total Bases,Ken Williams,St. Louis,367.0,,1922
Triples,George Sisler,St. Louis,18.0,,1922
1922 A.L. History | 1922 N.L. History | Year-by-Year History,1922 A.L. History | 1922 N.L. History | Year-by-Year History,1922 A.L. History | 1922 N.L. History | Year-by-Year History,,,1922
Complete Games,Red Faber,Chicago,31.0,,1922
ERA,Red Faber,Chicago,2.81,,1922
Games,Eddie Rommel,Philadelphia,51.0,,1922
Saves,Sam Jones,New York,8.0,,1922
Shutouts,George Uhle,Cleveland,5.0,,1922
Strikeouts,Urban Shocker,St. Louis,149.0,,1922
Winning Percentage,Joe Bush,New York,0.788,,1922
Wins,Eddie Rommel,Philadelphia,27.0,,1922
1922 A.L. History | 1922 N.L. History | Year-by-Year History,1922 A.L. History | 1922 N.L. History | Year-by-Year History,1922 A.L. History | 1922 N.L. History | Year-by-Year History,,,1922
Team | Roster,W,L,,,1922
New York Yankees,94,60,0.61,0.0,1922
St. Louis Browns,93,61,0.604,1.0,1922
Detroit Tigers,79,75,0.513,15.0,1922
Cleveland Indians,78,76,0.506,16.0,1922
Chicago White Sox,77,77,0.5,17.0,1922
Washington Senators,69,85,0.448,25.0,1922
Philadelphia Athletics,65,89,0.422,29.0,1922
Boston Red Sox,61,93,0.396,33.0,1922
Team | Roster,W,L,,,1922
American League Team Standings,American League Team Standings,American League Team Standings,,,1922
Base on Balls,Cleveland,550,,,1922
Batting Average,St. Louis,.310,,,1922
Doubles,Cleveland,320,,,1922
Hits,St. Louis,1684,,,1922
Home Runs,Philadelphia,111,,,1922
On Base Percentage,Detroit,.373,,,1922
Runs,St. Louis,867,,,1922
Slugging Average,St. Louis,.453,,,1922
Stolen Bases,St. Louis,136,,,1922
Triples,St. Louis,94,,,1922
Complete Games,New York,100,,,1922
ERA,St. Louis,3.38,,,1922
Fewest Hits Allowed,New York,1402,,,1922
Fewest Home Runs Allowed,Boston,48,,,1922
Fewest Walks Allowed,St. Louis,419,,,1922
Saves,St. Louis,22,,,1922
Shutouts,Cleveland,14,,,1922
Strikeouts,St. Louis,534,,,1922
Base on Balls,Babe Ruth,New York,170.0,,1923
Batting Average,Harry Heilmann,Detroit,0.403,,1923
Doubles,Tris Speaker,Cleveland,59.0,,1923
Hits,Charlie Jamieson,Cleveland,222.0,,1923
Home Runs,Babe Ruth,New York,41.0,,1923
On Base Percentage,Babe Ruth,New York,0.545,,1923
RBI,Babe Ruth,New York,131.0,,1923
Runs,Babe Ruth,New York,151.0,,1923
Slugging Average,Babe Ruth,New York,0.764,,1923
Stolen Bases,Eddie Collins,Chicago,48.0,,1923
Total Bases,Babe Ruth,New York,399.0,,1923
Triples,Goose Goslin,Washington,18.0,,1923
Triples,Sam Rice,Washington,18.0,,1923
Complete Games,George Uhle,Cleveland,29.0,,1923
ERA,Stan Coveleski,Cleveland,2.76,,1923
Games,Eddie Rommel,Philadelphia,56.0,,1923
Saves,Allan Russell,Washington,9.0,,1923
Shutouts,Stan Coveleski,Cleveland,5.0,,1923
Strikeouts,Walter Johnson,Washington,130.0,,1923
Winning Percentage,Herb Pennock,New York,0.76,,1923
Wins,George Uhle,Cleveland,26.0,,1923
1923 American League Team Standings,1923 American League Team Standings,1923 American League Team Standings,,,1923
Team [Click for roster],Wins,Losses,,,1923
New York Yankees,98,54,0.61,0.0,1923
Detroit Tigers,83,71,0.539,16.0,1923
Cleveland Indians,82,71,0.536,,1923
Washington Senators,75,78,0.49,,1923
St. Louis Browns,74,78,0.487,24.0,1923
Philadelphia Athletics,69,83,0.454,29.0,1923
Chicago White Sox,69,85,0.448,30.0,1923
Boston Red Sox,61,91,0.401,37.0,1923
Base on Balls,Cleveland,633,,,1923
Batting Average,Cleveland,.301,,,1923
Doubles,Cleveland,301,,,1923
Hits,Cleveland,1594,,,1923
Home Runs,New York,105,,,1923
On Base Percentage,Cleveland,.381,,,1923
Runs,Cleveland,888,,,1923
Slugging Average,New York,.422,,,1923
Stolen Bases,Chicago,191,,,1923
Triples,Washington,93,,,1923
Complete Games,New York,101,,,1923
ERA,New York,3.63,,,1923
Fewest Hits Allowed,New York,1365,,,1923
Fewest Home Runs Allowed,Cleveland,36,,,1923
Fewest Walks Allowed,Detroit,449,,,1923
Saves,Washington,16,,,1923
Shutouts,Cleveland,10,,,1923
Shutouts,St. Louis,10,,,1923
Strikeouts,New York,506,,,1923
Base on Balls,Babe Ruth,New York,142.0,,1924
Batting Average,Babe Ruth,New York,0.378,,1924
Doubles,Harry Heilmann,Detroit,45.0,,1924
Doubles,Joe Sewell,Cleveland,45.0,,1924
Hits,Sam Rice,Washington,216.0,,1924
Home Runs,Babe Ruth,New York,46.0,,1924
On Base Percentage,Babe Ruth,New York,0.513,,1924
RBI,Goose Goslin,Washington,129.0,,1924
Runs,Babe Ruth,New York,143.0,,1924
Slugging Average,Babe Ruth,New York,0.739,,1924
Stolen Bases,Eddie Collins,Chicago,42.0,,1924
Total Bases,Babe Ruth,New York,391.0,,1924
Triples,Wally Pipp,New York,19.0,,1924
Complete Games,Sloppy Thurston,Chicago,28.0,,1924
ERA,Walter Johnson,Washington,2.72,,1924
Games,Firpo Marberry,Washington,50.0,,1924
Saves,Firpo Marberry,Washington,15.0,,1924
Shutouts,Walter Johnson,Washington,6.0,,1924
Strikeouts,Walter Johnson,Washington,158.0,,1924
Winning Percentage,Walter Johnson,Washington,0.767,,1924
Wins,Walter Johnson,Washington,23.0,,1924
1924 American League Team Standings,1924 American League Team Standings,1924 American League Team Standings,,,1924
Team [Click for roster],Wins,Losses,,,1924
Washington Senators,92,62,0.597,0.0,1924
New York Yankees,89,63,0.586,2.0,1924
Detroit Tigers,86,68,0.558,6.0,1924
St. Louis Browns,74,78,0.487,17.0,1924
Philadelphia Athletics,71,81,0.467,20.0,1924
Cleveland Indians,67,86,0.438,,1924
Boston Red Sox,67,87,0.435,25.0,1924
Chicago White Sox,66,87,0.431,,1924
Base on Balls,Detroit,607,,,1924
Batting Average,Detroit,.298,,,1924
Doubles,Detroit,315,,,1924
Hits,Detroit,1604,,,1924
Home Runs,New York,98,,,1924
On Base Percentage,Detroit,.373,,,1924
Runs,Detroit,849,,,1924
Slugging Average,New York,.426,,,1924
Stolen Bases,Chicago,137,,,1924
Triples,Washington,88,,,1924
Complete Games,Cleveland,87,,,1924
ERA,Washington,3.35,,,1924
Fewest Hits Allowed,Washington,1329,,,1924
Fewest Home Runs Allowed,Washington,34,,,1924
Fewest Walks Allowed,Detroit,467,,,1924
Saves,Washington,25,,,1924
Shutouts,New York,13,,,1924
Shutouts,Washington,13,,,1924
Strikeouts,New York,487,,,1924
Base on Balls,Willie Kamm,Chicago,90.0,,1925
Base on Balls,Johnny Mostil,Chicago,90.0,,1925
Batting Average,Harry Heilmann,Detroit,0.393,,1925
Doubles,Marty McManus,St. Louis,44.0,,1925
Hits,Al Simmons,Philadelphia,253.0,,1925
Home Runs,Bob Meusel,New York,33.0,,1925
On Base Percentage,Tris Speaker,Cleveland,0.479,,1925
RBI,Bob Meusel,New York,138.0,,1925
Runs,Johnny Mostil,Chicago,135.0,,1925
Slugging Average,Ken Williams,St. Louis,0.613,,1925
Stolen Bases,Johnny Mostil,Chicago,43.0,,1925
Total Bases,Al Simmons,Philadelphia,392.0,,1925
Triples,Goose Goslin,Washington,20.0,,1925
Complete Games,Howard Ehmke,Boston,22.0,,1925
Complete Games,Sherry Smith,Cleveland,22.0,,1925
ERA,Stan Coveleski,Washington,2.84,,1925
Games,Firpo Marberry,Washington,55.0,,1925
Saves,Firpo Marberry,Washington,15.0,,1925
Shutouts,Ted Lyons,Chicago,5.0,,1925
Strikeouts,Lefty Grove,Philadelphia,116.0,,1925
Winning Percentage,Stan Coveleski,Washington,0.8,,1925
Wins,Ted Lyons,Chicago,21.0,,1925
Wins,Eddie Rommel,Philadelphia,21.0,,1925
1925 American League Team Standings,1925 American League Team Standings,1925 American League Team Standings,,,1925
Team [Click for roster],Wins,Losses,,,1925
Washington Senators,96,55,0.636,0.0,1925
Philadelphia Athletics,88,64,0.579,,1925
St. Louis Browns,82,71,0.536,15.0,1925
Detroit Tigers,81,73,0.526,,1925
Chicago White Sox,79,75,0.513,,1925
Cleveland Indians,70,84,0.455,,1925
New York Yankees,69,85,0.448,,1925
Boston Red Sox,47,105,0.309,,1925
Base on Balls,Chicago,662,,,1925
Batting Average,Philadelphia,.307,,,1925
Doubles,St. Louis,304,,,1925
Hits,Philadelphia,1659,,,1925
Home Runs,New York,110,,,1925
Home Runs,St. Louis,110,,,1925
On Base Percentage,Detroit,.379,,,1925
Runs,Detroit,903,,,1925
Slugging Average,St. Louis,.439,,,1925
Stolen Bases,Washington,135,,,1925
Triples,Detroit,84,,,1925
Complete Games,Cleveland,93,,,1925
ERA,Washington,3.70,,,1925
Fewest Hits Allowed,Washington,1434,,,1925
Fewest Home Runs Allowed,Cleveland,41,,,1925
Fewest Walks Allowed,Chicago,489,,,1925
Saves,Washington,21,,,1925
Shutouts,Chicago,12,,,1925
Strikeouts,Philadelphia,495,,,1925
Base on Balls,Babe Ruth,New York,144.0,,1926
Batting Average,Heinie Manush,Detroit,0.378,,1926
Doubles,George Burns,Cleveland,64.0,,1926
Hits,Sam Rice,Washington,216.0,,1926
Home Runs,Babe Ruth,New York,47.0,,1926
On Base Percentage,Babe Ruth,New York,0.516,,1926
RBI,Babe Ruth,New York,146.0,,1926
Runs,Babe Ruth,New York,139.0,,1926
Slugging Average,Babe Ruth,New York,0.737,,1926
Stolen Bases,Johnny Mostil,Chicago,35.0,,1926
Total Bases,Babe Ruth,New York,365.0,,1926
Triples,Babe Ruth,New York,20.0,,1926
Complete Games,George Uhle,Cleveland,32.0,,1926
ERA,Lefty Grove,Philadelphia,2.51,,1926
Games,Firpo Marberry,Washington,64.0,,1926
Saves,Firpo Marberry,Washington,22.0,,1926
Shutouts,Ed Wells,Detroit,4.0,,1926
Strikeouts,Lefty Grove,Philadelphia,194.0,,1926
Winning Percentage,George Uhle,Cleveland,0.711,,1926
Wins,George Uhle,Cleveland,27.0,,1926
1926 American League Team Standings,1926 American League Team Standings,1926 American League Team Standings,,,1926
Team [Click for roster],Wins,Losses,,,1926
New York Yankees,91,63,0.591,0.0,1926
Cleveland Indians,88,66,0.571,3.0,1926
Philadelphia Athletics,83,67,0.553,6.0,1926
Washington Senators,81,69,0.54,8.0,1926
Chicago White Sox,81,72,0.529,,1926
Detroit Tigers,79,75,0.513,12.0,1926
St. Louis Browns,62,92,0.403,29.0,1926
Boston Red Sox,46,107,0.301,,1926
Base on Balls,New York,642,,,1926
Batting Average,Washington,.292,,,1926
Doubles,Cleveland,333,,,1926
Hits,Detroit,1547,,,1926
Home Runs,New York,121,,,1926
On Base Percentage,New York,.369,,,1926
Runs,New York,847,,,1926
Slugging Average,New York,.437,,,1926
Stolen Bases,Chicago,123,,,1926
Triples,Washington,97,,,1926
Complete Games,Cleveland,96,,,1926
ERA,Philadelphia,3.00,,,1926
Fewest Hits Allowed,Philadelphia,1362,,,1926
Fewest Home Runs Allowed,Philadelphia,38,,,1926
Fewest Walks Allowed,Cleveland,450,,,1926
Saves,Washington,26,,,1926
Shutouts,Chicago,11,,,1926
Shutouts,Cleveland,11,,,1926
Strikeouts,Philadelphia,571,,,1926
Base on Balls,Babe Ruth,New York,137.0,,1927
Batting Average,Harry Heilmann,Detroit,0.398,,1927
Doubles,Lou Gehrig,New York,52.0,,1927
Hits,Earle Combs,New York,231.0,,1927
Home Runs,Babe Ruth,New York,60.0,,1927
On Base Percentage,Babe Ruth,New York,0.486,,1927
RBI,Lou Gehrig,New York,175.0,,1927
Runs,Babe Ruth,New York,158.0,,1927
Slugging Average,Babe Ruth,New York,0.772,,1927
Stolen Bases,George Sisler,St. Louis,27.0,,1927
Total Bases,Lou Gehrig,New York,447.0,,1927
Triples,Earle Combs,New York,23.0,,1927
1927 A.L. History | 1927 N.L. History | Year-by-Year History,1927 A.L. History | 1927 N.L. History | Year-by-Year History,1927 A.L. History | 1927 N.L. History | Year-by-Year History,,,1927
Complete Games,Ted Lyons,Chicago,30.0,,1927
ERA,Wilcy Moore,New York,2.28,,1927
Games,Garland Braxton,Washington,58.0,,1927
Saves,Garland Braxton,Washington,13.0,,1927
Saves,Wilcy Moore,New York,13.0,,1927
Shutouts,Hod Lisenbee,Washington,4.0,,1927
Strikeouts,Lefty Grove,Philadelphia,174.0,,1927
Winning Percentage,Waite Hoyt,New York,0.759,,1927
Wins,Waite Hoyt,New York,22.0,,1927
Wins,Ted Lyons,Chicago,22.0,,1927
1927 A.L. History | 1927 N.L. History | Year-by-Year History,1927 A.L. History | 1927 N.L. History | Year-by-Year History,1927 A.L. History | 1927 N.L. History | Year-by-Year History,,,1927
Team | Roster,W,L,,,1927
New York Yankees,110,44,0.714,0.0,1927
Philadelphia Athletics,91,63,0.591,19.0,1927
Washington Senators,85,69,0.552,25.0,1927
Detroit Tigers,82,71,0.536,,1927
Chicago White Sox,70,83,0.458,,1927
Cleveland Indians,66,87,0.431,,1927
St. Louis Browns,59,94,0.386,,1927
Boston Red Sox,51,103,0.331,59.0,1927
Team | Roster,W,L,,,1927
American League Team Standings,American League Team Standings,American League Team Standings,,,1927
Base on Balls,New York,635,,,1927
Batting Average,New York,.307,,,1927
Doubles,Cleveland,321,,,1927
Hits,New York,1644,,,1927
Home Runs,New York,158,,,1927
On Base Percentage,New York,.383,,,1927
Runs,New York,975,,,1927
Slugging Average,New York,.489,,,1927
Stolen Bases,Detroit,139,,,1927
Triples,New York,103,,,1927
1927 A.L. Team Review,1927 A.L. Team Review,1927 A.L. Team Review,,,1927
Complete Games,Chicago,85,,,1927
ERA,New York,3.20,,,1927
Fewest Hits Allowed,New York,1403,,,1927
Fewest Home Runs Allowed,Cleveland,37,,,1927
Fewest Walks Allowed,New York,409,,,1927
Saves,Philadelphia,24,,,1927
Shutouts,New York,11,,,1927
Strikeouts,Philadelphia,553,,,1927
1927 A.L. Team Review,1927 A.L. Team Review,1927 A.L. Team Review,,,1927
Base on Balls,Babe Ruth,New York,137.0,,1928
Batting Average,Goose Goslin,Washington,0.379,,1928
Doubles,Lou Gehrig,New York,47.0,,1928
Doubles,Henie Manush,St. Louis,47.0,,1928
Hits,Henie Manush,St. Louis,241.0,,1928
Home Runs,Babe Ruth,New York,54.0,,1928
On Base Percentage,Lou Gehrig,New York,0.467,,1928
RBI,Lou Gehrig,New York,142.0,,1928
RBI,Babe Ruth,New York,142.0,,1928
Runs,Babe Ruth,New York,163.0,,1928
Slugging Average,Babe Ruth,New York,0.709,,1928
Stolen Bases,Buddy Myer,Boston,30.0,,1928
Total Bases,Babe Ruth,New York,380.0,,1928
Triples,Earle Combs,New York,21.0,,1928
Complete Games,Red Ruffing,Boston,25.0,,1928
ERA,Garland Braxton,Washington,2.51,,1928
Games,Firpo Marberry,Washington,48.0,,1928
Saves,Waite Hoyt,New York,8.0,,1928
Shutouts,Herb Pennock,New York,5.0,,1928
Strikeouts,Lefty Grove,Philadelphia,183.0,,1928
Winning Percentage,Alvin Crowder,St. Louis,0.808,,1928
Wins,Lefty Grove,Philadelphia,24.0,,1928
Wins,George Pipgras,New York,24.0,,1928
1928 American League Team Standings,1928 American League Team Standings,1928 American League Team Standings,,,1928
Team [Click for roster],Wins,Losses,,,1928
New York Yankees,101,53,0.0,0.656,1928
Philadelphia Athletics,98,55,0.0,0.641,1928
St. Louis Browns,82,72,0.0,0.532,1928
Washington Senators,75,79,1.0,0.487,1928
Chicago White Sox,72,82,1.0,0.468,1928
Detroit Tigers,68,86,0.0,0.442,1928
Cleveland Indians,62,92,1.0,0.403,1928
Boston Red Sox,57,96,1.0,0.373,1928
Base on Balls,New York,562,,,1928
Batting Average,New York,.296,,,1928
Doubles,Philadelphia,323,,,1928
Hits,New York,1578,,,1928
Home Runs,New York,133,,,1928
On Base Percentage,New York,.365,,,1928
Runs,New York,894,,,1928
Slugging Average,New York,.450,,,1928
Stolen Bases,Chicago,139,,,1928
Triples,Detroit,97,,,1928
Complete Games,Chicago,88,,,1928
ERA,Philadelphia,3.37,,,1928
Fewest Hits Allowed,Philadelphia,1349,,,1928
Fewest Home Runs Allowed,Washington,40,,,1928
Fewest Walks Allowed,Philadelphia,424,,,1928
Saves,New York,21,,,1928
Shutouts,Philadelphia,15,,,1928
Shutouts,Washington,15,,,1928
Strikeouts,Philadelphia,607,,,1928
Base on Balls,Max Bishop,Philadelphia,128.0,,1929
Batting Average,Lew Fonseca,Cleveland,0.369,,1929
Doubles,Charlie Gehringer,Detroit,45.0,,1929
Doubles,Roy Johnson,Detroit,45.0,,1929
Doubles,Henie Manush,St. Louis,45.0,,1929
Hits,Dale Alexander,Detroit,215.0,,1929
Hits,Charlie Gehringer,Detroit,215.0,,1929
Home Runs,Babe Ruth,New York,46.0,,1929
On Base Percentage,Jimmie Foxx,Philadelphia,0.463,,1929
RBI,Al Simmons,Philadelphia,157.0,,1929
Runs,Charlie Gehringer,Detroit,131.0,,1929
Slugging Average,Babe Ruth,New York,0.697,,1929
Stolen Bases,Charlie Gehringer,Detroit,27.0,,1929
Total Bases,Al Simmons,Philadelphia,373.0,,1929
Triples,Charlie Gehringer,Detroit,19.0,,1929
Complete Games,Tommy Thomas,Chicago,24.0,,1929
ERA,Lefty Grove,Philadelphia,2.81,,1929
Games,Firpo Marberry,Washington,49.0,,1929
Saves,Firpo Marberry,Washington,11.0,,1929
Shutouts,George Blaeholder,St. Louis,5.0,,1929
Shutouts,Alvin Crowder,St. Louis,5.0,,1929
Shutouts,Dolly Gray,St. Louis,5.0,,1929
Shutouts,Danny MacFayden,Boston,5.0,,1929
Strikeouts,Lefty Grove,Philadelphia,170.0,,1929
Winning Percentage,Lefty Grove,Philadelphia,0.769,,1929
Wins,George Earnshaw,Philadelphia,24.0,,1929
1929 American League Team Standings,1929 American League Team Standings,1929 American League Team Standings,,,1929
Team [Click for roster],Wins,Losses,,,1929
Philadelphia Athletics,104,46,0.693,0.0,1929
New York Yankees,88,66,0.571,18.0,1929
Cleveland Indians,81,71,0.533,24.0,1929
St. Louis Browns,79,73,0.52,26.0,1929
Washington Senators,71,81,0.467,34.0,1929
Detroit Tigers,70,84,0.455,36.0,1929
Chicago White Sox,59,93,0.388,46.0,1929
Boston Red Sox,58,96,0.377,48.0,1929
Base on Balls,St. Louis,589,,,1929
Batting Average,Detroit,.299,,,1929
Doubles,Detroit,339,,,1929
Hits,Detroit,1671,,,1929
Home Runs,New York,142,,,1929
On Base Percentage,Philadelphia,.365,,,1929
Runs,Detroit,926,,,1929
Slugging Average,Detroit,.453,,,1929
Stolen Bases,Chicago,109,,,1929
Triples,Detroit,97,,,1929
Complete Games,Boston,84,,,1929
ERA,Philadelphia,3.44,,,1929
Fewest Hits Allowed,Philadelphia,1371,,,1929
Fewest Home Runs Allowed,Washington,48,,,1929
Fewest Walks Allowed,St. Louis,462,,,1929
Saves,Philadelphia,24,,,1929
Shutouts,St. Louis,15,,,1929
Strikeouts,Philadelphia,573,,,1929
Base on Balls,Babe Ruth,New York,136.0,,1930
Batting Average,Al Simmons,Philadelphia,0.381,,1930
Doubles,Johnny Hodapp,Cleveland,51.0,,1930
Hits,Johnny Hodapp,Cleveland,225.0,,1930
Home Runs,Babe Ruth,New York,49.0,,1930
On Base Percentage,Babe Ruth,New York,0.493,,1930
RBI,Lou Gehrig,New York,174.0,,1930
Runs,Al Simmons,Philadelphia,152.0,,1930
Slugging Average,Babe Ruth,New York,0.732,,1930
Stolen Bases,Marty McManus,Detroit,23.0,,1930
Total Bases,Lou Gehrig,New York,419.0,,1930
Triples,Earle Combs,New York,22.0,,1930
Complete Games,Ted Lyons,Chicago,29.0,,1930
ERA,Lefty Grove,Philadelphia,2.54,,1930
Games,Lefty Grove,Philadelphia,50.0,,1930
Saves,Lefty Grove,Philadelphia,9.0,,1930
Shutouts,Clint Brown,Cleveland,3.0,,1930
Shutouts,George Earnshaw,Philadelphia,3.0,,1930
Shutouts,George Pipgras,New York,3.0,,1930
Strikeouts,Lefty Grove,Philadelphia,209.0,,1930
Winning Percentage,Lefty Grove,Philadelphia,0.848,,1930
Wins,Lefty Grove,Philadelphia,28.0,,1930
1930 American League Team Standings,1930 American League Team Standings,1930 American League Team Standings,,,1930
Team [Click for roster],Wins,Losses,,,1930
Philadelphia Athletics,102,52,0.662,0.0,1930
Washington Senators,94,60,0.61,8.0,1930
New York Yankees,86,68,0.558,16.0,1930
Cleveland Indians,81,73,0.526,21.0,1930
Detroit Tigers,75,79,0.487,27.0,1930
St. Louis Browns,64,90,0.416,38.0,1930
Chicago White Sox,62,92,0.403,40.0,1930
Boston Red Sox,52,102,0.338,50.0,1930
Base on Balls,New York,644,,,1930
Batting Average,New York,.309,,,1930
Doubles,Cleveland,358,,,1930
Hits,New York,1683,,,1930
Home Runs,New York,152,,,1930
On Base Percentage,New York,.384,,,1930
Runs,New York,1062,,,1930
Slugging Average,New York,.488,,,1930
Stolen Bases,Washington,101,,,1930
Triples,New York,110,,,1930
Complete Games,Washington,78,,,1930
ERA,Washington,3.97,,,1930
Fewest Hits Allowed,Washington,1367,,,1930
Fewest Home Runs Allowed,Washington,52,,,1930
Fewest Walks Allowed,Chicago,407,,,1930
Saves,Philadelphia,21,,,1930
Shutouts,Philadelphia,8,,,1930
Strikeouts,Philadelphia,672,,,1930
Base on Balls,Babe Ruth,New York,128.0,,1931
Batting Average,Al Simmons,Philadelphia,0.39,,1931
Doubles,Earl Webb,Boston,67.0,,1931
Hits,Lou Gehrig,New York,211.0,,1931
Home Runs,Lou Gehrig,New York,46.0,,1931
Home Runs,Babe Ruth,New York,46.0,,1931
On Base Percentage,Babe Ruth,New York,0.495,,1931
RBI,Lou Gehrig,New York,184.0,,1931
Runs,Lou Gehrig,New York,163.0,,1931
Slugging Average,Babe Ruth,New York,0.7,,1931
Stolen Bases,Ben Chapman,New York,61.0,,1931
Total Bases,Lou Gehrig,New York,410.0,,1931
Triples,Roy Johnson,Detroit,19.0,,1931
Complete Games,Wes Ferrell,Cleveland,27.0,,1931
Complete Games,Lefty Grove,Philadelphia,27.0,,1931
ERA,Lefty Grove,Philadelphia,2.06,,1931
Games,Bump Hadley,Washington,55.0,,1931
Saves,Wilcy Moore,Boston,10.0,,1931
Shutouts,Lefty Grove,Philadelphia,4.0,,1931
Strikeouts,Lefty Grove,Philadelphia,175.0,,1931
Winning Percentage,Lefty Grove,Philadelphia,0.886,,1931
Wins,Lefty Grove,Philadelphia,31.0,,1931
1931 American League Team Standings,1931 American League Team Standings,1931 American League Team Standings,,,1931
Team [Click for roster],Wins,Losses,,,1931
Philadelphia Athletics,107,45,0.704,0.0,1931
New York Yankees,94,59,0.614,,1931
Washington Senators,92,62,0.597,16.0,1931
Cleveland Indians,78,76,0.506,30.0,1931
St. Louis Browns,63,91,0.409,45.0,1931
Boston Red Sox,62,90,0.408,45.0,1931
Detroit Tigers,61,93,0.396,47.0,1931
Chicago White Sox,56,97,0.366,,1931
Base on Balls,New York,748,,,1931
Batting Average,New York,.297,,,1931
Doubles,Cleveland,321,,,1931
Hits,New York,1667,,,1931
Home Runs,New York,155,,,1931
On Base Percentage,New York,.383,,,1931
Runs,New York,1067,,,1931
Slugging Average,New York,.457,,,1931
Stolen Bases,New York,138,,,1931
Triples,Washington,93,,,1931
Complete Games,Philadelphia,97,,,1931
ERA,Philadelphia,3.47,,,1931
Fewest Hits Allowed,Philadelphia,1342,,,1931
Fewest Home Runs Allowed,Boston,54,,,1931
Fewest Walks Allowed,St. Louis,448,,,1931
Saves,Washington,24,,,1931
Shutouts,Philadelphia,12,,,1931
Strikeouts,New York,686,,,1931
Base on Balls,Babe Ruth,New York,130.0,,1932
Batting Average,Dale Alexander *,Detroit,0.367,,1932
Batting Average,Dale Alexander *,Boston,0.367,,1932
Batting Average,* NOT on Top 25 List — Had Fewer Than 400 ABs,* NOT on Top 25 List — Had Fewer Than 400 ABs,,,1932
Doubles,Eric McNair,Philadelphia,47.0,,1932
Hits,Al Simmons,Philadelphia,216.0,,1932
Home Runs,Jimmie Foxx,Philadelphia,58.0,,1932
On Base Percentage,Babe Ruth,New York,0.489,,1932
RBI,Jimmie Foxx,Philadelphia,169.0,,1932
Runs,Jimmie Foxx,Philadelphia,151.0,,1932
Slugging Average,Jimmie Foxx,Philadelphia,0.749,,1932
Stolen Bases,Ben Chapman,New York,38.0,,1932
Total Bases,Jimmie Foxx,Philadelphia,438.0,,1932
Triples,Joe Cronin,Washington,18.0,,1932
1932 A.L. History | 1932 N.L. History | Year-by-Year History,1932 A.L. History | 1932 N.L. History | Year-by-Year History,1932 A.L. History | 1932 N.L. History | Year-by-Year History,,,1932
Complete Games,Lefty Grove,Philadelphia,27.0,,1932
ERA,Lefty Grove,Philadelphia,2.84,,1932
Games,Firpo Marberry,Washington,54.0,,1932
Saves,Firpo Marberry,Washington,13.0,,1932
Shutouts,Tommy Bridges,Detroit,4.0,,1932
Shutouts,Lefty Grove,Philadelphia,4.0,,1932
Strikeouts,Red Ruffing,New York,190.0,,1932
Winning Percentage,Johnny Allen,New York,0.81,,1932
Wins,Alvin Crowder,Washington,26.0,,1932
1932 A.L. History | 1932 N.L. History | Year-by-Year History,1932 A.L. History | 1932 N.L. History | Year-by-Year History,1932 A.L. History | 1932 N.L. History | Year-by-Year History,,,1932
Team | Roster,Wins,Losses,,,1932
New York Yankees,107,47,0.695,0.0,1932
Philadelphia Athletics,94,60,0.61,13.0,1932
Washington Senators,93,61,0.604,14.0,1932
Cleveland Indians,87,65,0.572,19.0,1932
Detroit Tigers,76,75,0.503,,1932
St. Louis Browns,63,91,0.409,44.0,1932
Chicago White Sox,49,102,0.325,,1932
Boston Red Sox,43,111,0.279,64.0,1932
Team | Roster,Wins,Losses,,,1932
1932 American League Standings,1932 American League Standings,1932 American League Standings,,,1932
Base on Balls,New York,766,,,1932
Batting Average,Philadelphia,.290,,,1932
Doubles,Cleveland,310,,,1932
Hits,Philadelphia,1606,,,1932
Home Runs,Philadelphia,172,,,1932
On Base Percentage,New York,.376,,,1932
Runs,New York,1002,,,1932
Slugging Average,Philadelphia,.457,,,1932
Stolen Bases,Detroit,103,,,1932
Triples,Washington,100,,,1932
1932 American League Team Review,1932 American League Team Review,1932 American League Team Review,,,1932
Complete Games,New York,96,,,1932
ERA,New York,3.99,,,1932
Fewest Hits Allowed,Detroit,1421,,,1932
Fewest Home Runs Allowed,Cleveland,70,,,1932
Fewest Walks Allowed,Cleveland,446,,,1932
Saves,Washington,22,,,1932
Shutouts,New York,11,,,1932
Strikeouts,New York,780,,,1932
1932 American League Team Review,1932 American League Team Review,1932 American League Team Review,,,1932
Base on Balls,Babe Ruth,New York,114.0,,1933
Batting Average,Jimmie Foxx,Philadelphia,0.356,,1933
Doubles,Joe Cronin,Washington,45.0,,1933
Hits,Heinie Manush,Washington,221.0,,1933
Home Runs,Jimmie Foxx,Philadelphia,48.0,,1933
On Base Percentage,Mickey Cochrane,Philadelphia,0.459,,1933
RBI,Jimmie Foxx,Philadelphia,163.0,,1933
Runs,Lou Gehrig,New York,138.0,,1933
Slugging Average,Jimmie Foxx,Philadelphia,0.703,,1933
Stolen Bases,Ben Chapman,New York,27.0,,1933
Total Bases,Jimmie Foxx,Philadelphia,403.0,,1933
Triples,Heinie Manush,Washington,17.0,,1933
Complete Games,Lefty Grove,Philadelphia,21.0,,1933
ERA,Monte Pearson,Cleveland,2.33,,1933
Games,Alvin Crowder,Washington,52.0,,1933
Saves,Jack Russell,Washington,13.0,,1933
Shutouts,Oral Hildebrand,Cleveland,6.0,,1933
Strikeouts,Lefty Gomez,New York,163.0,,1933
Winning Percentage,Lefty Grove,Philadelphia,0.75,,1933
Wins,Lefty Grove,Philadelphia,24.0,,1933
Wins,Alvin Crowder,Washington,24.0,,1933
1933 American League Team Standings,1933 American League Team Standings,1933 American League Team Standings,,,1933
Team [Click for roster],Wins,Losses,,,1933
Washington Senators,99,53,0.651,0.0,1933
New York Yankees,91,59,0.607,7.0,1933
Philadelphia Athletics,79,72,0.523,,1933
Cleveland Indians,75,76,0.497,,1933
Detroit Tigers,75,79,0.487,25.0,1933
Chicago White Sox,67,83,0.447,31.0,1933
Boston Red Sox,63,86,0.423,,1933
St. Louis Browns,55,96,0.364,,1933
Base on Balls,New York,700,,,1933
Batting Average,Washington,.287,,,1933
Doubles,Philadelphia,297,,,1933
Hits,Washington,1586,,,1933
Home Runs,New York,144,,,1933
On Base Percentage,New York,.369,,,1933
Runs,New York,927,,,1933
Slugging Average,New York,.440,,,1933
Slugging Average,Philadelphia,.440,,,1933
Stolen Bases,New York,76,,,1933
Triples,Washington,86,,,1933
Complete Games,Cleveland,74,,,1933
ERA,Cleveland,3.71,,,1933
Fewest Hits Allowed,Cleveland,1382,,,1933
Fewest Home Runs Allowed,Cleveland,60,,,1933
Fewest Walks Allowed,Washington,452,,,1933
Saves,Washington,26,,,1933
Shutouts,Cleveland,12,,,1933
Strikeouts,New York,711,,,1933
Base on Balls,Jimmie Foxx,Philadelphia,111.0,,1934
Batting Average,Lou Gehrig,New York,0.363,,1934
Doubles,Hank Greenberg,Detroit,63.0,,1934
Hits,Charlie Gehringer,Detroit,214.0,,1934
Home Runs,Lou Gehrig,New York,44.0,,1934
On Base Percentage,Lou Gehrig,New York,0.465,,1934
RBI,Lou Gehrig,New York,165.0,,1934
Runs,Charlie Gehringer,Detroit,134.0,,1934
Slugging Average,Lou Gehrig,New York,0.706,,1934
Stolen Bases,Billy Werber,Boston,40.0,,1934
Total Bases,Lou Gehrig,New York,409.0,,1934
Triples,Ben Chapman,New York,13.0,,1934
Complete Games,Lefty Gomez,New York,25.0,,1934
ERA,Lefty Gomez,New York,2.33,,1934
Games,Jack Russell,Washington,54.0,,1934
Saves,Jack Russell,Washington,7.0,,1934
Shutouts,Mel Harder,Cleveland,6.0,,1934
Shutouts,Lefty Gomez,New York,6.0,,1934
Strikeouts,Lefty Gomez,New York,158.0,,1934
Winning Percentage,Lefty Gomez,New York,0.839,,1934
Wins,Lefty Gomez,New York,26.0,,1934
1934 American League Team Standings,1934 American League Team Standings,1934 American League Team Standings,,,1934
Team [Click for roster],Wins,Losses,,,1934
Detroit Tigers,101,53,0.656,0.0,1934
New York Yankees,94,60,0.61,7.0,1934
Cleveland Indians,85,69,0.552,16.0,1934
Boston Red Sox,76,76,0.5,24.0,1934
Philadelphia Athletics,68,82,0.453,31.0,1934
St. Louis Browns,67,85,0.441,33.0,1934
Washington Senators,66,86,0.434,34.0,1934
Chicago White Sox,53,99,0.349,47.0,1934
Base on Balls,New York,700,,,1934
Batting Average,Detroit,.300,,,1934
Doubles,Detroit,349,,,1934
Hits,Detroit,1644,,,1934
Home Runs,Philadelphia,144,,,1934
On Base Percentage,Detroit,.376,,,1934
Runs,Detroit,958,,,1934
Slugging Average,Philadelphia,.425,,,1934
Stolen Bases,Detroit,125,,,1934
Triples,Boston,70,,,1934
Complete Games,New York,83,,,1934
ERA,New York,3.76,,,1934
Fewest Hits Allowed,New York,1349,,,1934
Fewest Home Runs Allowed,Cleveland,70,,,1934
Fewest Home Runs Allowed,Boston,70,,,1934
Fewest Walks Allowed,Detroit,488,,,1934
Saves,St. Louis,20,,,1934
Shutouts,Detroit,13,,,1934
Shutouts,New York,13,,,1934
Strikeouts,New York,656,,,1934
Base on Balls,Lou Gehrig,New York,132.0,,1935
Batting Average,Buddy Myer,Washington,0.349,,1935
Doubles,Joe Vosmik,Cleveland,47.0,,1935
Hits,Joe Vosmik,Cleveland,216.0,,1935
Home Runs,Jimmie Foxx,Philadelphia,36.0,,1935
Home Runs,Hank Greenberg,Detroit,36.0,,1935
On Base Percentage,Lou Gehrig,New York,0.466,,1935
RBI,Hank Greenberg,Detroit,170.0,,1935
Runs,Lou Gehrig,New York,125.0,,1935
Slugging Average,Jimmie Foxx,Philadelphia,0.636,,1935
Stolen Bases,Billy Werber,Boston,29.0,,1935
Total Bases,Hank Greenberg,Detroit,389.0,,1935
Triples,Joe Vosmik,Cleveland,20.0,,1935
1935 A.L. History | 1935 N.L. History | Year-by-Year History,1935 A.L. History | 1935 N.L. History | Year-by-Year History,1935 A.L. History | 1935 N.L. History | Year-by-Year History,,,1935
Complete Games,Wes Ferrell,Boston,31.0,,1935
ERA,Lefty Grove,Boston,2.7,,1935
Games,Russ Van Atta,New York,58.0,,1935
Games,Russ Van Atta,St. Louis,58.0,,1935
Saves,Jack Knott,St. Louis,7.0,,1935
Shutouts,Schoolboy Rowe,Detroit,6.0,,1935
Strikeouts,Tommy Bridges,Detroit,163.0,,1935
Winning Percentage,Elden Auker,Detroit,0.72,,1935
Wins,Wes Ferrell,Boston,25.0,,1935
1935 A.L. History | 1935 N.L. History | Year-by-Year History,1935 A.L. History | 1935 N.L. History | Year-by-Year History,1935 A.L. History | 1935 N.L. History | Year-by-Year History,,,1935
Team | Roster,W,L,,,1935
Detroit Tigers,93,58,0.616,0.0,1935
New York Yankees,89,60,0.597,3.0,1935
Cleveland Indians,82,71,0.536,12.0,1935
Boston Red Sox,78,75,0.51,16.0,1935
Chicago White Sox,74,78,0.487,,1935
Washington Senators,67,86,0.438,27.0,1935
St. Louis Browns,65,87,0.428,,1935
Philadelphia Athletics,58,91,0.389,34.0,1935
Team | Roster,W,L,,,1935
1935 American League Team Standings,1935 American League Team Standings,1935 American League Team Standings,,,1935
Base on Balls,Detroit,627,,,1935
Batting Average,Detroit,.290,,,1935
Doubles,Cleveland,324,,,1935
Hits,Washington,1591,,,1935
Home Runs,Philadelphia,112,,,1935
On Base Percentage,Detroit,.366,,,1935
Runs,Detroit,919,,,1935
Slugging Average,Detroit,.435,,,1935
Stolen Bases,Boston,91,,,1935
Triples,Washington,95,,,1935
Complete Games,Detroit,87,,,1935
ERA,New York,3.60,,,1935
Fewest Hits Allowed,New York,1276,,,1935
Fewest Home Runs Allowed,Boston,67,,,1935
Fewest Walks Allowed,Cleveland,457,,,1935
Saves,Cleveland,21,,,1935
Shutouts,Detroit,16,,,1935
Strikeouts,New York,594,,,1935
Base on Balls,Lou Gehrig,New York,130.0,,1936
Batting Average,Luke Appling,Chicago,0.388,,1936
Doubles,Charlie Gehringer,Detroit,60.0,,1936
Hits,Earl Averill,Cleveland,232.0,,1936
Home Runs,Lou Gehrig,New York,49.0,,1936
On Base Percentage,Lou Gehrig,New York,0.478,,1936
RBI,Hal Trosky,Cleveland,162.0,,1936
Runs,Lou Gehrig,New York,167.0,,1936
Slugging Average,Lou Gehrig,New York,0.696,,1936
Stolen Bases,Lyn Lary,St. Louis,37.0,,1936
Total Bases,Hal Trosky,Cleveland,405.0,,1936
Triples,Earl Averill,Cleveland,18.0,,1936
Triples,Joe DiMaggio,New York,18.0,,1936
Triples,Red Rolfe,New York,18.0,,1936
1936 A.L. History | 1936 N.L. History | Year-by-Year History,1936 A.L. History | 1936 N.L. History | Year-by-Year History,1936 A.L. History | 1936 N.L. History | Year-by-Year History,,,1936
Complete Games,Wes Ferrell,Boston,28.0,,1936
ERA,Lefty Grove,Philadelphia,2.81,,1936
Games,Russ Van Atta,St. Louis,52.0,,1936
Saves,Pat Malone,New York,9.0,,1936
Shutouts,Lefty Grove,Philadelphia,6.0,,1936
Strikeouts,Tommy Bridges,Detroit,175.0,,1936
Winning Percentage,Bump Hadley,New York,0.778,,1936
Wins,Tommy Bridges,Detroit,23.0,,1936
1936 A.L. History | 1936 N.L. History | Year-by-Year History,1936 A.L. History | 1936 N.L. History | Year-by-Year History,1936 A.L. History | 1936 N.L. History | Year-by-Year History,,,1936
Team | Roster,Wins,Losses,,,1936
New York Yankees,102,51,0.667,0.0,1936
Detroit Tigers,83,71,0.539,,1936
Chicago White Sox,81,70,0.536,20.0,1936
Washington Senators,82,71,0.536,20.0,1936
Cleveland Indians,80,74,0.519,,1936
Boston Red Sox,74,80,0.481,,1936
St. Louis Browns,57,95,0.375,,1936
Philadelphia Athletics,53,100,0.346,49.0,1936
Team | Roster,Wins,Losses,,,1936
1936 American League Standings,1936 American League Standings,1936 American League Standings,,,1936
Base on Balls,New York,700,,,1936
Batting Average,Cleveland,.304,,,1936
Doubles,Cleveland,357,,,1936
Hits,Cleveland,1715,,,1936
Home Runs,New York,182,,,1936
On Base Percentage,New York,.381,,,1936
Runs,New York,1065,,,1936
Slugging Average,New York,.483,,,1936
Stolen Bases,Washington,104,,,1936
Triples,Washington,84,,,1936
1936 American League Team Review,1936 American League Team Review,1936 American League Team Review,,,1936
Complete Games,Chicago,80,,,1936
ERA,New York,4.18,,,1936
Fewest Hits Allowed,New York,1474,,,1936
Fewest Home Runs Allowed,Cleveland,73,,,1936
Fewest Home Runs Allowed,Washington,73,,,1936
Fewest Walks Allowed,Boston,552,,,1936
Saves,New York,21,,,1936
Shutouts,Detroit,13,,,1936
Strikeouts,New York,624,,,1936
1936 American League Team Review,1936 American League Team Review,1936 American League Team Review,,,1936
Base on Balls,Lou Gehrig,New York,127.0,,1937
Batting Average,Charlie Gehringer,Detroit,0.371,,1937
Doubles,Beau Bell,St. Louis,51.0,,1937
Hits,Beau Bell,St. Louis,218.0,,1937
Home Runs,Joe DiMaggio,New York,46.0,,1937
On Base Percentage,Lou Gehrig,New York,0.473,,1937
RBI,Hank Greenberg,Detroit,183.0,,1937
Runs,Joe DiMaggio,New York,151.0,,1937
Slugging Average,Joe DiMaggio,New York,0.673,,1937
Stolen Bases,Ben Chapman,Washington,35.0,,1937
Stolen Bases,Ben Chapman,Boston,35.0,,1937
Stolen Bases,Billy Werber,Philadelphia,35.0,,1937
Total Bases,Joe DiMaggio,New York,418.0,,1937
Triples,Mike Kreevich,Chicago,16.0,,1937
Triples,Dixie Walker,Chicago,16.0,,1937
Complete Games,Wes Ferrell,Boston,26.0,,1937
Complete Games,Wes Ferrell,Washington,26.0,,1937
ERA,Lefty Gomez,New York,2.33,,1937
Games,Clint Brown,Chicago,53.0,,1937
Saves,Clint Brown,Chicago,18.0,,1937
Shutouts,Lefty Gomez,New York,6.0,,1937
Strikeouts,Lefty Gomez,New York,194.0,,1937
Winning Percentage,Johnny Allen,Cleveland,0.938,,1937
Wins,Lefty Gomez,New York,21.0,,1937
1937 American League Team Standings,1937 American League Team Standings,1937 American League Team Standings,,,1937
Team [Click for roster],Wins,Losses,,,1937
New York Yankees,102,52,0.662,0.0,1937
Detroit Tigers,89,65,0.578,13.0,1937
Chicago White Sox,86,68,0.558,16.0,1937
Cleveland Indians,83,71,0.539,19.0,1937
Boston Red Sox,80,72,0.526,21.0,1937
Washington Senators,73,80,0.477,,1937
Philadelphia Athletics,54,97,0.358,,1937
St. Louis Browns,46,108,0.299,56.0,1937
Base on Balls,New York,709,,,1937
Batting Average,Detroit,.292,,,1937
Doubles,St. Louis,327,,,1937
Hits,Detroit,1611,,,1937
Home Runs,New York,174,,,1937
On Base Percentage,Detroit,.370,,,1937
Runs,New York,979,,,1937
Slugging Average,New York,.456,,,1937
Stolen Bases,Philadelphia,95,,,1937
Triples,Washington,84,,,1937
Complete Games,New York,82,,,1937
ERA,New York,3.65,,,1937
Fewest Hits Allowed,New York,1417,,,1937
Fewest Home Runs Allowed,Cleveland,61,,,1937
Fewest Walks Allowed,New York,506,,,1937
Saves,Chicago,21,,,1937
Saves,New York,21,,,1937
Shutouts,Chicago,15,,,1937
Shutouts,New York,15,,,1937
Strikeouts,Boston,682,,,1937
Base on Balls,Jimmie Foxx,Boston,119.0,,1938
Base on Balls,Hank Greenberg,Detroit,119.0,,1938
Batting Average,Jimmie Foxx,Boston,0.349,,1938
Doubles,Joe Cronin,Boston,51.0,,1938
Hits,Joe Vosmik,Boston,201.0,,1938
Home Runs,Hank Greenberg,Detroit,58.0,,1938
On Base Percentage,Jimmie Foxx,Boston,0.462,,1938
RBI,Jimmie Foxx,Boston,175.0,,1938
Runs,Hank Greenberg,Detroit,144.0,,1938
Slugging Average,Jimmie Foxx,Boston,0.704,,1938
Stolen Bases,Frankie Crosetti,New York,27.0,,1938
Total Bases,Jimmie Foxx,Boston,398.0,,1938
Triples,Jeff Heath,Cleveland,18.0,,1938
Complete Games,Bobo Newsom,St. Louis,31.0,,1938
ERA,Lefty Grove,Boston,3.08,,1938
Games,Johnny Humphries,Cleveland,45.0,,1938
Saves,Johnny Murphy,New York,11.0,,1938
Shutouts,Lefty Gomez,New York,4.0,,1938
Strikeouts,Bob Feller,Cleveland,240.0,,1938
Winning Percentage,Red Ruffing,New York,0.75,,1938
Wins,Red Ruffing,New York,21.0,,1938
1938 American League Team Standings,1938 American League Team Standings,1938 American League Team Standings,,,1938
Team | Roster,Wins,Losses,,,1938
New York Yankees,99,53,0.651,0.0,1938
Boston Red Sox,88,61,0.591,,1938
Cleveland Indians,86,66,0.566,13.0,1938
Detroit Tigers,84,70,0.545,16.0,1938
Washington Senators,75,76,0.497,,1938
Chicago White Sox,65,83,0.439,32.0,1938
St. Louis Browns,55,97,0.362,44.0,1938
Philadelphia Athletics,53,99,0.349,46.0,1938
Team | Roster,Wins,Losses,,,1938
1938 A.L. Final Standings,1938 A.L. Final Standings,1938 A.L. Final Standings,,,1938
Base on Balls,New York,749,,,1938
Batting Average,Boston,.299,,,1938
Doubles,Cleveland,300,,,1938
Hits,Washington,1602,,,1938
Home Runs,New York,174,,,1938
On Base Percentage,Boston,.378,,,1938
Runs,New York,966,,,1938
Slugging Average,New York,.446,,,1938
Stolen Bases,New York,91,,,1938
Triples,Cleveland,89,,,1938
Complete Games,New York,91,,,1938
ERA,New York,3.92,,,1938
Fewest Hits Allowed,Cleveland,1416,,,1938
Fewest Home Runs Allowed,New York,85,,,1938
Fewest Walks Allowed,Boston,528,,,1938
Saves,Cleveland,17,,,1938
Shutouts,New York,11,,,1938
Strikeouts,Cleveland,717,,,1938
Base on Balls,Harlond Clift,St. Louis,111.0,,1939
Batting Average,Joe DiMaggio,New York,0.381,,1939
Doubles,Red Rolfe,New York,46.0,,1939
Hits,Red Rolfe,New York,213.0,,1939
Home Runs,Jimmie Foxx,Boston,35.0,,1939
On Base Percentage,Jimmie Foxx,Boston,0.464,,1939
RBI,Ted Williams,Boston,145.0,,1939
Runs,Red Rolfe,New York,139.0,,1939
Slugging Average,Jimmie Foxx,Boston,0.694,,1939
Stolen Bases,George Case,Washington,51.0,,1939
Total Bases,Ted Williams,Boston,344.0,,1939
Triples,Buddy Lewis,Washington,16.0,,1939
Complete Games,Bobo Newsom,St. Louis,24.0,,1939
Complete Games,Bobo Newsom,Detroit,24.0,,1939
ERA,Lefty Grove,Boston,2.54,,1939
Games,Clint Brown,Chicago,61.0,,1939
Saves,Johnny Murphy,New York,19.0,,1939
Shutouts,Red Ruffing,New York,5.0,,1939
Strikeouts,Bob Feller,Cleveland,246.0,,1939
Winning Percentage,Lefty Grove,Boston,0.789,,1939
Wins,Bob Feller,Cleveland,24.0,,1939
1939 American League Team Standings,1939 American League Team Standings,1939 American League Team Standings,,,1939
Team [Click for roster],Wins,Losses,,,1939
New York Yankees,106,45,0.702,0.0,1939
Boston Red Sox,89,62,0.589,17.0,1939
Cleveland Indians,87,67,0.565,,1939
Chicago White Sox,85,69,0.552,,1939
Detroit Tigers,81,73,0.526,,1939
Washington Senators,65,87,0.428,,1939
Philadelphia Athletics,55,97,0.362,,1939
St. Louis Browns,43,111,0.279,,1939
Base on Balls,New York,701,,,1939
Batting Average,Boston,.291,,,1939
Doubles,Cleveland,291,,,1939
Hits,Boston,1543,,,1939
Home Runs,New York,166,,,1939
On Base Percentage,New York,.374,,,1939
Runs,New York,967,,,1939
Slugging Average,New York,.451,,,1939
Stolen Bases,Chicago,113,,,1939
Triples,Cleveland,79,,,1939
Triples,Washington,79,,,1939
Complete Games,New York,87,,,1939
ERA,New York,3.31,,,1939
Fewest Hits Allowed,New York,1208,,,1939
Fewest Home Runs Allowed,Cleveland,75,,,1939
Fewest Home Runs Allowed,Washington,75,,,1939
Fewest Walks Allowed,Chicago,454,,,1939
Saves,New York,26,,,1939
Shutouts,New York,15,,,1939
Strikeouts,Detroit,633,,,1939
Base on Balls,Charlie Keller,New York,106.0,,1940
Batting Average,Joe DiMaggio,New York,0.352,,1940
Doubles,Hank Greenberg,Detroit,50.0,,1940
Hits,Doc Cramer,Boston,200.0,,1940
Hits,Barney McCosky,Detroit,200.0,,1940
Hits,Rip Radcliff,St. Louis,200.0,,1940
Home Runs,Hank Greenberg,Detroit,41.0,,1940
On Base Percentage,Ted Williams,Boston,0.442,,1940
RBI,Hank Greenberg,Detroit,150.0,,1940
Runs,Ted Williams,Boston,134.0,,1940
Slugging Average,Hank Greenberg,Detroit,0.67,,1940
Stolen Bases,George Case,Washington,35.0,,1940
Total Bases,Hank Greenberg,Detroit,384.0,,1940
Triples,Barney McCosky,Detroit,19.0,,1940
Complete Games,Bob Feller,Cleveland,31.0,,1940
ERA,Bob Feller,Cleveland,2.61,,1940
Games,Bob Feller,Cleveland,43.0,,1940
Saves,Al Benton,Detroit,17.0,,1940
Shutouts,Bob Feller,Cleveland,4.0,,1940
Shutouts,Ted Lyons,Chicago,4.0,,1940
Shutouts,Al Milnar,Cleveland,4.0,,1940
Strikeouts,Bob Feller,Cleveland,261.0,,1940
Winning Percentage,Schoolboy Rowe,Detroit,0.842,,1940
Wins,Bob Feller,Cleveland,27.0,,1940
1940 American League Team Standings,1940 American League Team Standings,1940 American League Team Standings,,,1940
Team [Click for roster],Wins,Losses,,,1940
Detroit Tigers,90,64,0.584,0.0,1940
Cleveland Indians,89,65,0.578,1.0,1940
New York Yankees,88,66,0.571,2.0,1940
Chicago White Sox,82,72,0.532,8.0,1940
Boston Red Sox,82,72,0.532,8.0,1940
St. Louis Browns,67,87,0.435,23.0,1940
Washington Senators,64,90,0.416,26.0,1940
Philadelphia Athletics,54,100,0.351,36.0,1940
Base on Balls,Detroit,664,,,1940
Batting Average,Detroit,.286,,,1940
Doubles,Detroit,312,,,1940
Hits,Boston,1566,,,1940
Home Runs,New York,155,,,1940
On Base Percentage,Detroit,.366,,,1940
Runs,Detroit,888,,,1940
Slugging Average,Boston,.449,,,1940
Stolen Bases,Washington,94,,,1940
Triples,Boston,80,,,1940
Complete Games,Chicago,83,,,1940
ERA,Cleveland,3.64,,,1940
Fewest Hits Allowed,Cleveland,1328,,,1940
Fewest Home Runs Allowed,Cleveland,86,,,1940
Fewest Walks Allowed,Chicago,480,,,1940
Saves,Detroit,23,,,1940
Shutouts,Cleveland,13,,,1940
Strikeouts,Detroit,752,,,1940
Base on Balls,Ted Williams,Boston,147.0,,1941
Batting Average,Ted Williams,Boston,0.406,,1941
Doubles,Lou Boudreau,Cleveland,45.0,,1941
Hits,Cecil Travis,Washington,218.0,,1941
Home Runs,Ted Williams,Boston,37.0,,1941
On Base Percentage,Ted Williams,Boston,0.551,,1941
RBI,Joe DiMaggio,New York,125.0,,1941
Runs,Ted Williams,Boston,135.0,,1941
Slugging Average,Ted Williams,Boston,0.735,,1941
Stolen Bases,George Case,Washington,33.0,,1941
Total Bases,Joe DiMaggio,New York,348.0,,1941
Triples,Jeff Heath,Cleveland,20.0,,1941
1941 A.L. History | 1941 N.L. History | Year-by-Year History,1941 A.L. History | 1941 N.L. History | Year-by-Year History,1941 A.L. History | 1941 N.L. History | Year-by-Year History,,,1941
Complete Games,Thornton Lee,Chicago,30.0,,1941
ERA,Thornton Lee,Chicago,2.37,,1941
Games,Bob Feller,Cleveland,44.0,,1941
Saves,Johnny Murphy,New York,15.0,,1941
Shutouts,Bob Feller,Cleveland,6.0,,1941
Strikeouts,Bob Feller,Cleveland,260.0,,1941
Winning Percentage,Lefty Gomez,New York,0.75,,1941
Wins,Bob Feller,Cleveland,25.0,,1941
1941 A.L. History | 1941 N.L. History | Year-by-Year History,1941 A.L. History | 1941 N.L. History | Year-by-Year History,1941 A.L. History | 1941 N.L. History | Year-by-Year History,,,1941
Team | Roster,W,L,,,1941
New York Yankees,101,53,0.656,0.0,1941
Boston Red Sox,84,70,0.545,17.0,1941
Chicago White Sox,77,77,0.5,24.0,1941
Detroit Tigers,75,79,0.487,26.0,1941
Cleveland Indians,75,79,0.487,26.0,1941
Washington Senators,70,84,0.455,31.0,1941
St. Louis Browns,70,84,0.455,31.0,1941
Philadelphia Athletics,64,90,0.416,37.0,1941
Team | Roster,W,L,,,1941
1941 American League Team Standings,1941 American League Team Standings,1941 American League Team Standings,,,1941
Base on Balls,St. Louis,775,,,1941
Batting Average,Boston,.283,,,1941
Doubles,Boston,304,,,1941
Hits,Boston,1517,,,1941
Home Runs,New York,151,,,1941
On Base Percentage,Boston,.366,,,1941
Runs,Boston,865,,,1941
Slugging Average,Boston,.430,,,1941
Stolen Bases,Chicago,91,,,1941
Triples,Cleveland,84,,,1941
Complete Games,Chicago,106,,,1941
ERA,Chicago,3.52,,,1941
Fewest Hits Allowed,New York,1309,,,1941
Fewest Home Runs Allowed,Washington,69,,,1941
Fewest Walks Allowed,Chicago,521,,,1941
Saves,New York,26,,,1941
Shutouts,Chicago,14,,,1941
Strikeouts,Detroit,697,,,1941
Base on Balls,Ted Williams,Boston,145.0,,1942
Batting Average,Ted Williams,Boston,0.356,,1942
Doubles,Don Kolloway,Chicago,40.0,,1942
Hits,Johnny Pesky,Boston,205.0,,1942
Home Runs,Ted Williams,Boston,36.0,,1942
On Base Percentage,Ted Williams,Boston,0.499,,1942
RBI,Ted Williams,Boston,137.0,,1942
Runs,Ted Williams,Boston,141.0,,1942
Slugging Average,Ted Williams,Boston,0.648,,1942
Stolen Bases,George Case,Washington,44.0,,1942
Total Bases,Ted Williams,Boston,338.0,,1942
Triples,Stan Spence,Washington,15.0,,1942
1942 A.L. History | 1942 N.L. History | Year-by-Year History,1942 A.L. History | 1942 N.L. History | Year-by-Year History,1942 A.L. History | 1942 N.L. History | Year-by-Year History,,,1942
Complete Games,Tiny Bonham,New York,22.0,,1942
Complete Games,Tex Hughson,Boston,22.0,,1942
ERA,Ted Lyons,Chicago,2.1,,1942
Games,Joe Haynes,Chicago,40.0,,1942
Saves,Johnny Murphy,New York,11.0,,1942
Shutouts,Tiny Bonham,New York,6.0,,1942
Strikeouts,Tex Hughson,Boston,113.0,,1942
Strikeouts,Bobo Newsom,Washington,113.0,,1942
Winning Percentage,Tiny Bonham,New York,0.808,,1942
Wins,Tex Hughson,Boston,22.0,,1942
1942 A.L. History | 1942 N.L. History | Year-by-Year History,1942 A.L. History | 1942 N.L. History | Year-by-Year History,1942 A.L. History | 1942 N.L. History | Year-by-Year History,,,1942
Team | Roster,W,L,,,1942
New York Yankees,103,51,0.669,0.0,1942
Boston Red Sox,93,59,0.612,9.0,1942
St. Louis Browns,82,69,0.543,,1942
Cleveland Indians,75,79,0.487,28.0,1942
Detroit Tigers,73,81,0.474,30.0,1942
Chicago White Sox,66,82,0.446,34.0,1942
Washington Senators,62,89,0.411,,1942
Philadelphia Athletics,55,99,0.357,48.0,1942
Team | Roster,W,L,,,1942
1942 American League Team Standings,1942 American League Team Standings,1942 American League Team Standings,,,1942
Base on Balls,St. Louis,609,,,1942
Batting Average,Boston,.276,,,1942
Doubles,Boston,244,,,1942
Hits,Boston,1451,,,1942
Home Runs,New York,108,,,1942
On Base Percentage,Boston,.352,,,1942
Runs,New York,801,,,1942
Slugging Average,Boston,.403,,,1942
Stolen Bases,Chicago,114,,,1942
Triples,St. Louis,62,,,1942
Complete Games,New York,88,,,1942
ERA,New York,2.91,,,1942
Fewest Hits Allowed,New York,1259,,,1942
Fewest Home Runs Allowed,Washington,50,,,1942
Fewest Walks Allowed,New York,431,,,1942
Saves,Boston,17,,,1942
Saves,New York,17,,,1942
Shutouts,New York,18,,,1942
Strikeouts,Detroit,671,,,1942
Base on Balls,Charlie Keller,New York,106.0,,1943
Batting Average,Luke Appling,Chicago,0.328,,1943
Doubles,Dick Wakefield,Detroit,38.0,,1943
Hits,Dick Wakefield,Detroit,200.0,,1943
Home Runs,Rudy York,Detroit,34.0,,1943
On Base Percentage,Luke Appling,Chicago,0.419,,1943
RBI,Rudy York,Detroit,118.0,,1943
Runs,George Case,Washington,102.0,,1943
Slugging Average,Rudy York,Detroit,0.527,,1943
Stolen Bases,George Case,Washington,61.0,,1943
Total Bases,Rudy York,Detroit,301.0,,1943
Triples,Johnny Lindell,New York,12.0,,1943
Triples,Wally Moses,Chicago,12.0,,1943
Complete Games,Spud Chandler,New York,20.0,,1943
Complete Games,Tex Hughson,Boston,20.0,,1943
ERA,Spud Chandler,New York,1.64,,1943
Games,Mace Brown,Boston,49.0,,1943
Saves,Gordon Maltzberger,Chicago,14.0,,1943
Shutouts,Spud Chandler,New York,5.0,,1943
Shutouts,Dizzy Trout,Detroit,5.0,,1943
Strikeouts,Allie Reynolds,Cleveland,151.0,,1943
Winning Percentage,Spud Chandler,New York,0.833,,1943
Wins,Spud Chandler,New York,20.0,,1943
Wins,Tex Hughson,Boston,20.0,,1943
1943 American League Team Standings,1943 American League Team Standings,1943 American League Team Standings,,,1943
Team [Click for roster],Wins,Losses,,,1943
New York Yankees,98,56,0.636,0.0,1943
Washington Senators,84,69,0.549,,1943
Cleveland Indians,82,71,0.536,,1943
Chicago White Sox,82,72,0.532,16.0,1943
Detroit Tigers,78,76,0.506,20.0,1943
St. Louis Browns,72,80,0.474,25.0,1943
Boston Red Sox,68,84,0.447,29.0,1943
Philadelphia Athletics,49,105,0.318,49.0,1943
Base on Balls,New York,624,,,1943
Batting Average,Detroit,.261,,,1943
Doubles,Cleveland,246,,,1943
Hits,Detroit,1401,,,1943
Home Runs,New York,100,,,1943
On Base Percentage,New York,.337,,,1943
Runs,New York,669,,,1943
Slugging Average,New York,.376,,,1943
Stolen Bases,Chicago,173,,,1943
Triples,New York,59,,,1943
Complete Games,New York,83,,,1943
ERA,New York,2.93,,,1943
Fewest Hits Allowed,Detroit,1226,,,1943
Fewest Home Runs Allowed,Washington,48,,,1943
Fewest Walks Allowed,St. Louis,488,,,1943
Saves,Washington,21,,,1943
Shutouts,Detroit,18,,,1943
Strikeouts,Detroit,706,,,1943
Base on Balls,Nick Etten,New York,97.0,,1944
Batting Average,Lou Boudreau,Cleveland,0.327,,1944
Doubles,Lou Boudreau,Cleveland,45.0,,1944
Hits,Snuffy Stirnweiss,New York,205.0,,1944
Home Runs,Nick Etten,New York,22.0,,1944
On Base Percentage,Bob Johnson,Boston,0.431,,1944
RBI,Vern Stephens,St. Louis,109.0,,1944
Runs,Snuffy Stirnweiss,New York,125.0,,1944
Slugging Average,Bobby Doerr,Boston,0.528,,1944
Stolen Bases,Snuffy Stirnweiss,New York,55.0,,1944
Total Bases,Johnny Lindell,New York,297.0,,1944
Triples,Johnny Lindell,New York,16.0,,1944
Triples,Snuffy Stirnweiss,New York,16.0,,1944
1944 N.L. | A.L. Retirements | A.L. Rookies | Year-by-Year,1944 N.L. | A.L. Retirements | A.L. Rookies | Year-by-Year,1944 N.L. | A.L. Retirements | A.L. Rookies | Year-by-Year,,,1944
Complete Games,Dizzy Trout,Detroit,33.0,,1944
ERA,Dizzy Trout,Detroit,2.12,,1944
Games,Joe Heving,Cleveland,63.0,,1944
Saves,Joe Berry,Philadelphia,12.0,,1944
Saves,George Caster,St. Louis,12.0,,1944
Saves,Gordon Maltzberger,Chicago,12.0,,1944
Shutouts,Dizzy Trout,Detroit,7.0,,1944
Strikeouts,Hal Newhouser,Detroit,187.0,,1944
Winning Percentage,Tex Hughson,Boston,0.783,,1944
Wins,Hal Newhouser,Detroit,29.0,,1944
1944 N.L. | A.L. Retirements | A.L. Rookies | Year-by-Year,1944 N.L. | A.L. Retirements | A.L. Rookies | Year-by-Year,1944 N.L. | A.L. Retirements | A.L. Rookies | Year-by-Year,,,1944
Team | Roster,Wins,Losses,,,1944
St. Louis Browns,89,65,0.578,0.0,1944
Detroit Tigers,88,66,0.571,1.0,1944
New York Yankees,83,71,0.539,6.0,1944
Boston Red Sox,77,77,0.5,12.0,1944
Philadelphia Athletics,72,82,0.468,17.0,1944
Cleveland Indians,72,82,0.468,17.0,1944
Chicago White Sox,71,83,0.461,18.0,1944
Washington Senators,64,90,0.416,25.0,1944
Team | Roster,Wins,Losses,,,1944
1944 American League Final Standings,1944 American League Final Standings,1944 American League Final Standings,,,1944
Base on Balls,Detroit,532,,,1944
Batting Average,Boston,.270,,,1944
Doubles,Boston,277,,,1944
Hits,Cleveland,1458,,,1944
Home Runs,New York,96,,,1944
On Base Percentage,Boston,.336,,,1944
Runs,Boston,739,,,1944
Slugging Average,New York,.387,,,1944
Stolen Bases,Washington,127,,,1944
Triples,New York,74,,,1944
1944 American League Team Review,1944 American League Team Review,1944 American League Team Review,,,1944
Complete Games,Detroit,87,,,1944
ERA,Detroit,3.09,,,1944
Fewest Hits Allowed,Philadelphia,1345,,,1944
Fewest Home Runs Allowed,Detroit,39,,,1944
Fewest Walks Allowed,Philadelphia,390,,,1944
Saves,Cleveland,18,,,1944
Shutouts,Detroit,20,,,1944
Strikeouts,St. Louis,581,,,1944
Base on Balls,Roy Cullenbine,Cleveland,113.0,,1945
Base on Balls,Roy Cullenbine,Detroit,113.0,,1945
Batting Average,Snuffy Stirnweiss,New York,0.309,,1945
Doubles,Wally Moses,Chicago,35.0,,1945
Hits,Snuffy Stirnweiss,New York,195.0,,1945
Home Runs,Vern Stephens,St. Louis,24.0,,1945
On Base Percentage,Eddie Lake,Boston,0.412,,1945
RBI,Nick Etten,New York,111.0,,1945
Runs,Snuffy Stirnweiss,New York,107.0,,1945
Slugging Average,Snuffy Stirnweiss,New York,0.476,,1945
Stolen Bases,Snuffy Stirnweiss,New York,33.0,,1945
Total Bases,Snuffy Stirnweiss,New York,301.0,,1945
Triples,Snuffy Stirnweiss,New York,22.0,,1945
1945 N.L. | A.L. Retirements | A.L. Rookies | Year-by-Year,1945 N.L. | A.L. Retirements | A.L. Rookies | Year-by-Year,1945 N.L. | A.L. Retirements | A.L. Rookies | Year-by-Year,,,1945
Complete Games,Hal Newhouser,Detroit,29.0,,1945
ERA,Hal Newhouser,Detroit,1.81,,1945
Games,Joe Berry,Philadelphia,52.0,,1945
Saves,Jim Turner,New York,10.0,,1945
Shutouts,Hal Newhouser,Detroit,8.0,,1945
Strikeouts,Hal Newhouser,Detroit,212.0,,1945
Winning Percentage,Hal Newhouser,Detroit,0.735,,1945
Wins,Hal Newhouser,Detroit,25.0,,1945
1945 N.L. | A.L. Retirements | A.L. Rookies | Year-by-Year,1945 N.L. | A.L. Retirements | A.L. Rookies | Year-by-Year,1945 N.L. | A.L. Retirements | A.L. Rookies | Year-by-Year,,,1945
Team | Roster,Wins,Losses,,,1945
Detroit Tigers,88,65,0.575,0.0,1945
Washington Senators,87,67,0.565,,1945
St. Louis Browns,81,70,0.536,6.0,1945
New York Yankees,81,71,0.533,,1945
Cleveland Indians,73,72,0.503,11.0,1945
Chicago White Sox,71,78,0.477,15.0,1945
Boston Red Sox,71,83,0.461,,1945
Philadelphia Athletics,52,98,0.347,,1945
Team | Roster,Wins,Losses,,,1945
1945 American League Final Standings,1945 American League Final Standings,1945 American League Final Standings,,,1945
Base on Balls,New York,618,,,1945
Batting Average,Chicago,.262,,,1945
Doubles,Detroit,227,,,1945
Hits,Boston,1393,,,1945
Home Runs,New York,93,,,1945
On Base Percentage,New York,.343,,,1945
Runs,New York,676,,,1945
Slugging Average,New York,.373,,,1945
Stolen Bases,Washington,110,,,1945
Triples,Washington,63,,,1945
Complete Games,St. Louis,91,,,1945
ERA,Washington,2.93,,,1945
Fewest Hits Allowed,Cleveland,1269,,,1945
Fewest Home Runs Allowed,Cleveland,39,,,1945
Fewest Walks Allowed,Washington,440,,,1945
Saves,Detroit,16,,,1945
Shutouts,Detroit,19,,,1945
Shutouts,Washington,19,,,1945
Strikeouts,Detroit,588,,,1945
Base on Balls,Ted Williams,Boston,156.0,,1946
Batting Average,Mickey Vernon,Washington,0.353,,1946
Doubles,Mickey Vernon,Washington,51.0,,1946
Hits,Johnny Pesky,Boston,208.0,,1946
Home Runs,Hank Greenberg,Detroit,44.0,,1946
On Base Percentage,Ted Williams,Boston,0.497,,1946
RBI,Hank Greenberg,Detroit,127.0,,1946
Runs,Ted Williams,Boston,142.0,,1946
Slugging Average,Ted Williams,Boston,0.667,,1946
Stolen Bases,George Case,Cleveland,28.0,,1946
Total Bases,Ted Williams,Boston,343.0,,1946
Triples,Hank Edwards,Cleveland,16.0,,1946
Complete Games,Bob Feller,Cleveland,36.0,,1946
ERA,Hal Newhouser,Detroit,1.94,,1946
Games,Bob Feller,Cleveland,48.0,,1946
Saves,Bob Klinger,Boston,9.0,,1946
Shutouts,Bob Feller,Cleveland,10.0,,1946
Strikeouts,Bob Feller,Cleveland,348.0,,1946
Winning Percentage,Dave Ferriss,Boston,0.806,,1946
Wins,Bob Feller,Cleveland,26.0,,1946
Wins,Hal Newhouser,Detroit,26.0,,1946
1946 American League Team Standings,1946 American League Team Standings,1946 American League Team Standings,,,1946
Team [Click for roster],Wins,Losses,,,1946
Boston Red Sox,104,50,0.675,0.0,1946
Detroit Tigers,92,62,0.597,12.0,1946
New York Yankees,87,67,0.565,17.0,1946
Washington Senators,76,78,0.484,28.0,1946
Chicago White Sox,74,80,0.481,30.0,1946
Cleveland Indians,68,86,0.442,36.0,1946
St. Louis Browns,66,88,0.429,38.0,1946
Philadelphia Athletics,49,105,0.318,55.0,1946
Base on Balls,Boston,687,,,1946
Batting Average,Boston,.271,,,1946
Doubles,Boston,268,,,1946
Hits,Boston,1441,,,1946
Home Runs,New York,136,,,1946
On Base Percentage,Boston,.356,,,1946
Runs,Boston,792,,,1946
Slugging Average,Boston,.402,,,1946
Stolen Bases,Chicago,78,,,1946
Triples,Washington,63,,,1946
Complete Games,Detroit,94,,,1946
ERA,Chicago,3.10,,,1946
Fewest Hits Allowed,New York,1232,,,1946
Fewest Home Runs Allowed,New York,66,,,1946
Fewest Walks Allowed,Detroit,497,,,1946
Saves,Boston,20,,,1946
Shutouts,Detroit,18,,,1946
Strikeouts,Detroit,896,,,1946
Base on Balls,Ted Williams,Boston,162.0,,1947
Batting Average,Ted Williams,Boston,0.343,,1947
Doubles,Lou Boudreau,Cleveland,45.0,,1947
Hits,Johnny Pesky,Boston,207.0,,1947
Home Runs,Ted Williams,Boston,32.0,,1947
On Base Percentage,Ted Williams,Boston,0.499,,1947
RBI,Ted Williams,Boston,114.0,,1947
Runs,Ted Williams,Boston,125.0,,1947
Slugging Average,Ted Williams,Boston,0.634,,1947
Stolen Bases,Bob Dillinger,St. Louis,34.0,,1947
Total Bases,Ted Williams,Boston,335.0,,1947
Triples,Tommy Henrich,New York,13.0,,1947
Complete Games,Hal Newhouser,Detroit,24.0,,1947
ERA,Joe Haynes,Chicago,2.42,,1947
Games,Ed Klieman,Cleveland,58.0,,1947
Saves,Ed Klieman,Cleveland,17.0,,1947
Saves,Joe Page,New York,17.0,,1947
Shutouts,Bob Feller,Cleveland,5.0,,1947
Strikeouts,Bob Feller,Cleveland,196.0,,1947
Winning Percentage,Allie Reynolds,New York,0.704,,1947
Wins,Bob Feller,Cleveland,20.0,,1947
1947 American League Team Standings,1947 American League Team Standings,1947 American League Team Standings,,,1947
Team [Click for roster],Wins,Losses,,,1947
New York Yankees,97,57,0.63,0.0,1947
Detroit Tigers,85,69,0.552,12.0,1947
Boston Red Sox,83,71,0.539,14.0,1947
Cleveland Indians,80,74,0.519,17.0,1947
Philadelphia Athletics,78,76,0.506,19.0,1947
Chicago White Sox,70,84,0.455,27.0,1947
Washington Senators,64,90,0.416,33.0,1947
St. Louis Browns,59,95,0.383,38.0,1947
Base on Balls,Detroit,762,,,1947
Batting Average,New York,.271,,,1947
Doubles,Cleveland,234,,,1947
Doubles,Detroit,234,,,1947
Hits,New York,1439,,,1947
Home Runs,New York,115,,,1947
On Base Percentage,Detroit,.353,,,1947
Runs,New York,794,,,1947
Slugging Average,New York,.407,,,1947
Stolen Bases,Chicago,91,,,1947
Triples,New York,72,,,1947
Complete Games,Detroit,77,,,1947
ERA,New York,3.40,,,1947
Fewest Hits Allowed,New York,1221,,,1947
Fewest Home Runs Allowed,Washington,63,,,1947
Fewest Walks Allowed,Detroit,531,,,1947
Saves,Cleveland,29,,,1947
Shutouts,Detroit,15,,,1947
Shutouts,Washington,15,,,1947
Strikeouts,New York,691,,,1947
Base on Balls,Ted Williams,Boston,126.0,,1948
Batting Average,Ted Williams,Boston,0.369,,1948
Doubles,Ted Williams,Boston,44.0,,1948
Hits,Bob Dillinger,St. Louis,207.0,,1948
Home Runs,Joe DiMaggio,New York,39.0,,1948
On Base Percentage,Ted Williams,Boston,0.497,,1948
RBI,Joe DiMaggio,New York,155.0,,1948
Runs,Tommy Henrich,New York,138.0,,1948
Slugging Average,Ted Williams,Boston,0.615,,1948
Stolen Bases,Bob Dillinger,St. Louis,28.0,,1948
Total Bases,Joe DiMaggio,New York,355.0,,1948
Triples,Tommy Henrich,New York,14.0,,1948
Complete Games,Bob Lemon,Cleveland,20.0,,1948
ERA,Gene Bearden,Cleveland,2.43,,1948
Games,Joe Page,New York,55.0,,1948
Saves,Russ Christopher,Cleveland,17.0,,1948
Shutouts,Bob Lemon,Cleveland,10.0,,1948
Strikeouts,Bob Feller,Cleveland,164.0,,1948
Winning Percentage,Jack Kramer,Boston,0.783,,1948
Wins,Hal Newhouser,Detroit,21.0,,1948
1948 American League Team Standings,1948 American League Team Standings,1948 American League Team Standings,,,1948
Team [Click for roster],Wins,Losses,,,1948
Cleveland Indians,97,58,0.626,0.0,1948
Boston Red Sox,96,59,0.619,1.0,1948
New York Yankees,94,60,0.61,,1948
Philadelphia Athletics,84,70,0.545,,1948
Detroit Tigers,78,76,0.506,,1948
St. Louis Browns,59,94,0.386,37.0,1948
Washington Senators,56,97,0.366,40.0,1948
Chicago White Sox,51,101,0.336,,1948
Base on Balls,Boston,823,,,1948
Batting Average,Cleveland,.282,,,1948
Doubles,Boston,277,,,1948
Hits,Cleveland,1534,,,1948
Home Runs,Cleveland,155,,,1948
On Base Percentage,Boston,.374,,,1948
Runs,Boston,907,,,1948
Slugging Average,New York,.432,,,1948
Stolen Bases,Washington,76,,,1948
Triples,New York,75,,,1948
Triples,Washington,75,,,1948
Complete Games,Philadelphia,74,,,1948
ERA,Cleveland,3.23,,,1948
Fewest Hits Allowed,Cleveland,1246,,,1948
Fewest Home Runs Allowed,Washington,81,,,1948
Fewest Walks Allowed,Detroit,589,,,1948
Saves,Cleveland,30,,,1948
Shutouts,Cleveland,26,,,1948
Strikeouts,Detroit,678,,,1948
Base on Balls,Ted Williams,Boston,162.0,,1949
Batting Average,George Kell,Detroit,0.343,,1949
Doubles,Ted Williams,Boston,39.0,,1949
Hits,Dale Mitchell,Cleveland,203.0,,1949
Home Runs,Ted Williams,Boston,43.0,,1949
On Base Percentage,Ted Williams,Boston,0.49,,1949
RBI,Vern Stephens,Boston,159.0,,1949
RBI,Ted Williams,Boston,159.0,,1949
Runs,Ted Williams,Boston,150.0,,1949
Slugging Average,Ted Williams,Boston,0.65,,1949
Stolen Bases,Bob Dillinger,St. Louis,20.0,,1949
Total Bases,Ted Williams,Boston,368.0,,1949
Triples,Dale Mitchell,Cleveland,23.0,,1949
Complete Games,Mel Parnell,Boston,27.0,,1949
ERA,Mike Garcia,Cleveland,2.36,,1949
Games,Joe Page,New York,60.0,,1949
Saves,Joe Page,New York,27.0,,1949
Shutouts,Ellis Kinder,Boston,6.0,,1949
Shutouts,Virgil Trucks,Detroit,6.0,,1949
Strikeouts,Virgil Trucks,Detroit,153.0,,1949
Winning Percentage,Ellis Kinder,Boston,0.793,,1949
Wins,Mel Parnell,Boston,25.0,,1949
1949 American League Team Standings,1949 American League Team Standings,1949 American League Team Standings,,,1949
Team [Click for roster],Wins,Losses,,,1949
New York Yankees,97,57,0.63,0.0,1949
Boston Red Sox,96,58,0.623,1.0,1949
Cleveland Indians,89,65,0.578,8.0,1949
Detroit Tigers,87,67,0.565,10.0,1949
Philadelphia Athletics,81,73,0.526,16.0,1949
Chicago White Sox,63,91,0.409,34.0,1949
St. Louis Browns,53,101,0.344,44.0,1949
Washington Senators,50,104,0.325,47.0,1949
Base on Balls,Boston,835,,,1949
Batting Average,Boston,.282,,,1949
Doubles,Boston,272,,,1949
Hits,Boston,1500,,,1949
Home Runs,Boston,131,,,1949
On Base Percentage,Boston,.381,,,1949
Runs,Boston,896,,,1949
Slugging Average,Boston,.420,,,1949
Stolen Bases,Chicago,62,,,1949
Triples,Chicago,66,,,1949
Complete Games,Philadelphia,85,,,1949
ERA,Cleveland,3.36,,,1949
Fewest Hits Allowed,New York,1231,,,1949
Fewest Home Runs Allowed,Washington,79,,,1949
Fewest Walks Allowed,Cleveland,611,,,1949
Saves,New York,36,,,1949
Shutouts,Detroit,19,,,1949
Strikeouts,New York,671,,,1949
Base on Balls,Eddie Yost,Washington,141.0,,1950
Batting Average,Billy Goodman,Boston,0.354,,1950
Doubles,George Kell,Detroit,56.0,,1950
Hits,George Kell,Detroit,218.0,,1950
Home Runs,Al Rosen,Cleveland,37.0,,1950
On Base Percentage,Larry Doby,Cleveland,0.442,,1950
RBI,Walt Dropo,Boston,144.0,,1950
RBI,Vern Stephens,Boston,144.0,,1950
Runs,Dom DiMaggio,Boston,131.0,,1950
Slugging Average,Joe DiMaggio,New York,0.585,,1950
Stolen Bases,Dom DiMaggio,Boston,15.0,,1950
Total Bases,Walt Dropo,Boston,326.0,,1950
Triples,Dom DiMaggio,Boston,11.0,,1950
Triples,Bobby Doerr,Boston,11.0,,1950
Triples,Hoot Evers,Detroit,11.0,,1950
1950 A.L. History | 1950 N.L. History | Year-by-Year History,1950 A.L. History | 1950 N.L. History | Year-by-Year History,1950 A.L. History | 1950 N.L. History | Year-by-Year History,,,1950
Complete Games,Ned Garver,St. Louis,22.0,,1950
Complete Games,Bob Lemon,Cleveland,22.0,,1950
ERA,Early Wynn,Cleveland,3.2,,1950
Games,Mickey Harris,Washington,53.0,,1950
Saves,Mickey Harris,Washington,15.0,,1950
Shutouts,Art Houtteman,Detroit,4.0,,1950
Strikeouts,Bob Lemon,Cleveland,170.0,,1950
Winning Percentage,Vic Raschi,New York,0.724,,1950
Wins,Bob Lemon,Cleveland,23.0,,1950
1950 A.L. History | 1950 N.L. History | Year-by-Year History,1950 A.L. History | 1950 N.L. History | Year-by-Year History,1950 A.L. History | 1950 N.L. History | Year-by-Year History,,,1950
Team [Click for roster],Wins,Losses,,,1950
New York Yankees,98,56,0.636,0.0,1950
Detroit Tigers,95,59,0.617,3.0,1950
Boston Red Sox,94,60,0.61,4.0,1950
Cleveland Indians,92,62,0.597,6.0,1950
Washington Senators,67,87,0.435,31.0,1950
Chicago White Sox,60,94,0.39,39.0,1950
St. Louis Browns,58,96,0.377,40.0,1950
Philadelphia Athletics,52,102,0.338,46.0,1950
Base on Balls,Detroit,722,,,1950
Batting Average,Boston,.302,,,1950
Doubles,Boston,287,,,1950
Hits,Boston,1665,,,1950
Home Runs,Cleveland,164,,,1950
On Base Percentage,Boston,.385,,,1950
Runs,Boston,1027,,,1950
Slugging Average,Boston,.464,,,1950
Stolen Bases,Philadelphia,42,,,1950
Stolen Bases,Washington,42,,,1950
Triples,New York,70,,,1950
Complete Games,Detroit,72,,,1950
ERA,Cleveland,3.76,,,1950
Fewest Hits Allowed,Cleveland,1289,,,1950
Fewest Home Runs Allowed,Washington,99,,,1950
Fewest Walks Allowed,Detroit,553,,,1950
Saves,New York,31,,,1950
Shutouts,New York,12,,,1950
Strikeouts,New York,712,,,1950
Base on Balls,Ted Williams,Boston,144.0,,1951
Batting Average,Ferris Fain,Philadelphia,0.344,,1951
Doubles,George Kell,Detroit,36.0,,1951
Doubles,Sam Mele,Washington,36.0,,1951
Doubles,Eddie Yost,Washington,36.0,,1951
Hits,George Kell,Detroit,191.0,,1951
Home Runs,Gus Zernial,Chicago,33.0,,1951
Home Runs,Gus Zernial,Philadelphia,33.0,,1951
On Base Percentage,Ted Williams,Boston,0.464,,1951
RBI,Gus Zernial,Chicago,129.0,,1951
RBI,Gus Zernial,Philadelphia,129.0,,1951
Runs,Dom DiMaggio,Boston,113.0,,1951
Slugging Average,Ted Williams,Boston,0.556,,1951
Stolen Bases,Minnie Minoso,Cleveland,31.0,,1951
Stolen Bases,Minnie Minoso,Chicago,31.0,,1951
Total Bases,Ted Williams,Boston,295.0,,1951
Triples,Minnie Minoso,Cleveland,14.0,,1951
Triples,Minnie Minoso,Chicago,14.0,,1951
1951 A.L. History | 1951 N.L. History | Year-by-Year History,1951 A.L. History | 1951 N.L. History | Year-by-Year History,1951 A.L. History | 1951 N.L. History | Year-by-Year History,,,1951
Complete Games,Ned Garver,St. Louis,24.0,,1951
ERA,Saul Rogovin,Detroit,2.78,,1951
ERA,Saul Rogovin,Chicago,2.78,,1951
Games,Ellis Kinder,Boston,63.0,,1951
Saves,Ellis Kinder,Boston,14.0,,1951
Shutouts,Allie Reynolds,New York,7.0,,1951
Strikeouts,Vic Raschi,New York,164.0,,1951
Winning Percentage,Bob Feller,Cleveland,0.733,,1951
Wins,Bob Feller,Cleveland,22.0,,1951
1951 A.L. History | 1951 N.L. History | Year-by-Year History,1951 A.L. History | 1951 N.L. History | Year-by-Year History,1951 A.L. History | 1951 N.L. History | Year-by-Year History,,,1951
Team [Click for roster],Wins,Losses,,,1951
New York Yankees,98,56,0.636,0.0,1951
Cleveland Indians,93,61,0.604,5.0,1951
Boston Red Sox,87,67,0.565,11.0,1951
Chicago White Sox,81,73,0.526,17.0,1951
Detroit Tigers,73,81,0.474,25.0,1951
Philadelphia Athletics,70,84,0.455,28.0,1951
Washington Senators,62,92,0.403,36.0,1951
St. Louis Browns,52,102,0.338,46.0,1951
Base on Balls,Boston,756,,,1951
Batting Average,Chicago,.270,,,1951
Doubles,Philadelphia,262,,,1951
Hits,Chicago,1453,,,1951
Home Runs,Cleveland,140,,,1951
Home Runs,New York,140,,,1951
On Base Percentage,Boston,.358,,,1951
Runs,Boston,804,,,1951
Slugging Average,New York,.408,,,1951
Stolen Bases,Chicago,99,,,1951
Triples,Chicago,64,,,1951
Complete Games,Cleveland,76,,,1951
ERA,Cleveland,3.39,,,1951
Fewest Hits Allowed,Cleveland,1287,,,1951
Fewest Home Runs Allowed,Cleveland,85,,,1951
Fewest Walks Allowed,Chicago,549,,,1951
Saves,Boston,24,,,1951
Shutouts,New York,24,,,1951
Strikeouts,New York,664,,,1951
Base on Balls,Eddie Yost,Washington,129.0,,1952
Batting Average,Ferris Fain,Philadelphia,0.327,,1952
Doubles,Ferris Fain,Philadelphia,43.0,,1952
Hits,Nellie Fox,Chicago,192.0,,1952
Home Runs,Larry Doby,Cleveland,32.0,,1952
On Base Percentage,Ferris Fain,Philadelphia,0.438,,1952
RBI,Al Rosen,Cleveland,105.0,,1952
Runs,Larry Doby,Cleveland,104.0,,1952
Slugging Average,Larry Doby,Cleveland,0.541,,1952
Stolen Bases,Minnie Minoso,Chicago,22.0,,1952
Total Bases,Al Rosen,Cleveland,297.0,,1952
Triples,Bobby Avila,Cleveland,11.0,,1952
1952 A.L. History | 1952 N.L. History | Year-by-Year History,1952 A.L. History | 1952 N.L. History | Year-by-Year History,1952 A.L. History | 1952 N.L. History | Year-by-Year History,,,1952
Complete Games,Bob Lemon,Cleveland,28.0,,1952
ERA,Allie Reynolds,New York,2.06,,1952
Games,Bill Kennedy,Chicago,47.0,,1952
Saves,Harry Dorish,Chicago,11.0,,1952
Shutouts,Mike Garcia,Cleveland,6.0,,1952
Shutouts,Allie Reynolds,New York,6.0,,1952
Strikeouts,Allie Reynolds,New York,160.0,,1952
Winning Percentage,Bobby Shantz,Philadelphia,0.774,,1952
Wins,Bobby Shantz,Philadelphia,24.0,,1952
1952 A.L. History | 1952 N.L. History | Year-by-Year History,1952 A.L. History | 1952 N.L. History | Year-by-Year History,1952 A.L. History | 1952 N.L. History | Year-by-Year History,,,1952
Team [Click for roster],Wins,Losses,,,1952
New York Yankees,95,59,0.617,0.0,1952
Cleveland Indians,93,61,0.604,2.0,1952
Chicago White Sox,81,73,0.526,14.0,1952
Philadelphia Athletics,79,75,0.513,16.0,1952
Washington Senators,78,76,0.506,17.0,1952
Boston Red Sox,76,78,0.494,19.0,1952
St. Louis Browns,64,90,0.416,31.0,1952
Detroit Tigers,50,104,0.325,45.0,1952
Base on Balls,Philadelphia,683,,,1952
Batting Average,New York,.267,,,1952
Doubles,Boston,233,,,1952
Hits,New York,1411,,,1952
Home Runs,Cleveland,148,,,1952
On Base Percentage,Philadelphia,.343,,,1952
Runs,Cleveland,763,,,1952
Slugging Average,Cleveland,.404,,,1952
Stolen Bases,Chicago,61,,,1952
Triples,New York,56,,,1952
Complete Games,Cleveland,80,,,1952
ERA,New York,3.15,,,1952
Fewest Hits Allowed,New York,1240,,,1952
Fewest Home Runs Allowed,Washington,78,,,1952
Fewest Walks Allowed,Philadelphia,526,,,1952
Saves,Chicago,28,,,1952
Shutouts,New York,21,,,1952
Strikeouts,Chicago,774,,,1952
Base on Balls,Eddie Yost,Washington,123.0,,1953
Batting Average,Mickey Vernon,Washington,0.337,,1953
Doubles,Mickey Vernon,Washington,43.0,,1953
Hits,Harvey Kuenn,Detroit,209.0,,1953
Home Runs,Al Rosen,Cleveland,43.0,,1953
On Base Percentage,Gene Woodling,New York,0.429,,1953
RBI,Al Rosen,Cleveland,145.0,,1953
Runs,Al Rosen,Cleveland,115.0,,1953
Slugging Average,Al Rosen,Cleveland,0.613,,1953
Stolen Bases,Minnie Minoso,Chicago,25.0,,1953
Total Bases,Al Rosen,Cleveland,367.0,,1953
Triples,Jim Rivera,Chicago,16.0,,1953
1953 A.L. History | 1953 N.L. History | Year-by-Year History,1953 A.L. History | 1953 N.L. History | Year-by-Year History,1953 A.L. History | 1953 N.L. History | Year-by-Year History,,,1953
Complete Games,Bob Porterfield,Washington,24.0,,1953
ERA,Ed Lopat,New York,2.42,,1953
Games,Ellis Kinder,Boston,69.0,,1953
Saves,Ellis Kinder,Boston,27.0,,1953
Shutouts,Bob Porterfield,Washington,9.0,,1953
Strikeouts,Billy Pierce,New York,186.0,,1953
Winning Percentage,Ed Lopat,New York,0.8,,1953
Wins,Bob Porterfield,Washington,22.0,,1953
1953 A.L. History | 1953 N.L. History | Year-by-Year History,1953 A.L. History | 1953 N.L. History | Year-by-Year History,1953 A.L. History | 1953 N.L. History | Year-by-Year History,,,1953
Team [Click for roster],Wins,Losses,,,1953
New York Yankees,99,52,0.656,0.0,1953
Cleveland Indians,92,62,0.597,,1953
Chicago White Sox,89,65,0.578,,1953
Boston Red Sox,84,69,0.549,16.0,1953
Washington Senators,76,76,0.5,,1953
Detroit Tigers,60,94,0.39,,1953
Philadelphia Athletics,59,95,0.383,,1953
St. Louis Browns,54,100,0.351,,1953
Base on Balls,New York,656,,,1953
Batting Average,New York,.273,,,1953
Doubles,Detroit,259,,,1953
Hits,Detroit,1479,,,1953
Home Runs,Cleveland,160,,,1953
On Base Percentage,New York,.359,,,1953
Runs,New York,801,,,1953
Slugging Average,New York,.417,,,1953
Stolen Bases,Chicago,73,,,1953
Triples,Chicago,53,,,1953
Triples,Washington,53,,,1953
Complete Games,Cleveland,81,,,1953
ERA,New York,3.21,,,1953
Fewest Hits Allowed,New York,1286,,,1953
Fewest Home Runs Allowed,Boston,92,,,1953
Fewest Home Runs Allowed,Cleveland,92,,,1953
Fewest Walks Allowed,Washington,478,,,1953
Saves,New York,39,,,1953
Shutouts,New York,18,,,1953
Strikeouts,Chicago,714,,,1953
Base on Balls,Ted Williams,Boston,136.0,,1954
Batting Average,Bobby Avila,Cleveland,0.341,,1954
Doubles,Mickey Vernon,Washington,33.0,,1954
Hits,Nellie Fox,Chicago,201.0,,1954
Hits,Harvey Kuenn,Detroit,201.0,,1954
Home Runs,Larry Doby,Cleveland,32.0,,1954
On Base Percentage,Ted Williams,Boston,0.516,,1954
RBI,Larry Doby,Cleveland,126.0,,1954
Runs,Mickey Mantle,New York,129.0,,1954
Slugging Average,Minnie Minoso,Chicago,0.535,,1954
Stolen Bases,Jackie Jensen,Boston,22.0,,1954
Total Bases,Minnie Minoso,Chicago,304.0,,1954
Triples,Minnie Minoso,Chicago,18.0,,1954
1954 A.L. History | 1954 N.L. History | Year-by-Year History,1954 A.L. History | 1954 N.L. History | Year-by-Year History,1954 A.L. History | 1954 N.L. History | Year-by-Year History,,,1954
Complete Games,Bob Lemon,Cleveland,21.0,,1954
Complete Games,Bob Porterfield,Washington,21.0,,1954
ERA,Mike Garcia,Cleveland,2.64,,1954
Games,Sonny Dixon,Washington,54.0,,1954
Games,Sonny Dixon,Philadelphia,54.0,,1954
Saves,Johnny Sain,New York,22.0,,1954
Shutouts,Mike Garcia,Cleveland,5.0,,1954
Shutouts,Virgil Trucks,Chicago,5.0,,1954
Strikeouts,Bob Turley,Baltimore,185.0,,1954
Winning Percentage,Sandy Consuegra,Chicago,0.842,,1954
Wins,Bob Lemon,Cleveland,23.0,,1954
Wins,Early Wynn,Cleveland,23.0,,1954
1954 A.L. History | 1954 N.L. History | Year-by-Year History,1954 A.L. History | 1954 N.L. History | Year-by-Year History,1954 A.L. History | 1954 N.L. History | Year-by-Year History,,,1954
Team [Click for roster],Wins,Losses,,,1954
Cleveland Indians,111,43,0.721,0.0,1954
New York Yankees,103,51,0.669,8.0,1954
Chicago White Sox,94,60,0.61,17.0,1954
Boston Red Sox,69,85,0.448,42.0,1954
Detroit Tigers,68,86,0.442,43.0,1954
Washington Senators,66,88,0.429,45.0,1954
Baltimore Orioles,54,100,0.351,57.0,1954
Philadelphia Athletics,51,103,0.331,60.0,1954
Base on Balls,Boston,654,,,1954
Batting Average,New York,.268,,,1954
Doubles,Boston,244,,,1954
Hits,Boston,1436,,,1954
Home Runs,Cleveland,156,,,1954
On Base Percentage,New York,.351,,,1954
Runs,New York,805,,,1954
Slugging Average,New York,.408,,,1954
Stolen Bases,Chicago,98,,,1954
Triples,Washington,69,,,1954
Complete Games,Cleveland,77,,,1954
ERA,Cleveland,2.79,,,1954
Fewest Hits Allowed,Cleveland,1220,,,1954
Fewest Home Runs Allowed,Baltimore,78,,,1954
Fewest Walks Allowed,Cleveland,486,,,1954
Saves,New York,37,,,1954
Shutouts,Chicago,23,,,1954
Strikeouts,Boston,707,,,1954
Base on Balls,Mickey Mantle,New York,113.0,,1955
Batting Average,Al Kaline,Detroit,0.34,,1955
Doubles,Harvey Kuenn,Detroit,38.0,,1955
Hits,Al Kaline,Detroit,200.0,,1955
Home Runs,Mickey Mantle,New York,37.0,,1955
On Base Percentage,Mickey Mantle,New York,0.433,,1955
RBI,Ray Boone,Detroit,116.0,,1955
RBI,Jackie Jensen,Boston,116.0,,1955
Runs,Al Smith,Cleveland,123.0,,1955
Slugging Average,Mickey Mantle,New York,0.611,,1955
Stolen Bases,Jim Rivera,Chicago,25.0,,1955
Total Bases,Al Kaline,Detroit,321.0,,1955
Triples,Mickey Mantle,New York,11.0,,1955
1955 A.L. History | 1955 N.L. History | Year-by-Year History,1955 A.L. History | 1955 N.L. History | Year-by-Year History,1955 A.L. History | 1955 N.L. History | Year-by-Year History,,,1955
Complete Games,Whitey Ford,New York,18.0,,1955
ERA,Billy Pierce,Chicago,1.97,,1955
Games,Ray Narleski,Cleveland,60.0,,1955
Saves,Ray Narleski,Cleveland,19.0,,1955
Shutouts,Billy Hoeft,Detroit,7.0,,1955
Strikeouts,Herb Score,Cleveland,245.0,,1955
Winning Percentage,Tommy Byrne,New York,0.762,,1955
Wins,Whitey Ford,New York,18.0,,1955
Wins,Bob Lemon,Cleveland,18.0,,1955
Wins,Frank Sullivan,Boston,18.0,,1955
1955 A.L. History | 1955 N.L. History | Year-by-Year History,1955 A.L. History | 1955 N.L. History | Year-by-Year History,1955 A.L. History | 1955 N.L. History | Year-by-Year History,,,1955
Team | Roster,W,L,,,1955
New York Yankees,96,58,0.623,0.0,1955
Cleveland Indians,93,61,0.604,3.0,1955
Chicago White Sox,91,63,0.591,5.0,1955
Boston Red Sox,84,70,0.545,12.0,1955
Detroit Tigers,79,75,0.513,17.0,1955
Kansas City Athletics,63,91,0.409,33.0,1955
Baltimore Orioles,57,97,0.37,39.0,1955
Washington Senators,53,101,0.344,43.0,1955
Team | Roster,W,L,,,1955
1955 American League Team Standings,1955 American League Team Standings,1955 American League Team Standings,,,1955
Base on Balls,Cleveland,723,,,1955
Batting Average,Chicago,.268,,,1955
Doubles,Boston,241,,,1955
Hits,Detroit,1407,,,1955
Home Runs,New York,175,,,1955
On Base Percentage,Boston,.354,,,1955
Runs,Detroit,775,,,1955
Slugging Average,New York,.418,,,1955
Stolen Bases,Chicago,69,,,1955
Triples,New York,55,,,1955
Complete Games,Detroit,66,,,1955
ERA,New York,3.23,,,1955
Fewest Hits Allowed,New York,1163,,,1955
Fewest Home Runs Allowed,Washington,99,,,1955
Fewest Walks Allowed,Chicago,497,,,1955
Saves,Cleveland,36,,,1955
Shutouts,Chicago,20,,,1955
Strikeouts,Cleveland,877,,,1955
Base on Balls,Eddie Yost,Washington,151.0,,1956
Batting Average,Mickey Mantle,New York,0.353,,1956
Doubles,Jim Piersall,Boston,40.0,,1956
Hits,Harvey Kuenn,Detroit,196.0,,1956
Home Runs,Mickey Mantle,New York,52.0,,1956
On Base Percentage,Ted Williams,Boston,0.479,,1956
RBI,Mickey Mantle,New York,130.0,,1956
Runs,Mickey Mantle,New York,132.0,,1956
Slugging Average,Mickey Mantle,New York,0.705,,1956
Stolen Bases,Luis Aparacio,Chicago,21.0,,1956
Total Bases,Mickey Mantle,New York,376.0,,1956
Triples,Jackie Jensen,Boston,11.0,,1956
Triples,Jim Lemon,Washington,11.0,,1956
Triples,Minnie Minoso,Chicago,11.0,,1956
Triples,Harry Simpson,Kansas City,11.0,,1956
1956 A.L. History | 1956 N.L. History | Year-by-Year History,1956 A.L. History | 1956 N.L. History | Year-by-Year History,1956 A.L. History | 1956 N.L. History | Year-by-Year History,,,1956
Complete Games,Bob Lemon,Cleveland,21.0,,1956
Complete Games,Billy Pierce,Chicago,21.0,,1956
ERA,Whitey Ford,New York,2.47,,1956
Games,George Zuverink,Baltimore,62.0,,1956
Saves,George Zuverink,Baltimore,16.0,,1956
Shutouts,Herb Score,Cleveland,5.0,,1956
Strikeouts,Herb Score,Cleveland,263.0,,1956
Winning Percentage,Whitey Ford,New York,0.76,,1956
Wins,Frank Lary,Detroit,21.0,,1956
1956 A.L. History | 1956 N.L. History | Year-by-Year History,1956 A.L. History | 1956 N.L. History | Year-by-Year History,1956 A.L. History | 1956 N.L. History | Year-by-Year History,,,1956
Team [Click for roster],Wins,Losses,,,1956
New York Yankees,97,57,0.63,0.0,1956
Cleveland Indians,88,66,0.571,9.0,1956
Chicago White Sox,85,69,0.552,12.0,1956
Boston Red Sox,84,70,0.545,13.0,1956
Detroit Tigers,82,72,0.532,15.0,1956
Baltimore Orioles,69,85,0.448,28.0,1956
Washington Senators,59,95,0.383,38.0,1956
Kansas City Athletics,52,102,0.338,45.0,1956
Base on Balls,Boston,727,,,1956
Batting Average,Detroit,.279,,,1956
Doubles,Boston,261,,,1956
Hits,Detroit,1494,,,1956
Home Runs,New York,190,,,1956
On Base Percentage,Boston,.365,,,1956
Runs,New York,857,,,1956
Slugging Average,New York,.434,,,1956
Stolen Bases,Chicago,70,,,1956
Triples,Washington,62,,,1956
Complete Games,Cleveland,67,,,1956
ERA,Cleveland,3.33,,,1956
Fewest Hits Allowed,Cleveland,1233,,,1956
Fewest Home Runs Allowed,Baltimore,99,,,1956
Fewest Walks Allowed,Chicago,524,,,1956
Saves,New York,35,,,1956
Shutouts,Cleveland,17,,,1956
Strikeouts,Cleveland,845,,,1956
Base on Balls,Mickey Mantle,New York,146.0,,1957
Batting Average,Ted Williams,Boston,0.388,,1957
Doubles,Billy Gardner,Baltimore,36.0,,1957
Doubles,Minnie Minoso,Chicago,36.0,,1957
Hits,Nellie Fox,Chicago,196.0,,1957
Home Runs,Roy Sievers,Washington,42.0,,1957
On Base Percentage,Ted Williams,Boston,0.528,,1957
RBI,Roy Sievers,Washington,114.0,,1957
Runs,Mickey Mantle,New York,121.0,,1957
Slugging Average,Ted Williams,Boston,0.731,,1957
Stolen Bases,Luis Aparicio,Chicago,28.0,,1957
Total Bases,Roy Sievers,Washington,331.0,,1957
Triples,Hank Bauer,New York,9.0,,1957
Triples,Gil McDougald,New York,9.0,,1957
Triples,Harry Simpson,Kansas City,9.0,,1957
Triples,Harry Simpson,New York,9.0,,1957
1957 A.L. History | 1957 N.L. History | Year-by-Year History,1957 A.L. History | 1957 N.L. History | Year-by-Year History,1957 A.L. History | 1957 N.L. History | Year-by-Year History,,,1957
Complete Games,Dick Donovan,Chicago,16.0,,1957
Complete Games,Billy Pierce,Chicago,16.0,,1957
ERA,Bobby Shantz,New York,2.45,,1957
Games,George Zuverink,Baltimore,56.0,,1957
Saves,Bob Grim,New York,19.0,,1957
Shutouts,Jim Wilson,Chicago,5.0,,1957
Strikeouts,Early Wynn,Cleveland,184.0,,1957
Winning Percentage,Dick Donovan,Chicago,0.727,,1957
Winning Percentage,Tom Sturdivant,New York,0.727,,1957
Wins,Jim Bunning,Detroit,20.0,,1957
Wins,Billy Pierce,Chicago,20.0,,1957
1957 A.L. History | 1957 N.L. History | Year-by-Year History,1957 A.L. History | 1957 N.L. History | Year-by-Year History,1957 A.L. History | 1957 N.L. History | Year-by-Year History,,,1957
Team [Click for roster],Wins,Losses,,,1957
New York Yankees,98,56,0.636,0.0,1957
Chicago White Sox,90,64,0.584,8.0,1957
Boston Red Sox,82,72,0.532,16.0,1957
Detroit Tigers,78,76,0.506,20.0,1957
Baltimore Orioles,76,76,0.5,21.0,1957
Cleveland Indians,76,77,0.497,,1957
Kansas City Athletics,59,94,0.386,,1957
Washington Senators,55,99,0.357,43.0,1957
Base on Balls,Chicago,633,,,1957
Batting Average,New York,.268,,,1957
Doubles,Boston,231,,,1957
Hits,New York,1412,,,1957
Home Runs,Kansas City,166,,,1957
On Base Percentage,Chicago,.347,,,1957
Runs,New York,723,,,1957
Slugging Average,New York,.409,,,1957
Stolen Bases,Chicago,109,,,1957
Triples,New York,54,,,1957
Complete Games,Chicago,59,,,1957
ERA,New York,3.00,,,1957
Fewest Hits Allowed,New York,1198,,,1957
Fewest Home Runs Allowed,Baltimore,95,,,1957
Fewest Walks Allowed,Chicago,470,,,1957
Saves,New York,42,,,1957
Shutouts,Chicago,16,,,1957
Strikeouts,New York,810,,,1957
Base on Balls,Mickey Mantle,New York,129.0,,1958
Batting Average,Ted Williams,Boston,0.328,,1958
Doubles,Harvey Kuenn,Detroit,39.0,,1958
Hits,Nellie Fox,Chicago,187.0,,1958
Home Runs,Mickey Mantle,New York,42.0,,1958
On Base Percentage,Ted Williams,Boston,0.462,,1958
RBI,Jackie Jensen,Boston,122.0,,1958
Runs,Mickey Mantle,New York,127.0,,1958
Slugging Average,Rocky Colavito,Cleveland,0.62,,1958
Stolen Bases,Luis Aparacio,Chicago,29.0,,1958
Total Bases,Mickey Mantle,New York,307.0,,1958
Triples,Vic Power,Kansas City,10.0,,1958
Triples,Vic Power,Cleveland,10.0,,1958
1958 A.L. History | 1958 N.L. History | Year-by-Year History,1958 A.L. History | 1958 N.L. History | Year-by-Year History,1958 A.L. History | 1958 N.L. History | Year-by-Year History,,,1958
Complete Games,Frank Lary,Detroit,19.0,,1958
Complete Games,Billy Pierce,Chicago,19.0,,1958
Complete Games,Bob Turley,New York,19.0,,1958
ERA,Whitey Ford,New York,2.01,,1958
Games,Tex Clevenger,Washington,55.0,,1958
Saves,Ryne Duren,New York,20.0,,1958
Shutouts,Whitey Ford,New York,7.0,,1958
Strikeouts,Early Wynn,Chicago,179.0,,1958
Winning Percentage,Bob Turley,New York,0.75,,1958
Wins,Bob Turley,New York,21.0,,1958
1958 A.L. History | 1958 N.L. History | Year-by-Year History,1958 A.L. History | 1958 N.L. History | Year-by-Year History,1958 A.L. History | 1958 N.L. History | Year-by-Year History,,,1958
Team [Click for roster],Wins,Losses,,,1958
New York Yankees,92,62,0.597,0.0,1958
Chicago White Sox,82,72,0.532,10.0,1958
Boston Red Sox,79,75,0.513,13.0,1958
Cleveland Indians,77,76,0.503,,1958
Detroit Tigers,77,77,0.5,15.0,1958
Baltimore Orioles,74,79,0.484,,1958
Kansas City Athletics,73,81,0.474,19.0,1958
Washington Senators,61,93,0.396,31.0,1958
Base on Balls,Boston,638,,,1958
Batting Average,New York,.268,,,1958
Doubles,Boston,229,,,1958
Doubles,Detroit,229,,,1958
Hits,New York,1418,,,1958
Home Runs,New York,164,,,1958
On Base Percentage,Boston,.340,,,1958
Runs,New York,759,,,1958
Slugging Average,New York,.416,,,1958
Stolen Bases,Chicago,101,,,1958
Triples,Kansas City,50,,,1958
Complete Games,Detroit,59,,,1958
ERA,New York,3.22,,,1958
Fewest Hits Allowed,New York,1201,,,1958
Fewest Home Runs Allowed,Baltimore,106,,,1958
Fewest Walks Allowed,Baltimore,403,,,1958
Saves,New York,33,,,1958
Shutouts,New York,21,,,1958
Strikeouts,Detroit,797,,,1958
Base on Balls,Eddie Yost,Detroit,135.0,,1959
Batting Average,Harvey Kuenn,Detroit,0.353,,1959
Doubles,Harvey Kuenn,Detroit,42.0,,1959
Hits,Harvey Kuenn,Detroit,198.0,,1959
Home Runs,Rocky Colavito,Cleveland,42.0,,1959
Home Runs,Harmon Killebrew,Washington,42.0,,1959
On Base Percentage,Eddie Yost,Detroit,0.437,,1959
RBI,Jackie Jensen,Boston,112.0,,1959
Runs,Eddie Yost,Detroit,115.0,,1959
Slugging Average,Al Kaline,Detroit,0.53,,1959
Stolen Bases,Luis Aparacio,Chicago,56.0,,1959
Total Bases,Rocky Colavito,Cleveland,301.0,,1959
Triples,Bob Allison,Washington,9.0,,1959
1959 A.L. History | 1959 N.L. History | Year-by-Year History,1959 A.L. History | 1959 N.L. History | Year-by-Year History,1959 A.L. History | 1959 N.L. History | Year-by-Year History,,,1959
Complete Games,Camilo Pascual,Washington,17.0,,1959
ERA,Hoyt Wilhelm,Baltimore,2.19,,1959
Games,Gerry Staley,Chicago,67.0,,1959
Saves,Turk Lown,Chicago,15.0,,1959
Shutouts,Camilo Pascual,Washington,6.0,,1959
Strikeouts,Jim Bunning,Detroit,201.0,,1959
Winning Percentage,Bob Shaw,Chicago,0.75,,1959
Wins,Early Wynn,Chicago,22.0,,1959
1959 A.L. History | 1959 N.L. History | Year-by-Year History,1959 A.L. History | 1959 N.L. History | Year-by-Year History,1959 A.L. History | 1959 N.L. History | Year-by-Year History,,,1959
Team [Click for roster],Wins,Losses,,,1959
Chicago White Sox,94,60,0.61,0.0,1959
Cleveland Indians,89,65,0.578,5.0,1959
New York Yankees,79,75,0.513,15.0,1959
Detroit Tigers,76,78,0.494,18.0,1959
Boston Red Sox,75,79,0.487,19.0,1959
Baltimore Orioles,74,80,0.481,20.0,1959
Kansas City Athletics,66,88,0.429,28.0,1959
Washington Senators,63,91,0.409,31.0,1959
Base on Balls,Boston,626,,,1959
Batting Average,Kansas City,.263,,,1959
Doubles,Boston,248,,,1959
Hits,New York,1397,,,1959
Home Runs,Cleveland,167,,,1959
On Base Percentage,Detroit,.338,,,1959
Runs,Cleveland,745,,,1959
Slugging Average,Cleveland,.408,,,1959
Stolen Bases,Chicago,113,,,1959
Triples,Chicago,46,,,1959
Complete Games,Cleveland,58,,,1959
ERA,Chicago,3.29,,,1959
Fewest Hits Allowed,Cleveland,1230,,,1959
Fewest Home Runs Allowed,Baltimore,111,,,1959
Fewest Walks Allowed,Detroit,432,,,1959
Saves,Chicago,36,,,1959
Shutouts,Baltimore,15,,,1959
Shutouts,New York,15,,,1959
Strikeouts,New York,836,,,1959
Base on Balls,Eddie Yost,Detroit,125.0,,1960
Batting Average,Pete Runnels,Boston,0.32,,1960
Doubles,Tito Francona,Cleveland,36.0,,1960
Hits,Minnie Minoso,Chicago,184.0,,1960
Home Runs,Mickey Mantle,New York,40.0,,1960
On Base Percentage,Eddie Yost,Detroit,0.416,,1960
RBI,Roger Maris,New York,112.0,,1960
Runs,Mickey Mantle,New York,119.0,,1960
Slugging Average,Roger Maris,New York,0.581,,1960
Stolen Bases,Luis Aparacio,Chicago,51.0,,1960
Total Bases,Mickey Mantle,New York,294.0,,1960
Triples,Nellie Fox,Chicago,10.0,,1960
1960 A.L. History | 1960 N.L. History | Year-by-Year History,1960 A.L. History | 1960 N.L. History | Year-by-Year History,1960 A.L. History | 1960 N.L. History | Year-by-Year History,,,1960
Complete Games,Frank Lary,Detroit,15.0,,1960
ERA,Frank Baumann,Chicago,2.67,,1960
Games,Mike Fornieles,Boston,70.0,,1960
Saves,Johnny Klippstein,Cleveland,14.0,,1960
Saves,Mike Fornieles,Boston,14.0,,1960
Shutouts,Whitey Ford,New York,4.0,,1960
Shutouts,Jim Perry,Cleveland,4.0,,1960
Shutouts,Early Wynn,Chicago,4.0,,1960
Strikeouts,Jim Bunning,Detroit,201.0,,1960
Winning Percentage,Jim Perry,Cleveland,0.643,,1960
Wins,Chuck Estrada,Baltimore,18.0,,1960
Wins,Jim Perry,Cleveland,18.0,,1960
1960 A.L. History | 1960 N.L. History | Year-by-Year History,1960 A.L. History | 1960 N.L. History | Year-by-Year History,1960 A.L. History | 1960 N.L. History | Year-by-Year History,,,1960
Team [Click for roster],Wins,Losses,,,1960
New York Yankees,97,57,0.63,0.0,1960
Baltimore Orioles,89,65,0.578,8.0,1960
Chicago White Sox,87,67,0.565,10.0,1960
Cleveland Indians,76,78,0.494,21.0,1960
Washington Senators,73,81,0.474,24.0,1960
Detroit Tigers,71,83,0.461,26.0,1960
Boston Red Sox,65,89,0.422,32.0,1960
Kansas City Athletics,58,96,0.377,39.0,1960
Base on Balls,Detroit,636,,,1960
Batting Average,Chicago,.270,,,1960
Doubles,Chicago,242,,,1960
Hits,Cleveland,1415,,,1960
Home Runs,New York,193,,,1960
On Base Percentage,Chicago,.348,,,1960
Runs,New York,746,,,1960
Slugging Average,New York,.426,,,1960
Stolen Bases,Chicago,122,,,1960
Triples,Washington,43,,,1960
Complete Games,Baltimore,48,,,1960
ERA,New York,3.52,,,1960
Fewest Hits Allowed,Baltimore,1222,,,1960
Fewest Home Runs Allowed,Baltimore,117,,,1960
Fewest Walks Allowed,Detroit,474,,,1960
Saves,New York,42,,,1960
Shutouts,New York,16,,,1960
Strikeouts,Detroit,824,,,1960
Base on Balls,Mickey Mantle,New York,126.0,,1961
Batting Average,Norm Cash,Detroit,0.361,,1961
Doubles,Al Kaline,Detroit,41.0,,1961
Hits,Norm Cash,Detroit,193.0,,1961
Home Runs,Roger Maris,New York,61.0,,1961
On Base Percentage,Norm Cash,Detroit,0.488,,1961
RBI,Jim Gentile,Baltimore,141.0,,1961
RBI,Roger Maris,New York,141.0,,1961
Runs,Roger Maris,New York,132.0,,1961
Slugging Average,Mickey Mantle,New York,0.687,,1961
Stolen Bases,Luis Aparacio,Chicago,53.0,,1961
Total Bases,Roger Maris,New York,366.0,,1961
Triples,Jake Wood,Detroit,14.0,,1961
1961 A.L. History | 1961 N.L. History | Year-by-Year History,1961 A.L. History | 1961 N.L. History | Year-by-Year History,1961 A.L. History | 1961 N.L. History | Year-by-Year History,,,1961
Complete Games,Frank Lary,Detroit,22.0,,1961
ERA,Dick Donovan,Washington,2.4,,1961
Games,Luis Arroyo,New York,65.0,,1961
Saves,Luis Arroyo,New York,29.0,,1961
Shutouts,Steve Barber,Baltimore,8.0,,1961
Shutouts,Camilo Pascual,Minnesota,8.0,,1961
Strikeouts,Camilo Pascual,Minnesota,221.0,,1961
Winning Percentage,Whitey Ford,New York,0.862,,1961
Wins,Whitey Ford,New York,25.0,,1961
1961 A.L. History | 1961 N.L. History | Year-by-Year History,1961 A.L. History | 1961 N.L. History | Year-by-Year History,1961 A.L. History | 1961 N.L. History | Year-by-Year History,,,1961
Team | Roster,Wins,Losses,,,1961
New York Yankees,109,53,0.673,0.0,1961
Detroit Tigers,101,61,0.623,8.0,1961
Baltimore Orioles,95,67,0.586,14.0,1961
Chicago White Sox,86,76,0.531,23.0,1961
Cleveland Indians,78,83,0.484,,1961
Boston Red Sox,76,86,0.469,33.0,1961
Minnesota Twins,70,90,0.438,38.0,1961
Los Angeles Angels,70,91,0.435,39.0,1961
Kansas City Athletics,61,100,0.379,,1961
Washington Senators,61,100,0.379,,1961
Team | Roster,Wins,Losses,,,1961
1961 A.L. Final Standings,1961 A.L. Final Standings,1961 A.L. Final Standings,,,1961
Base on Balls,Los Angeles,681,,,1961
Batting Average,Detroit,.266,,,1961
Doubles,Cleveland,257,,,1961
Hits,Cleveland,1493,,,1961
Home Runs,New York,240,,,1961
On Base Percentage,Detroit,.349,,,1961
Runs,Detroit,841,,,1961
Slugging Average,New York,.442,,,1961
Stolen Bases,Chicago,100,,,1961
Triples,Detroit,53,,,1961
Complete Games,Detroit,62,,,1961
ERA,Baltimore,3.22,,,1961
Fewest Hits Allowed,Baltimore,1226,,,1961
Fewest Home Runs Allowed,Baltimore,109,,,1961
Fewest Walks Allowed,Detroit,469,,,1961
Saves,New York,39,,,1961
Shutouts,Baltimore,21,,,1961
Strikeouts,Los Angeles,973,,,1961
Base on Balls,Mickey Mantle,New York,122.0,,1962
Batting Average,Pete Runnels,Boston,0.326,,1962
Doubles,Floyd Robinson,Chicago,45.0,,1962
Hits,Bobby Richardson,New York,209.0,,1962
Home Runs,Harmon Killebrew,Minnesota,48.0,,1962
On Base Percentage,Mickey Mantle,New York,0.488,,1962
RBI,Harmon Killebrew,MInnesota,126.0,,1962
Runs,Albie Pearson,Los Angeles,115.0,,1962
Slugging Average,Mickey Mantle,New York,0.605,,1962
Stolen Bases,Luis Aparicio,Chicago,31.0,,1962
Total Bases,Rocky Colavito,Detroit,309.0,,1962
Triples,Gino Cimoli,Kansas City,15.0,,1962
1962 A.L. History | 1962 N.L. History | Year-by-Year History,1962 A.L. History | 1962 N.L. History | Year-by-Year History,1962 A.L. History | 1962 N.L. History | Year-by-Year History,,,1962
Complete Games,Camilo Pascual,Minnesota,18.0,,1962
ERA,Hank Aguirre,Detroit,2.21,,1962
Games,Dick Radatz,Boston,62.0,,1962
Saves,Dick Radatz,Boston,24.0,,1962
Shutouts,Dick Donovan,Cleveland,5.0,,1962
Shutouts,Jim Kaat,Minnesota,5.0,,1962
Shutouts,Camilo Pascual,Minnesota,5.0,,1962
Strikeouts,Camilo Pascual,Minnesota,206.0,,1962
Winning Percentage,Ray Herbert,Chicago,0.69,,1962
Wins,Ralph Terry,New York,23.0,,1962
1962 A.L. History | 1962 N.L. History | Year-by-Year History,1962 A.L. History | 1962 N.L. History | Year-by-Year History,1962 A.L. History | 1962 N.L. History | Year-by-Year History,,,1962
Team [Click for roster],Wins,Losses,,,1962
New York Yankees,96,66,0.593,0.0,1962
Minnesota Twins,91,71,0.562,5.0,1962
Los Angeles Angels,86,76,0.531,10.0,1962
Detroit Tigers,85,76,0.528,,1962
Chicago White Sox,85,77,0.525,11.0,1962
Cleveland Indians,80,82,0.494,16.0,1962
Baltimore Orioles,77,85,0.475,19.0,1962
Boston Red Sox,76,84,0.475,19.0,1962
Kansas City Athletics,72,90,0.444,24.0,1962
Washington Senators,60,101,0.373,,1962
Base on Balls,Detroit,651,,,1962
Batting Average,New York,.267,,,1962
Doubles,Boston,257,,,1962
Hits,New York,1509,,,1962
Home Runs,Detroit,209,,,1962
On Base Percentage,Minnesota,.340,,,1962
Runs,New York,817,,,1962
Slugging Average,New York,.426,,,1962
Stolen Bases,Washington,99,,,1962
Triples,Kansas City,58,,,1962
Complete Games,Minnesota,53,,,1962
ERA,Baltimore,3.70,,,1962
Fewest Hits Allowed,Baltimore,1373,,,1962
Fewest Home Runs Allowed,Los Angeles,118,,,1962
Fewest Walks Allowed,Minnesota,493,,,1962
Saves,Los Angeles,47,,,1962
Shutouts,Los Angeles,15,,,1962
Strikeouts,Minnesota,948,,,1962
Base on Balls,Carl Yastrzemski,Boston,95.0,,1963
Batting Average,Carl Yastrzemski,Boston,0.321,,1963
Doubles,Carl Yastrzemski,Boston,40.0,,1963
Hits,Carl Yastrzemski,Boston,183.0,,1963
Home Runs,Harmon Killebrew,Minnesota,45.0,,1963
On Base Percentage,Carl Yastrzemski,Boston,0.419,,1963
RBI,Dick Stuart,Boston,118.0,,1963
Runs,Bob Allison,Minnesota,99.0,,1963
Slugging Average,Harmon Killebrew,Minnesota,0.555,,1963
Stolen Bases,Luis Aparicio,Baltimore,40.0,,1963
Total Bases,Dick Stuart,Boston,319.0,,1963
Triples,Zoilo Versalles,Minnesota,13.0,,1963
1963 A.L. History | 1963 N.L. History | Year-by-Year History,1963 A.L. History | 1963 N.L. History | Year-by-Year History,1963 A.L. History | 1963 N.L. History | Year-by-Year History,,,1963
Complete Games,Camilo Pascual,Minnesota,18.0,,1963
Complete Games,Ralph Terry,New York,18.0,,1963
ERA,Gary Peters,Chicago,2.33,,1963
Games,Stu Miller,Baltimore,71.0,,1963
Saves,Stu Miller,Baltimore,27.0,,1963
Shutouts,Ray Herbert,Chicago,7.0,,1963
Strikeouts,Camilo Pascual,Minnesota,202.0,,1963
Winning Percentage,Whitey Ford,New York,0.774,,1963
Wins,Whitey Ford,New York,24.0,,1963
1963 A.L. History | 1963 N.L. History | Year-by-Year History,1963 A.L. History | 1963 N.L. History | Year-by-Year History,1963 A.L. History | 1963 N.L. History | Year-by-Year History,,,1963
Team [Click for roster],Wins,Losses,,,1963
New York Yankees,104,57,0.646,0.0,1963
Chicago White Sox,94,68,0.58,,1963
Minnesota Twins,91,70,0.565,13.0,1963
Baltimore Orioles,86,76,0.531,,1963
Detroit Tigers,79,83,0.488,,1963
Cleveland Indians,79,83,0.488,,1963
Boston Red Sox,76,85,0.472,28.0,1963
Kansas City Athletics,73,89,0.451,,1963
Los Angeles Angels,70,91,0.435,34.0,1963
Washington Senators,56,106,0.346,,1963
Base on Balls,Detroit,592,,,1963
Batting Average,Minnesota,.255,,,1963
Doubles,Boston,247,,,1963
Hits,Minnesota,1408,,,1963
Home Runs,Minnesota,225,,,1963
On Base Percentage,Detroit,.329,,,1963
Runs,Minnesota,767,,,1963
Slugging Average,Minnesota,.430,,,1963
Stolen Bases,Baltimore,97,,,1963
Triples,Chicago,40,,,1963
Complete Games,New York,59,,,1963
ERA,Chicago,2.98,,,1963
Fewest Hits Allowed,New York,1239,,,1963
Fewest Home Runs Allowed,Chicago,100,,,1963
Fewest Walks Allowed,Chicago,440,,,1963
Saves,Baltimore,43,,,1963
Shutouts,Chicago,21,,,1963
Strikeouts,Cleveland,1019,,,1963
Base on Balls,Norm Siebern,Baltimore,106.0,,1964
Batting Average,Tony Oliva,Minnesota,0.323,,1964
Doubles,Tony Oliva,Minnesota,43.0,,1964
Hits,Tony Oliva,Minnesota,217.0,,1964
Home Runs,Harmon Killebrew,Minnesota,49.0,,1964
On Base Percentage,Mickey Mantle,New York,0.426,,1964
RBI,Brooks Robinson,Baltimore,118.0,,1964
Runs,Tony Oliva,Minnesota,109.0,,1964
Slugging Average,Boog Powell,Baltimore,0.606,,1964
Stolen Bases,Luis Aparicio,Baltimore,57.0,,1964
Total Bases,Tony Oliva,Minnesota,374.0,,1964
Triples,Rich Rollins,Minnesota,10.0,,1964
Triples,Zoilo Versalles,Minnesota,10.0,,1964
1964 A.L. History | 1964 N.L. History | Year-by-Year History,1964 A.L. History | 1964 N.L. History | Year-by-Year History,1964 A.L. History | 1964 N.L. History | Year-by-Year History,,,1964
Complete Games,Dean Chance,Los Angeles,19.0,,1964
ERA,Dean Chance,Los Angeles,1.65,,1964
Games,John Wyatt,Kansas City,81.0,,1964
Saves,Dick Radatz,Boston,29.0,,1964
Shutouts,Dean Chance,Los Angeles,11.0,,1964
Strikeouts,Al Downing,New York,217.0,,1964
Winning Percentage,Wally Bunker,Baltimore,0.792,,1964
Wins,Dean Chance,Los Angeles,20.0,,1964
Wins,Gary Peters,Chicago,20.0,,1964
1964 A.L. History | 1964 N.L. History | Year-by-Year History,1964 A.L. History | 1964 N.L. History | Year-by-Year History,1964 A.L. History | 1964 N.L. History | Year-by-Year History,,,1964
Team | Roster,Wins,Losses,,,1964
New York Yankees,99,63,0.611,0.0,1964
Chicago White Sox,98,64,0.605,1.0,1964
Baltimore Orioles,97,65,0.599,2.0,1964
Detroit Tigers,85,77,0.525,14.0,1964
Los Angeles Angels,82,80,0.506,17.0,1964
Minnesota Twins,79,83,0.488,20.0,1964
Cleveland Indians,79,83,0.488,20.0,1964
Boston Red Sox,72,90,0.444,27.0,1964
Washington Senators,62,100,0.383,37.0,1964
Kansas City Athletics,57,105,0.352,42.0,1964
Team | Roster,Wins,Losses,,,1964
1964 A.L. Team Final Standings,1964 A.L. Team Final Standings,1964 A.L. Team Final Standings,,,1964
Base on Balls,Chicago,562,,,1964
Batting Average,Boston,.258,,,1964
Doubles,Boston,253,,,1964
Hits,New York,1442,,,1964
Home Runs,Minnesota,221,,,1964
On Base Percentage,Minnesota,.324,,,1964
Runs,Minnesota,737,,,1964
Slugging Average,Minnesota,.427,,,1964
Stolen Bases,Cleveland,79,,,1964
Triples,Detroit,57,,,1964
Complete Games,Minnesota,47,,,1964
ERA,Chicago,2.73,,,1964
Fewest Hits Allowed,Chicago,1216,,,1964
Fewest Home Runs Allowed,Los Angeles,100,,,1964
Fewest Walks Allowed,Chicago,401,,,1964
Saves,Chicago,45,,,1964
Saves,New York,45,,,1964
Shutouts,Los Angeles,28,,,1964
Strikeouts,Cleveland,1162,,,1964
Base on Balls,Rocky Colavito,Cleveland,93.0,,1965
Batting Average,Tony Oliva,Minnesota,0.321,,1965
Doubles,Zoilo Versalles,Minnesota,45.0,,1965
Doubles,Carl Yastrzemski,Boston,45.0,,1965
Hits,Tony Oliva,Minnesota,185.0,,1965
Home Runs,Tony Conigliaro,Boston,32.0,,1965
On Base Percentage,Carl Yastrzemski,Boston,0.398,,1965
RBI,Rocky Colavito,Cleveland,108.0,,1965
Runs,Zoilo Versalles,Minnesota,126.0,,1965
Slugging Average,Carl Yastrzemski,Boston,0.536,,1965
Stolen Bases,Bert Campaneris,Kansas City,51.0,,1965
Total Bases,Zoilo Versalles,Minnesota,308.0,,1965
Triples,Bert Campaneris,Kansas City,12.0,,1965
Triples,Zoilo Versalles,Minnesota,12.0,,1965
1965 A.L. History | 1965 N.L. History | Year-by-Year History,1965 A.L. History | 1965 N.L. History | Year-by-Year History,1965 A.L. History | 1965 N.L. History | Year-by-Year History,,,1965
Complete Games,Mel Stottlemyre,New York,18.0,,1965
ERA,Sam McDowell,Cleveland,2.18,,1965
Games,Eddie Fisher,Chicago,82.0,,1965
Saves,Ron Kline,Washington,29.0,,1965
Shutouts,Mudcat Grant,Minnesota,6.0,,1965
Strikeouts,Sam McDowell,Cleveland,325.0,,1965
Winning Percentage,Mudcat Grant,Minnesota,0.75,,1965
Wins,Mudcat Grant,Minnesota,21.0,,1965
1965 A.L. History | 1965 N.L. History | Year-by-Year History,1965 A.L. History | 1965 N.L. History | Year-by-Year History,1965 A.L. History | 1965 N.L. History | Year-by-Year History,,,1965
Team | Roster,Wins,Losses,,,1965
Minnesota Twins,102,60,0.63,0.0,1965
Chicago White Sox,95,67,0.586,7.0,1965
Baltimore Orioles,94,68,0.58,8.0,1965
Detroit Tigers,89,73,0.549,13.0,1965
Cleveland Indians,87,75,0.537,15.0,1965
New York Yankees,77,85,0.475,25.0,1965
California Angels,75,87,0.463,27.0,1965
Washington Senators,70,92,0.432,32.0,1965
Boston Red Sox,62,100,0.383,40.0,1965
Kansas City Athletics,59,103,0.364,43.0,1965
Team | Roster,Wins,Losses,,,1965
1965 American League Team Final Standings,1965 American League Team Final Standings,1965 American League Team Final Standings,,,1965
Base on Balls,Boston,607,,,1965
Batting Average,Minnesota,.254,,,1965
Doubles,Minnesota,257,,,1965
Hits,Minnesota,1396,,,1965
Home Runs,Boston,165,,,1965
On Base Percentage,Boston,.329,,,1965
Runs,Minnesota,774,,,1965
Slugging Average,Boston,.400,,,1965
Stolen Bases,Kansas City,110,,,1965
Triples,Kansas City,59,,,1965
Complete Games,Detroit,45,,,1965
ERA,Baltimore,2.98,,,1965
Fewest Hits Allowed,Cleveland,1254,,,1965
Fewest Home Runs Allowed,California,91,,,1965
Fewest Walks Allowed,Chicago,460,,,1965
Saves,Chicago,53,,,1965
Shutouts,Baltimore,15,,,1965
Strikeouts,Cleveland,1156,,,1965
Base on Balls,Harmon Killebrew,Minnesota,103.0,,1966
Batting Average,Frank Robinson,Baltimore,0.316,,1966
Doubles,Carl Yastrzemski,Boston,39.0,,1966
Hits,Tony Oliva,Minnesota,191.0,,1966
Home Runs,Frank Robinson,Baltimore,49.0,,1966
On Base Percentage,Frank Robinson,Baltimore,0.415,,1966
RBI,Frank Robinson,Baltimore,122.0,,1966
Runs,Frank Robinson,Baltimore,122.0,,1966
Slugging Average,Frank Robinson,Baltimore,0.637,,1966
Stolen Bases,Bert Campaneris,Kansas City,52.0,,1966
Total Bases,Frank Robinson,Baltimore,367.0,,1966
Triples,Bobby Knoop,California,11.0,,1966
1966 A.L. History | 1966 N.L. History | Year-by-Year History,1966 A.L. History | 1966 N.L. History | Year-by-Year History,1966 A.L. History | 1966 N.L. History | Year-by-Year History,,,1966
Complete Games,Jim Kaat,Minnesota,19.0,,1966
ERA,Gary Peters,Chicago,1.98,,1966
Games,Eddie Fisher,Baltimore,67.0,,1966
Games,Eddie Fisher,Chicago,67.0,,1966
Saves,Jack Aker,Kansas City,32.0,,1966
Shutouts,Tommy John,Chicago,5.0,,1966
Shutouts,Sam McDowell,Cleveland,5.0,,1966
Shutouts,Luis Tiant,Cleveland,5.0,,1966
Strikeouts,Sam McDowell,Cleveland,225.0,,1966
Winning Percentage,Sonny Siebert,Cleveland,0.667,,1966
Wins,Jim Kaat,Minnesota,25.0,,1966
1966 A.L. History | 1966 N.L. History | Year-by-Year History,1966 A.L. History | 1966 N.L. History | Year-by-Year History,1966 A.L. History | 1966 N.L. History | Year-by-Year History,,,1966
Team | Roster,Wins,Losses,,,1966
Baltimore Orioles,97,63,0.606,0.0,1966
Minnesota Twins,89,73,0.549,9.0,1966
Detroit Tigers,88,74,0.543,10.0,1966
Chicago White Sox,83,79,0.512,15.0,1966
Cleveland Indians,81,81,0.5,17.0,1966
California Angels,80,82,0.494,18.0,1966
Kansas City Athletics,74,86,0.463,23.0,1966
Washington Senators,71,88,0.447,,1966
Boston Red Sox,72,90,0.444,25.0,1966
New York Yankees,70,89,0.44,,1966
Team | Roster,Wins,Losses,,,1966
1966 American League Final Standings,1966 American League Final Standings,1966 American League Final Standings,,,1966
Base on Balls,Detroit,551,,,1966
Batting Average,Baltimore,.258,,,1966
Doubles,Baltimore,243,,,1966
Hits,Baltimore,1426,,,1966
Home Runs,Detroit,179,,,1966
On Base Percentage,Baltimore,.325,,,1966
Runs,Baltimore,755,,,1966
Slugging Average,Baltimore,.409,,,1966
Stolen Bases,Chicago,153,,,1966
Triples,Kansas City,56,,,1966
1966 AL Team Hitting Stats,1966 AL Team Hitting Stats,1966 AL Team Hitting Stats,,,1966
Complete Games,Minnesota,52,,,1966
ERA,Chicago,2.69,,,1966
Fewest Hits Allowed,Chicago,1229,,,1966
Fewest Home Runs Allowed,Chicago,101,,,1966
Fewest Walks Allowed,Minnesota,392,,,1966
Saves,Baltimore,51,,,1966
Shutouts,Chicago,22,,,1966
Strikeouts,Cleveland,1111,,,1966
1966 AL Team Pitching Stats,1966 AL Team Pitching Stats,1966 AL Team Pitching Stats,,,1966
Base on Balls,Harmon Killebrew,Minnesota,131.0,,1967
Batting Average,Carl Yastrzemski,Boston,0.326,,1967
Doubles,Tony Oliva,Minnesota,34.0,,1967
Hits,Carl Yastrzemski,Boston,189.0,,1967
Home Runs,Harmon Killebrew,Minnesota,44.0,,1967
Home Runs,Carl Yastrzemski,Boston,44.0,,1967
On Base Percentage,Carl Yastrzemski,Boston,0.421,,1967
RBI,Carl Yastrzemski,Boston,121.0,,1967
Runs,Carl Yastrzemski,Boston,112.0,,1967
Slugging Average,Carl Yastrzemski,Boston,0.622,,1967
Stolen Bases,Bert Campaneris,Kansas City,55.0,,1967
Total Bases,Carl Yastrzemski,Boston,360.0,,1967
Triples,Paul Blair,Baltimore,12.0,,1967
1967 A.L. History | 1967 N.L. History | Year-by-Year History,1967 A.L. History | 1967 N.L. History | Year-by-Year History,1967 A.L. History | 1967 N.L. History | Year-by-Year History,,,1967
Complete Games,Dean Chance,Minnesota,18.0,,1967
ERA,Joe Horlen,Chicago,2.06,,1967
Games,Bob Locker,Chicago,77.0,,1967
Saves,Minnie Rojas,California,27.0,,1967
Shutouts,Steve Hargan,Cleveland,6.0,,1967
Shutouts,Joe Horlen,Chicago,6.0,,1967
Shutouts,Tommy John,Chicago,6.0,,1967
Shutouts,Mickey Lolich,Detroit,6.0,,1967
Shutouts,Jim McGlothin,California,6.0,,1967
Strikeouts,Jim Lonborg,Boston,246.0,,1967
Winning Percentage,Joe Horlen,Chicago,0.731,,1967
Wins,Jim Lonborg,Boston,22.0,,1967
Wins,Earl Wilson,Detroit,22.0,,1967
1967 A.L. History | 1967 N.L. History | Year-by-Year History,1967 A.L. History | 1967 N.L. History | Year-by-Year History,1967 A.L. History | 1967 N.L. History | Year-by-Year History,,,1967
Team | Roster,Wins,Losses,,,1967
Boston Red Sox,92,70,0.568,0.0,1967
Minnesota Twins,91,71,0.562,1.0,1967
Detroit Tigers,91,71,0.562,1.0,1967
Chicago White Sox,89,73,0.549,3.0,1967
California Angels,84,77,0.522,,1967
Washington Senators,76,85,0.472,,1967
Baltimore Orioles,76,85,0.472,,1967
Cleveland Indians,75,87,0.463,17.0,1967
New York Yankees,72,90,0.444,20.0,1967
Kansas City Athletics,62,99,0.385,,1967
Team | Roster,Wins,Losses,,,1967
1967 AL Team Final Standings,1967 AL Team Final Standings,1967 AL Team Final Standings,,,1967
Base on Balls,Detroit,626,,,1967
Batting Average,Boston,.255,,,1967
Doubles,Boston,216,,,1967
Doubles,Minnesota,216,,,1967
Hits,Boston,1394,,,1967
Home Runs,Boston,158,,,1967
On Base Percentage,Detroit,.327,,,1967
Runs,Boston,722,,,1967
Slugging Average,Boston,.395,,,1967
Stolen Bases,Kansas City,132,,,1967
Triples,Kansas City,50,,,1967
Complete Games,Minnesota,58,,,1967
ERA,Chicago,2.45,,,1967
Fewest Hits Allowed,Chicago,1197,,,1967
Fewest Home Runs Allowed,Chicago,87,,,1967
Fewest Walks Allowed,Minnesota,396,,,1967
Saves,California,46,,,1967
Shutouts,Chicago,24,,,1967
Strikeouts,Cleveland,1189,,,1967
Base on Balls,Carl Yastrzemski,Boston,119.0,,1968
Batting Average,Carl Yastrzemski,Boston,0.301,,1968
Doubles,Reggie Smith,Boston,37.0,,1968
Hits,Bert Campaneris,Oakland,177.0,,1968
Home Runs,Frank Howard,Washington,44.0,,1968
On Base Percentage,Carl Yastrzemski,Boston,0.429,,1968
RBI,Ken Harrelson,Boston,109.0,,1968
Runs,Dick McAuliffe,Detroit,95.0,,1968
Slugging Average,Frank Howard,Washington,0.552,,1968
Stolen Bases,Bert Campaneris,Oakland,62.0,,1968
Total Bases,Frank Howard,Washington,330.0,,1968
Triples,Jim Fregosi,California,13.0,,1968
1968 A.L. History | 1968 N.L. History | Year-by-Year History,1968 A.L. History | 1968 N.L. History | Year-by-Year History,1968 A.L. History | 1968 N.L. History | Year-by-Year History,,,1968
Complete Games,Denny McLain,Detroit,28.0,,1968
ERA,Luis Tiant,Cleveland,1.6,,1968
Games,Wilbur Wood,Chicago,88.0,,1968
Saves,Al Worthington,Minnesota,18.0,,1968
Shutouts,Luis Tiant,Cleveland,9.0,,1968
Strikeouts,Sam McDowell,Cleveland,283.0,,1968
Winning Percentage,Denny McLain,Detroit,0.838,,1968
Wins,Denny McLain,Detroit,31.0,,1968
1968 A.L. History | 1968 N.L. History | Year-by-Year History,1968 A.L. History | 1968 N.L. History | Year-by-Year History,1968 A.L. History | 1968 N.L. History | Year-by-Year History,,,1968
Team [Click for roster],Wins,Losses,,,1968
Detroit Tigers,103,59,0.636,0.0,1968
Baltimore Orioles,91,71,0.562,12.0,1968
Cleveland Indians,86,75,0.534,,1968
Boston Red Sox,86,76,0.531,17.0,1968
New York Yankees,83,79,0.512,20.0,1968
Oakland Athletics,82,80,0.506,21.0,1968
Minnesota Twins,79,83,0.488,24.0,1968
California Angels,67,95,0.414,36.0,1968
Chicago White Sox,67,95,0.414,36.0,1968
Washington Senators,65,96,0.404,,1968
Base on Balls,Boston,582,,,1968
Batting Average,Oakland,.240,,,1968
Doubles,Baltimore,215,,,1968
Hits,Oakland,1300,,,1968
Home Runs,Detroit,185,,,1968
On Base Percentage,Boston,.316,,,1968
Runs,Detroit,671,,,1968
Slugging Average,Detroit,.385,,,1968
Stolen Bases,Oakland,147,,,1968
Triples,Minnesota,41,,,1968
Complete Games,Detroit,59,,,1968
ERA,Cleveland,2.66,,,1968
Fewest Hits Allowed,Cleveland,1087,,,1968
Fewest Home Runs Allowed,Minnesota,92,,,1968
Fewest Walks Allowed,Minnesota,414,,,1968
Saves,Chicago,40,,,1968
Shutouts,Cleveland,23,,,1968
Strikeouts,Cleveland,1157,,,1968
Base on Balls,Harmon Killebrew,Minnesota,145.0,,1969
Batting Average,Rod Carew,Minnesota,0.332,,1969
Doubles,Tony Oliva,Minnesota,39.0,,1969
Hits,Tony Oliva,Minnesota,197.0,,1969
Home Runs,Harmon Killebrew,Minnesota,49.0,,1969
On Base Percentage,Harmon Killebrew,Minnesota,0.43,,1969
RBI,Harmon Killebrew,Minnesota,140.0,,1969
Runs,Reggie Jackson,Oakland,123.0,,1969
Slugging Average,Reggie Jackson,Oakland,0.608,,1969
Stolen Bases,Tommy Harper,Seattle,73.0,,1969
Total Bases,Frank Howard,Washington,340.0,,1969
Triples,Del Unser,Washington,8.0,,1969
1969 A.L. History | 1969 N.L. History | Year-by-Year History,1969 A.L. History | 1969 N.L. History | Year-by-Year History,1969 A.L. History | 1969 N.L. History | Year-by-Year History,,,1969
Complete Games,Mel Stottlemyre,New York,24.0,,1969
ERA,Dick Bosman,Washington,2.19,,1969
Games,Wilbur Wood,Chicago,76.0,,1969
Saves,Ron Perranoski,Minnesota,31.0,,1969
Shutouts,Denny McLain,Detroit,9.0,,1969
Strikeouts,Sam McDowell,Cleveland,279.0,,1969
Winning Percentage,Jim Palmer,Baltimore,0.8,,1969
Wins,Denny McLain,Detroit,24.0,,1969
1969 A.L. History | 1969 N.L. History | Year-by-Year History,1969 A.L. History | 1969 N.L. History | Year-by-Year History,1969 A.L. History | 1969 N.L. History | Year-by-Year History,,,1969
East,Team [Click for roster],Wins,,,1969
East,Baltimore Orioles,109,53.0,0.673,1969
East,Detroit Tigers,90,72.0,0.556,1969
East,Boston Red Sox,87,75.0,0.537,1969
East,Washington Senators,86,76.0,0.531,1969
East,New York Yankees,80,81.0,0.497,1969
East,Cleveland Indians,62,99.0,0.385,1969
West,Team [Click for roster],Wins,,,1969
West,Minnesota Twins,97,65.0,0.599,1969
West,Oakland Athletics,88,74.0,0.543,1969
West,California Angels,71,91.0,0.438,1969
West,Kansas City Royals,69,93.0,0.426,1969
West,Chicago White Sox,68,94.0,0.42,1969
West,Seattle Pilots,64,98.0,0.395,1969
A.L.,Team [Click for roster],Wins,,,1969
American League Team Standings,American League Team Standings,American League Team Standings,,,1969
Base on Balls,Boston,658,,,1969
Batting Average,Minnesota,.268,,,1969
Doubles,Minnesota,246,,,1969
Hits,Minnesota,1520,,,1969
Home Runs,Boston,197,,,1969
On Base Percentage,Baltimore,.346,,,1969
Runs,Minnesota,790,,,1969
Slugging Average,Boston,.415,,,1969
Stolen Bases,Seattle,167,,,1969
Triples,New York,44,,,1969
Complete Games,Detroit,55,,,1969
ERA,Baltimore,2.83,,,1969
Fewest Hits Allowed,Baltimore,1194,,,1969
Fewest Home Runs Allowed,Baltimore,117,,,1969
Fewest Walks Allowed,Baltimore,498,,,1969
Saves,Minnesota,43,,,1969
Shutouts,Baltimore,20,,,1969
Shutouts,Detroit,20,,,1969
Strikeouts,Detroit,1032,,,1969
Base on Balls,Frank Howard,Washington,132.0,,1970
Batting Average,Alex Johnson,California,0.329,,1970
Doubles,Tony Oliva,Minnesota,36.0,,1970
Doubles,Amos Otis,Kansas City,36.0,,1970
Doubles,Cesar Tovar,Minnesota,36.0,,1970
Hits,Tony Oliva,Minnesota,204.0,,1970
Home Runs,Frank Howard,Washington,44.0,,1970
On Base Percentage,Carl Yastrzemski,Boston,0.453,,1970
RBI,Frank Howard,Washington,126.0,,1970
Runs,Carl Yastrzemski,Boston,125.0,,1970
Slugging Average,Carl Yastrzemski,Boston,0.592,,1970
Stolen Bases,Bert Campaneris,Oakland,42.0,,1970
Total Bases,Carl Yastrzemski,Boston,335.0,,1970
Triples,Cesar Tovar,Minnesota,13.0,,1970
1970 A.L. History | 1970 N.L. History | Year-by-Year History,1970 A.L. History | 1970 N.L. History | Year-by-Year History,1970 A.L. History | 1970 N.L. History | Year-by-Year History,,,1970
Complete Games,Mike Cuellar,Baltimore,21.0,,1970
ERA,Diego Segui,Oakland,2.56,,1970
Games,Wilbur Wood,Chicago,77.0,,1970
Saves,Ron Perranoski,Minnesota,34.0,,1970
Shutouts,Chuck Dobson,Oakland,5.0,,1970
Shutouts,Jim Palmer,Baltimore,5.0,,1970
Strikeouts,Sam McDowell,Cleveland,304.0,,1970
Winning Percentage,Mike Cuellar,Baltimore,0.75,,1970
Wins,Mike Cuellar,Baltimore,24.0,,1970
Wins,Dave McNally,Baltimore,24.0,,1970
Wins,Jim Perry,Minnesota,24.0,,1970
1970 A.L. History | 1970 N.L. History | Year-by-Year History,1970 A.L. History | 1970 N.L. History | Year-by-Year History,1970 A.L. History | 1970 N.L. History | Year-by-Year History,,,1970
East,Team [Click for roster],Wins,,,1970
East,Baltimore Orioles,108,54.0,0.667,1970
East,New York Yankees,93,69.0,0.574,1970
East,Boston Red Sox,87,75.0,0.537,1970
East,Detroit Tigers,79,83.0,0.488,1970
East,Cleveland Indians,76,86.0,0.469,1970
East,Washington Senators,70,92.0,0.432,1970
West,Team [Click for roster],Wins,,,1970
West,Minnesota Twins,98,64.0,0.605,1970
West,Oakland Athletics,89,73.0,0.549,1970
West,California Angels,86,76.0,0.531,1970
West,Milwaukee Brewers,65,97.0,0.401,1970
West,Kansas City Royals,65,97.0,0.401,1970
West,Chicago White Sox,56,106.0,0.346,1970
A.L.,Team [Click for roster],Wins,,,1970
American League Team Standings,American League Team Standings,American League Team Standings,,,1970
Base on Balls,Baltimore,717,,,1970
Batting Average,Minnesota,.262,,,1970
Doubles,Boston,252,,,1970
Hits,Boston,1450,,,1970
Home Runs,Boston,203,,,1970
On Base Percentage,Baltimore,.346,,,1970
Runs,Baltimore,792,,,1970
Slugging Average,Boston,.428,,,1970
Stolen Bases,Oakland,131,,,1970
Triples,Kansas City,41,,,1970
Triples,New York,41,,,1970
Triples,Oakland,41,,,1970
Complete Games,Baltimore,60,,,1970
ERA,Baltimore,3.15,,,1970
Fewest Hits Allowed,Oakland,1253,,,1970
Fewest Home Runs Allowed,Minnesota,130,,,1970
Fewest Home Runs Allowed,New York,130,,,1970
Fewest Walks Allowed,New York,451,,,1970
Saves,Minnesota,58,,,1970
Shutouts,Oakland,15,,,1970
Strikeouts,Cleveland,1076,,,1970
Base on Balls,Harmon Killebrew,Minnesota,114.0,,1971
Batting Average,Tony Oliva,Minnesota,0.337,,1971
Doubles,Reggie Smith,Boston,33.0,,1971
Hits,Cesar Tovar,Minnesota,204.0,,1971
Home Runs,Bill Melton,Chicago,33.0,,1971
On Base Percentage,Bobby Murcer,New York,0.429,,1971
RBI,Harmon Killebrew,Minnesota,119.0,,1971
Runs,Don Buford,Baltimore,99.0,,1971
Slugging Average,Tony Oliva,Minnesota,0.546,,1971
Stolen Bases,Amos Otis,Kansas City,52.0,,1971
Total Bases,Reggie Smith,Boston,302.0,,1971
Triples,Freddie Patek,Kansas City,11.0,,1971
1971 N.L. | A.L. Retirements | A.L. Rookies | Year-by-Year,1971 N.L. | A.L. Retirements | A.L. Rookies | Year-by-Year,1971 N.L. | A.L. Retirements | A.L. Rookies | Year-by-Year,,,1971
Complete Games,Mickey Lolich,Detroit,29.0,,1971
ERA,Vida Blue,Oakland,1.82,,1971
Games,Ken Sanders,Milwaukee,83.0,,1971
Saves,Ken Sanders,Milwaukee,31.0,,1971
Shutouts,Vida Blue,Oakland,8.0,,1971
Strikeouts,Mickey Lolich,Detroit,308.0,,1971
Winning Percentage,Dave McNally,Baltimore,0.808,,1971
Wins,Mickey Lolich,Detroit,25.0,,1971
1971 N.L. | A.L. Retirements | A.L. Rookies | Year-by-Year,1971 N.L. | A.L. Retirements | A.L. Rookies | Year-by-Year,1971 N.L. | A.L. Retirements | A.L. Rookies | Year-by-Year,,,1971
East,Team | Roster,Wins,,,1971
East,Baltimore Orioles,101,57.0,0.639,1971
East,Detroit Tigers,91,71.0,0.562,1971
East,Boston Red Sox,85,77.0,0.525,1971
East,New York Yankees,82,80.0,0.506,1971
East,Washington Senators,63,96.0,0.396,1971
East,Cleveland Indians,60,102.0,0.37,1971
West,Team | Roster,Wins,,,1971
West,Oakland Athletics,101,60.0,0.627,1971
West,Kansas City Royals,85,76.0,0.528,1971
West,Chicago White Sox,79,83.0,0.488,1971
West,California Angels,76,86.0,0.469,1971
West,Minnesota Twins,74,86.0,0.463,1971
West,Milwaukee Brewers,69,92.0,0.429,1971
A.L.,Team | Roster,Wins,,,1971
1971 American League Final Standings,1971 American League Final Standings,1971 American League Final Standings,,,1971
Base on Balls,Baltimore,672,,,1971
Batting Average,Baltimore,.261,,,1971
Doubles,Boston,246,,,1971
Hits,Minnesota,1406,,,1971
Home Runs,Detroit,179,,,1971
On Base Percentage,Baltimore,.349,,,1971
Runs,Baltimore,742,,,1971
Slugging Average,Detroit,.405,,,1971
Stolen Bases,Kansas City,130,,,1971
Triples,New York,43,,,1971
Complete Games,Baltimore,71,,,1971
ERA,Baltimore,2.99,,,1971
Fewest Hits Allowed,Oakland,1299,,,1971
Fewest Home Runs Allowed,Kansas City,84,,,1971
Fewest Walks Allowed,Baltimore,416,,,1971
Saves,Kansas City,44,,,1971
Shutouts,Milwaukee,23,,,1971
Strikeouts,Detroit,1000,,,1971
Base on Balls,Dick Allen,Chicago,99.0,,1972
Base on Balls,Roy White,New York,99.0,,1972
Batting Average,Rod Carew,Minnesota,0.318,,1972
Doubles,Lou Piniella,Kansas City,33.0,,1972
Hits,Joe Rudi,Oakland,181.0,,1972
Home Runs,Dick Allen,Chicago,37.0,,1972
On Base Percentage,Dick Allen,Chicago,0.422,,1972
RBI,Dick Allen,Chicago,113.0,,1972
Runs,Bobby Murcer,New York,102.0,,1972
Slugging Average,Dick Allen,Chicago,0.603,,1972
Stolen Bases,Bert Campaneris,Oakland,52.0,,1972
Total Bases,Bobby Murcer,New York,314.0,,1972
Triples,Joe Rudi,Oakland,9.0,,1972
1972 A.L. History | 1972 N.L. History | Year-by-Year History,1972 A.L. History | 1972 N.L. History | Year-by-Year History,1972 A.L. History | 1972 N.L. History | Year-by-Year History,,,1972
Complete Games,Gaylord Perry,Cleveland,29.0,,1972
ERA,Luis Tiant,Boston,1.91,,1972
Games,Paul Lindblad,Texas,66.0,,1972
Saves,Sparky Lyle,New York,35.0,,1972
Shutouts,Nolan Ryan,California,9.0,,1972
Strikeouts,Nolan Ryan,California,329.0,,1972
Winning Percentage,Catfish Hunter,Oakland,0.75,,1972
Wins,Gaylord Perry,Cleveland,24.0,,1972
Wins,Wilbur Wood,Chicago,24.0,,1972
1972 A.L. History | 1972 N.L. History | Year-by-Year History,1972 A.L. History | 1972 N.L. History | Year-by-Year History,1972 A.L. History | 1972 N.L. History | Year-by-Year History,,,1972
East,Team [Click for roster],Wins,,,1972
East,Detroit Tigers,86,70.0,0.551,1972
East,Boston Red Sox,85,70.0,0.548,1972
East,Baltimore Orioles,80,74.0,0.519,1972
East,New York Yankees,79,76.0,0.51,1972
East,Cleveland Indians,72,84.0,0.462,1972
East,Milwaukee Brewers,65,91.0,0.417,1972
West,Team [Click for roster],Wins,,,1972
West,Oakland Athletics,93,62.0,0.6,1972
West,Chicago White Sox,87,67.0,0.565,1972
West,Minnesota Twins,77,77.0,0.5,1972
West,Kansas City Royals,76,78.0,0.494,1972
West,California Angels,75,80.0,0.484,1972
West,Texas Rangers,54,100.0,0.351,1972
A.L.,Team [Click for roster],Wins,,,1972
American League Team Standings,American League Team Standings,American League Team Standings,,,1972
Base on Balls,Kansas City,534,,,1972
Batting Average,Kansas City,.255,,,1972
Doubles,Boston,229,,,1972
Hits,Kansas City,1317,,,1972
Home Runs,Oakland,134,,,1972
On Base Percentage,Kansas City,.329,,,1972
Runs,Boston,640,,,1972
Slugging Average,Boston,.376,,,1972
Stolen Bases,Texas,126,,,1972
Triples,Boston,34,,,1972
Complete Games,Baltimore,62,,,1972
ERA,Baltimore,2.53,,,1972
Fewest Hits Allowed,California,1109,,,1972
Fewest Home Runs Allowed,Baltimore,85,,,1972
Fewest Home Runs Allowed,Kansas City,85,,,1972
Fewest Walks Allowed,Baltimore,395,,,1972
Saves,Oakland,43,,,1972
Shutouts,Oakland,23,,,1972
Strikeouts,California,1000,,,1972
Base on Balls,John Mayberry,Kansas City,122.0,,1973
Batting Average,Rod Carew,Minnesota,0.35,,1973
Doubles,Sal Bando,Oakland,32.0,,1973
Doubles,Pedro Garcia,Milwaukee,32.0,,1973
Hits,Rod Carew,Minnesota,203.0,,1973
Home Runs,Reggie Jackson,Oakland,32.0,,1973
On Base Percentage,John Mayberry,Kansas City,0.42,,1973
RBI,Reggie Jackson,Oakland,117.0,,1973
Runs,Reggie Jackson,Oakland,99.0,,1973
Slugging Average,Reggie Jackson,Oakland,0.531,,1973
Stolen Bases,Tommy Harper,Boston,54.0,,1973
Total Bases,Sal Bando,Oakland,295.0,,1973
Total Bases,Dave May,Milwaukee,295.0,,1973
Total Bases,George Scott,Milwaukee,295.0,,1973
Triples,Al Bumbry,Baltimore,11.0,,1973
Triples,Rod Carew,Minnesota,11.0,,1973
1973 A.L. History | 1973 N.L. History | Year-by-Year History,1973 A.L. History | 1973 N.L. History | Year-by-Year History,1973 A.L. History | 1973 N.L. History | Year-by-Year History,,,1973
Complete Games,Gaylord Perry,Cleveland,29.0,,1973
ERA,Jim Palmer,Baltimore,2.4,,1973
Games,John Hiller,Detroit,65.0,,1973
Saves,John Hiller,Detroit,38.0,,1973
Shutouts,Bert Blyleven,Minnesota,9.0,,1973
Strikeouts,Nolan Ryan,California,383.0,,1973
Winning Percentage,Catfish Hunter,Oakland,0.808,,1973
Wins,Wilbur Wood,Chicago,24.0,,1973
1973 A.L. History | 1973 N.L. History | Year-by-Year History,1973 A.L. History | 1973 N.L. History | Year-by-Year History,1973 A.L. History | 1973 N.L. History | Year-by-Year History,,,1973
East,Team [Click for roster],Wins,,,1973
East,Baltimore Orioles,97,65.0,0.599,1973
East,Boston Red Sox,89,73.0,0.549,1973
East,Detroit Tigers,85,77.0,0.525,1973
East,New York Yankees,80,82.0,0.494,1973
East,Milwaukee Brewers,74,88.0,0.457,1973
East,Cleveland Indians,71,91.0,0.438,1973
West,Team [Click for roster],Wins,,,1973
West,Oakland Athletics,94,68.0,0.58,1973
West,Kansas City Royals,88,74.0,0.543,1973
West,Minnesota Twins,81,81.0,0.5,1973
West,California Angels,79,83.0,0.488,1973
West,Chicago White Sox,77,85.0,0.475,1973
West,Texas Rangers,57,105.0,0.352,1973
A.L.,Team [Click for roster],Wins,,,1973
American League Team Standings,American League Team Standings,American League Team Standings,,,1973
Base on Balls,Baltimore,648,,,1973
Batting Average,Minnesota,.270,,,1973
Doubles,Minnesota,240,,,1973
Hits,Minnesota,1521,,,1973
Home Runs,Cleveland,158,,,1973
On Base Percentage,Baltimore,.348,,,1973
Runs,Oakland,758,,,1973
Slugging Average,Boston,.401,,,1973
Stolen Bases,Baltimore,146,,,1973
Triples,Baltimore,48,,,1973
Complete Games,California,72,,,1973
ERA,Baltimore,3.07,,,1973
Fewest Hits Allowed,Baltimore,1297,,,1973
Fewest Home Runs Allowed,California,104,,,1973
Fewest Walks Allowed,New York,457,,,1973
Saves,Detroit,46,,,1973
Shutouts,Minnesota,18,,,1973
Strikeouts,California,1010,,,1973
Base on Balls,Gene Tenace,Oakland,110.0,,1974
Batting Average,Rod Carew,Minnesota,0.364,,1974
Doubles,Joe Rudi,Oakland,39.0,,1974
Hits,Rod Carew,Minnesota,218.0,,1974
Home Runs,Dick Allen,Chicago,32.0,,1974
On Base Percentage,Rod Carew,Minnesota,0.435,,1974
RBI,Jeff Burroughs,Texas,118.0,,1974
Runs,Carl Yastrzemski,Boston,93.0,,1974
Slugging Average,Dick Allen,Chicago,0.563,,1974
Stolen Bases,Billy North,Oakland,54.0,,1974
Total Bases,Joe Rudi,Oakland,287.0,,1974
Triples,Mickey Rivers,California,11.0,,1974
1974 A.L. History | 1974 N.L. History | Year-by-Year History,1974 A.L. History | 1974 N.L. History | Year-by-Year History,1974 A.L. History | 1974 N.L. History | Year-by-Year History,,,1974
Complete Games,Fergie Jenkins,Texas,29.0,,1974
ERA,Catfish Hunter,Oakland,2.49,,1974
Games,Rollie Fingers,Oakland,76.0,,1974
Saves,Terry Forster,Chicago,24.0,,1974
Shutouts,Luis Tiant,Boston,7.0,,1974
Strikeouts,Nolan Ryan,California,367.0,,1974
Winning Percentage,Mike Cuellar,Baltimore,0.688,,1974
Wins,Catfish Hunter,Oakland,25.0,,1974
Wins,Fergie Jenkins,Texas,25.0,,1974
1974 A.L. History | 1974 N.L. History | Year-by-Year History,1974 A.L. History | 1974 N.L. History | Year-by-Year History,1974 A.L. History | 1974 N.L. History | Year-by-Year History,,,1974
East,Team [Click for roster],Wins,,,1974
East,Baltimore Orioles,91,71.0,0.562,1974
East,New York Yankees,89,73.0,0.549,1974
East,Boston Red Sox,84,78.0,0.519,1974
East,Cleveland Indians,77,85.0,0.475,1974
East,Milwaukee Brewers,76,86.0,0.469,1974
East,Detroit Tigers,72,90.0,0.444,1974
West,Team [Click for roster],Wins,,,1974
West,Oakland Athletics,90,72.0,0.556,1974
West,Texas Rangers,84,76.0,0.525,1974
West,Minnesota Twins,82,80.0,0.506,1974
West,Chicago White Sox,80,80.0,0.5,1974
West,Kansas City Royals,77,85.0,0.475,1974
West,California Angels,68,94.0,0.42,1974
A.L.,Team [Click for roster],Wins,,,1974
American League Team Standings,American League Team Standings,American League Team Standings,,,1974
Base on Balls,Boston,569,,,1974
Batting Average,Texas,.272,,,1974
Doubles,Boston,236,,,1974
Hits,Minnesota,1530,,,1974
Home Runs,Chicago,135,,,1974
On Base Percentage,Texas,.338,,,1974
Runs,Boston,696,,,1974
Slugging Average,Chicago,.389,,,1974
Stolen Bases,Oakland,164,,,1974
Triples,Milwaukee,49,,,1974
Complete Games,Boston,71,,,1974
ERA,Oakland,2.96,,,1974
Fewest Hits Allowed,Oakland,1322,,,1974
Fewest Home Runs Allowed,Oakland,90,,,1974
Fewest Walks Allowed,Oakland,430,,,1974
Saves,Chicago,29,,,1974
Saves,Minnesota,29,,,1974
Shutouts,Baltimore,16,,,1974
Shutouts,Texas,16,,,1974
Strikeouts,California,986,,,1974
Base on Balls,John Mayberry,Kansas City,119.0,,1975
Batting Average,Rod Carew,Minnesota,0.359,,1975
Doubles,Fred Lynn,Boston,47.0,,1975
Hits,George Brett,Kansas City,195.0,,1975
Home Runs,Reggie Jackson,Oakland,36.0,,1975
Home Runs,George Scott,Milwaukee,36.0,,1975
On Base Percentage,Rod Carew,Minnesota,0.428,,1975
RBI,George Scott,Milwaukee,109.0,,1975
Runs,Fred Lynn,Boston,103.0,,1975
Slugging Average,Fred Lynn,Boston,0.566,,1975
Stolen Bases,Mickey Rivers,California,70.0,,1975
Total Bases,George Scott,Milwaukee,318.0,,1975
Triples,George Brett,Kansas City,13.0,,1975
Triples,Mickey Rivers,California,13.0,,1975
1975 A.L. History | 1975 N.L. History | Year-by-Year History,1975 A.L. History | 1975 N.L. History | Year-by-Year History,1975 A.L. History | 1975 N.L. History | Year-by-Year History,,,1975
Complete Games,Catfish Hunter,New York,30.0,,1975
ERA,Jim Palmer,Baltimore,2.09,,1975
Games,Rollie Fingers,Oakland,75.0,,1975
Saves,Rich Gossage,Chicago,26.0,,1975
Shutouts,Jim Palmer,Baltimore,10.0,,1975
Strikeouts,Frank Tanana,California,269.0,,1975
Winning Percentage,Mike Torrez,Baltimore,0.69,,1975
Wins,Catfish Hunter,New York,23.0,,1975
Wins,Jim Palmer,Baltimore,23.0,,1975
1975 A.L. History | 1975 N.L. History | Year-by-Year History,1975 A.L. History | 1975 N.L. History | Year-by-Year History,1975 A.L. History | 1975 N.L. History | Year-by-Year History,,,1975
East,Team [Click for roster],Wins,,,1975
East,Boston Red Sox,95,65.0,0.594,1975
East,Baltimore Orioles,90,69.0,0.566,1975
East,New York Yankees,83,77.0,0.519,1975
East,Cleveland Indians,79,80.0,0.497,1975
East,Milwaukee Brewers,68,94.0,0.42,1975
East,Detroit Tigers,57,102.0,0.358,1975
West,Team [Click for roster],Wins,,,1975
West,Oakland Athletics,98,64.0,0.605,1975
West,Kansas City Royals,91,71.0,0.562,1975
West,Texas Rangers,79,83.0,0.488,1975
West,Minnesota Twins,76,83.0,0.478,1975
West,Chicago White Sox,75,86.0,0.466,1975
West,California Angels,72,89.0,0.447,1975
A.L.,Team [Click for roster],Wins,,,1975
American League Team Standings,American League Team Standings,American League Team Standings,,,1975
Base on Balls,Texas,613,,,1975
Batting Average,Boston,.275,,,1975
Doubles,Boston,284,,,1975
Hits,Boston,1500,,,1975
Home Runs,Cleveland,153,,,1975
On Base Percentage,Boston,.347,,,1975
Runs,Boston,796,,,1975
Slugging Average,Boston,.417,,,1975
Stolen Bases,California,220,,,1975
Triples,Kansas City,58,,,1975
Complete Games,Baltimore,70,,,1975
Complete Games,New York,70,,,1975
ERA,Baltimore,3.17,,,1975
Fewest Hits Allowed,Oakland,1267,,,1975
Fewest Home Runs Allowed,Oakland,102,,,1975
Fewest Walks Allowed,Boston,490,,,1975
Saves,Oakland,44,,,1975
Shutouts,Baltimore,19,,,1975
Shutouts,California,19,,,1975
Strikeouts,California,975,,,1975
Base on Balls,Mike Hargrove,Texas,97.0,,1976
Batting Average,George Brett,Kansas City,0.333,,1976
Doubles,Amos Otis,Kansas City,40.0,,1976
Hits,George Brett,Kansas City,215.0,,1976
Home Runs,Graig Nettles,New York,32.0,,1976
On Base Percentage,Hal McRae,Kansas City,0.412,,1976
RBI,Lee May,Baltimore,109.0,,1976
Runs,Roy White,New York,104.0,,1976
Slugging Average,Reggie Jackson,Baltimore,0.502,,1976
Stolen Bases,Billy North,Oakland,75.0,,1976
Total Bases,George Brett,Kansas City,298.0,,1976
Triples,George Brett,Kansas City,14.0,,1976
1976 A.L. History | 1976 N.L. History | Year-by-Year History,1976 A.L. History | 1976 N.L. History | Year-by-Year History,1976 A.L. History | 1976 N.L. History | Year-by-Year History,,,1976
Complete Games,Mark Fidrych,Detroit,24.0,,1976
ERA,Mark Fidrych,Detroit,2.34,,1976
Games,Bill Campbell,Minnesota,78.0,,1976
Saves,Sparky Lyle,New York,23.0,,1976
Shutouts,Nolan Ryan,California,7.0,,1976
Strikeouts,Nolan Ryan,California,327.0,,1976
Winning Percentage,Bill Campbell,Minnesota,0.773,,1976
Wins,Jim Palmer,Baltimore,22.0,,1976
1976 A.L. History | 1976 N.L. History | Year-by-Year History,1976 A.L. History | 1976 N.L. History | Year-by-Year History,1976 A.L. History | 1976 N.L. History | Year-by-Year History,,,1976
East,Team [Click for roster],Wins,,,1976
East,New York Yankees,97,62.0,0.61,1976
East,Baltimore Orioles,88,74.0,0.543,1976
East,Boston Red Sox,83,79.0,0.512,1976
East,Cleveland Indians,81,78.0,0.509,1976
East,Detroit Tigers,74,87.0,0.46,1976
East,Milwaukee Brewers,66,95.0,0.41,1976
West,Team [Click for roster],Wins,,,1976
West,Kansas City Royals,90,72.0,0.556,1976
West,Oakland Athletics,87,74.0,0.54,1976
West,Minnesota Twins,85,77.0,0.525,1976
West,Texas Rangers,76,86.0,0.469,1976
West,California Angels,76,86.0,0.469,1976
West,Chicago White Sox,64,97.0,0.398,1976
A.L.,Team [Click for roster],Wins,,,1976
American League Team Standings,American League Team Standings,American League Team Standings,,,1976
Base on Balls,Oakland,592,,,1976
Batting Average,Minnesota,.274,,,1976
Doubles,Kansas City,259,,,1976
Hits,Minnesota,1526,,,1976
Home Runs,Boston,134,,,1976
On Base Percentage,Minnesota,.343,,,1976
Runs,Minnesota,743,,,1976
Slugging Average,Boston,.402,,,1976
Stolen Bases,Oakland,341,,,1976
Triples,Kansas City,57,,,1976
Complete Games,California,64,,,1976
ERA,New York,3.20,,,1976
Fewest Hits Allowed,New York,1300,,,1976
Fewest Home Runs Allowed,Baltimore,90,,,1976
Fewest Home Runs Allowed,Cleveland,90,,,1976
Fewest Walks Allowed,Boston,409,,,1976
Saves,Cleveland,46,,,1976
Shutouts,Cleveland,17,,,1976
Strikeouts,California,992,,,1976
Base on Balls,Toby Harrah,Texas,109.0,,1977
Batting Average,Rod Carew,Minnesota,0.388,,1977
Doubles,Hal McRae,Kansas City,54.0,,1977
Hits,Rod Carew,Minnesota,239.0,,1977
Home Runs,Jim Rice,Boston,39.0,,1977
On Base Percentage,Rod Carew,Minnesota,0.452,,1977
RBI,Larry Hisle,Minnesota,119.0,,1977
Runs,Rod Carew,Minnesota,128.0,,1977
Slugging Average,Jim Rice,Boston,0.593,,1977
Stolen Bases,Freddie Patek,Kansas City,53.0,,1977
Total Bases,Jim Rice,Boston,382.0,,1977
Triples,Rod Carew,Minnesota,16.0,,1977
1977 A.L. History | 1977 N.L. History | Year-by-Year History,1977 A.L. History | 1977 N.L. History | Year-by-Year History,1977 A.L. History | 1977 N.L. History | Year-by-Year History,,,1977
Complete Games,Jim Palmer,Baltimore,22.0,,1977
Complete Games,Nolan Ryan,California,22.0,,1977
ERA,Frank Tanana,California,2.54,,1977
Games,Sparky Lyle,New York,72.0,,1977
Saves,Bill Campbell,Boston,31.0,,1977
Shutouts,Frank Tanana,California,7.0,,1977
Strikeouts,Nolan Ryan,California,341.0,,1977
Winning Percentage,Paul Splittorff,Kansas City,0.727,,1977
Wins,Dave Goltz,Minnesota,20.0,,1977
Wins,Dennis Leonard,Kansas City,20.0,,1977
Wins,Jim Palmer,Baltimore,20.0,,1977
1977 A.L. History | 1977 N.L. History | Year-by-Year History,1977 A.L. History | 1977 N.L. History | Year-by-Year History,1977 A.L. History | 1977 N.L. History | Year-by-Year History,,,1977
East,Team [Click for roster],Wins,,,1977
East,New York Yankees,100,62.0,0.613,1977
East,Baltimore Orioles,97,64.0,0.602,1977
East,Boston Red Sox,97,64.0,0.602,1977
East,Detroit Tigers,74,88.0,0.457,1977
East,Cleveland Indians,71,90.0,0.441,1977
East,Milwaukee Brewers,67,95.0,0.414,1977
East,Toronto Blue Jays,54,107.0,0.335,1977
West,Team [Click for roster],Wins,,,1977
West,Kansas City Royals,102,60.0,0.63,1977
West,Texas Rangers,94,68.0,0.58,1977
West,Chicago White Sox,90,72.0,0.556,1977
West,Minnesota Twins,84,77.0,0.522,1977
West,California Angels,74,88.0,0.457,1977
West,Seattle Mariners,64,98.0,0.395,1977
West,Oakland Athletics,63,98.0,0.391,1977
A.L.,Team [Click for roster],Wins,,,1977
American League Team Standings,American League Team Standings,American League Team Standings,,,1977
Base on Balls,Texas,596,,,1977
Batting Average,Minnesota,.282,,,1977
Doubles,Kansas City,299,,,1977
Hits,Minnesota,1588,,,1977
Home Runs,Boston,213,,,1977
On Base Percentage,Minnesota,.351,,,1977
Runs,Minnesota,867,,,1977
Slugging Average,Boston,.465,,,1977
Stolen Bases,Oakland,176,,,1977
Triples,Kansas City,77,,,1977
Complete Games,Baltimore,65,,,1977
ERA,Kansas City,3.52,,,1977
Fewest Hits Allowed,Kansas City,1377,,,1977
Fewest Home Runs Allowed,Kansas City,110,,,1977
Fewest Walks Allowed,Boston,378,,,1977
Saves,Kansas City,42,,,1977
Shutouts,Texas,17,,,1977
Strikeouts,California,965,,,1977
Base on Balls,Mike Hargrove,Texas,107.0,,1978
Batting Average,Rod Carew,Minnesota,0.333,,1978
Doubles,George Brett,Kansas City,45.0,,1978
Hits,Jim Rice,Boston,213.0,,1978
Home Runs,Jim Rice,Boston,46.0,,1978
On Base Percentage,Rod Carew,Minnesota,0.415,,1978
RBI,Jim Rice,Boston,139.0,,1978
Runs,Ron LeFlore,Detroit,126.0,,1978
Slugging Average,Jim Rice,Boston,0.6,,1978
Stolen Bases,Ron LeFlore,Detroit,68.0,,1978
Total Bases,Jim Rice,Boston,406.0,,1978
Triples,Jim Rice,Boston,15.0,,1978
1978 A.L. History | 1978 N.L. History | Year-by-Year History,1978 A.L. History | 1978 N.L. History | Year-by-Year History,1978 A.L. History | 1978 N.L. History | Year-by-Year History,,,1978
Complete Games,Mike Caldwell,Milwaukee,23.0,,1978
ERA,Ron Guidry,New York,1.74,,1978
Games,Bob Lacey,Oakland,74.0,,1978
Saves,Rich Gossage,New York,27.0,,1978
Shutouts,Ron Guidry,New York,9.0,,1978
Strikeouts,Nolan Ryan,California,260.0,,1978
Winning Percentage,Ron Guidry,New York,0.893,,1978
Wins,Ron Guidry,New York,25.0,,1978
1978 A.L. History | 1978 N.L. History | Year-by-Year History,1978 A.L. History | 1978 N.L. History | Year-by-Year History,1978 A.L. History | 1978 N.L. History | Year-by-Year History,,,1978
East,Team | Roster,Wins,,,1978
East,New York Yankees,100,63.0,0.613,1978
East,Boston Red Sox,99,64.0,0.607,1978
East,Milwaukee Brewers,93,69.0,0.574,1978
East,Baltimore Orioles,90,71.0,0.559,1978
East,Detroit Tigers,86,76.0,0.531,1978
East,Cleveland Indians,69,90.0,0.434,1978
East,Toronto Blue Jays,59,102.0,0.366,1978
West,Team | Roster,Wins,,,1978
West,Kansas City Royals,92,70.0,0.568,1978
West,Texas Rangers,87,75.0,0.537,1978
West,California Angels,87,75.0,0.537,1978
West,Minnesota Twins,73,89.0,0.451,1978
West,Chicago White Sox,71,90.0,0.441,1978
West,Oakland Athletics,69,93.0,0.426,1978
West,Seattle Mariners,56,104.0,0.35,1978
A.L.,Team | Roster,Wins,,,1978
American League Team Standings,American League Team Standings,American League Team Standings,,,1978
Base on Balls,Texas,624,,,1978
Batting Average,Milwaukee,.276,,,1978
Doubles,Kansas City,305,,,1978
Hits,Milwaukee,1530,,,1978
Home Runs,Milwaukee,173,,,1978
On Base Percentage,Milwaukee,.342,,,1978
Runs,Milwaukee,804,,,1978
Slugging Average,Milwaukee,.432,,,1978
Stolen Bases,Kansas City,216,,,1978
Triples,Kansas City,59,,,1978
Complete Games,Baltimore,65,,,1978
ERA,New York,3.18,,,1978
Fewest Hits Allowed,New York,1321,,,1978
Fewest Home Runs Allowed,Cleveland,100,,,1978
Fewest Walks Allowed,Milwaukee,398,,,1978
Saves,New York,36,,,1978
Shutouts,Milwaukee,19,,,1978
Strikeouts,California,892,,,1978
Base on Balls,Darrell Porter,Kansas City,121.0,,1979
Batting Average,Fred Lynn,Boston,0.333,,1979
Doubles,Cecil Cooper,Milwaukee,44.0,,1979
Doubles,Chet Lemon,Chicago,44.0,,1979
Hits,George Brett,Kansas City,212.0,,1979
Home Runs,Gorman Thomas,Milwaukee,45.0,,1979
On Base Percentage,Darrell Porter,Kansas City,0.429,,1979
RBI,Don Baylor,California,139.0,,1979
Runs,Don Baylor,California,120.0,,1979
Slugging Average,Fred Lynn,Boston,0.637,,1979
Stolen Bases,Willie Wilson,Kansas City,83.0,,1979
Total Bases,Jim Rice,Boston,369.0,,1979
Triples,George Brett,Kansas City,20.0,,1979
1979 A.L. History | 1979 N.L. History | Year-by-Year History,1979 A.L. History | 1979 N.L. History | Year-by-Year History,1979 A.L. History | 1979 N.L. History | Year-by-Year History,,,1979
Complete Games,Dennis Martinez,Baltimore,18.0,,1979
ERA,Ron Guidry,New York,2.78,,1979
Games,Mike Marshall,Minnesota,90.0,,1979
Saves,Mike Marshall,Minnesota,32.0,,1979
Shutouts,Dennis Leonard,Kansas City,5.0,,1979
Shutouts,Nolan Ryan,California,5.0,,1979
Strikeouts,Nolan Ryan,California,223.0,,1979
Winning Percentage,Mike Caldwell,Milwaukee,0.727,,1979
Wins,Mike Flanagan,Baltimore,23.0,,1979
1979 A.L. History | 1979 N.L. History | Year-by-Year History,1979 A.L. History | 1979 N.L. History | Year-by-Year History,1979 A.L. History | 1979 N.L. History | Year-by-Year History,,,1979
East,Team [Click for roster],Wins,,,1979
East,Baltimore Orioles,102,57.0,0.642,1979
East,Milwaukee Brewers,95,66.0,0.59,1979
East,Boston Red Sox,91,69.0,0.569,1979
East,New York Yankees,89,71.0,0.556,1979
East,Detroit Tigers,85,76.0,,1979
East,Cleveland Indians,81,80.0,0.503,1979
East,Toronto Blue Jays,53,109.0,0.327,1979
West,Team [Click for roster],Wins,,,1979
West,California Angels,88,74.0,0.543,1979
West,Kansas City Royals,85,77.0,0.525,1979
West,Texas Rangers,83,79.0,0.512,1979
West,Minnesota Twins,82,80.0,0.506,1979
West,Chicago White Sox,73,87.0,0.456,1979
West,Seattle Mariners,67,95.0,0.414,1979
West,Oakland Athletics,54,108.0,0.333,1979
A.L.,Team [Click for roster],Wins,,,1979
American League Team Standings,American League Team Standings,American League Team Standings,,,1979
Base on Balls,Cleveland,657,,,1979
Batting Average,Boston,.283,,,1979
Doubles,Boston,310,,,1979
Hits,Kansas City,1596,,,1979
Home Runs,Boston,194,,,1979
On Base Percentage,California,.354,,,1979
Runs,California,866,,,1979
Slugging Average,Boston,.456,,,1979
Stolen Bases,Kansas City,207,,,1979
Triples,Kansas City,79,,,1979
Complete Games,Milwaukee,61,,,1979
ERA,Baltimore,3.26,,,1979
Fewest Hits Allowed,Baltimore,1279,,,1979
Fewest Home Runs Allowed,Chicago,114,,,1979
Fewest Walks Allowed,Milwaukee,381,,,1979
Saves,Texas,42,,,1979
Shutouts,Baltimore,12,,,1979
Shutouts,Milwaukee,12,,,1979
Strikeouts,California,820,,,1979
Base on Balls,Willie Randolph,New York,119.0,,1980
Batting Average,George Brett,Kansas City,0.39,,1980
Doubles,Robin Yount,Milwaukee,49.0,,1980
Hits,Willie Wilson,Kansas City,230.0,,1980
Home Runs,Ben Oglivie,Milwaukee,41.0,,1980
Home Runs,Reggie Jackson,New York,41.0,,1980
On Base Percentage,George Brett,Kansas City,0.461,,1980
RBI,Cecil Cooper,Milwaukee,122.0,,1980
Runs,Willie Wilson,Kansas City,133.0,,1980
Slugging Average,George Brett,Kansas City,0.664,,1980
Stolen Bases,Rickey Henderson,Oakland,100.0,,1980
Total Bases,Cecil Cooper,Milwaukee,335.0,,1980
Triples,Alfredo Griffin,Toronto,15.0,,1980
Triples,Willie Wilson,Kansas City,15.0,,1980
1980 A.L. History | 1980 N.L. History | Year-by-Year History,1980 A.L. History | 1980 N.L. History | Year-by-Year History,1980 A.L. History | 1980 N.L. History | Year-by-Year History,,,1980
Complete Games,Rick Langford,Oakland,28.0,,1980
ERA,Rudy May,New York,2.46,,1980
Games,Dan Quisenberry,Kansas City,75.0,,1980
Saves,Rich Gossage,New York,33.0,,1980
Saves,Dan Quisenberry,Kansas City,33.0,,1980
Shutouts,Tommy John,New York,6.0,,1980
Strikeouts,Len Barker,Cleveland,187.0,,1980
Winning Percentage,Steve Stone,Baltimore,0.781,,1980
Wins,Steve Stone,Baltimore,25.0,,1980
1980 A.L. History | 1980 N.L. History | Year-by-Year History,1980 A.L. History | 1980 N.L. History | Year-by-Year History,1980 A.L. History | 1980 N.L. History | Year-by-Year History,,,1980
East,Team [Click for roster],Wins,,,1980
East,New York Yankees,103,59.0,0.636,1980
East,Baltimore Orioles,100,62.0,0.617,1980
East,Milwaukee Brewers,86,76.0,0.531,1980
East,Boston Red Sox,83,77.0,0.519,1980
East,Detroit Tigers,84,78.0,0.519,1980
East,Cleveland Indians,79,81.0,0.494,1980
East,Toronto Blue Jays,67,95.0,0.414,1980
West,Team [Click for roster],Wins,,,1980
West,Kansas City Royals,97,65.0,0.599,1980
West,Oakland Athletics,83,79.0,0.512,1980
West,Minnesota Twins,77,84.0,0.478,1980
West,Texas Rangers,76,85.0,0.472,1980
West,Chicago White Sox,70,90.0,0.438,1980
West,California Angels,65,95.0,0.406,1980
West,Seattle Mariners,59,103.0,0.364,1980
A.L.,Team [Click for roster],Wins,,,1980
American League Team Standings,American League Team Standings,American League Team Standings,,,1980
Base on Balls,Detroit,645,,,1980
Batting Average,Kansas City,.286,,,1980
Doubles,Milwaukee,298,,,1980
Hits,Kansas City,1633,,,1980
Home Runs,Milwaukee,203,,,1980
On Base Percentage,Cleveland,.355,,,1980
Runs,Detroit,830,,,1980
Slugging Average,Milwaukee,.448,,,1980
Stolen Bases,Kansas City,185,,,1980
Triples,Kansas City,59,,,1980
Complete Games,Oakland,94,,,1980
ERA,Oakland,3.46,,,1980
Fewest Hits Allowed,Oakland,1347,,,1980
Fewest Home Runs Allowed,New York,102,,,1980
Fewest Walks Allowed,Milwaukee,420,,,1980
Saves,New York,50,,,1980
Shutouts,New York,15,,,1980
Strikeouts,Texas,890,,,1980
Base on Balls,Dwight Evans,Boston,85.0,,1981
Batting Average,Carney Lansford,Boston,0.336,,1981
Doubles,Cecil Cooper,Milwaukee,35.0,,1981
Hits,Rickey Henderson,Oakland,135.0,,1981
Home Runs,Tony Armas,Oakland,22.0,,1981
Home Runs,Dwight Evans,Boston,22.0,,1981
Home Runs,Bobby Grich,California,22.0,,1981
Home Runs,Eddie Murray,Baltimore,22.0,,1981
On Base Percentage,Mike Hargrove,Cleveland,0.432,,1981
RBI,Eddie Murray,Baltimore,78.0,,1981
Runs,Rickey Henderson,Oakland,89.0,,1981
Slugging Average,Bobby Grich,California,0.543,,1981
Stolen Bases,Rickey Henderson,Oakland,56.0,,1981
Total Bases,Dwight Evans,Boston,215.0,,1981
Triples,John Castino,Minnesota,9.0,,1981
1981 A.L. History | 1981 N.L. History | Year-by-Year History,1981 A.L. History | 1981 N.L. History | Year-by-Year History,1981 A.L. History | 1981 N.L. History | Year-by-Year History,,,1981
Complete Games,Rick Langford,Oakland,18.0,,1981
ERA,Steve McCatty,Oakland,2.33,,1981
Games,Doug Corbett,Minnesota,54.0,,1981
Saves,Rollie Fingers,Milwaukee,28.0,,1981
Shutouts,Richard Dotson,Chicago,4.0,,1981
Shutouts,Ken Forsch,California,4.0,,1981
Shutouts,Doc Medich,Texas,4.0,,1981
Shutouts,Steve McCatty,Oakland,4.0,,1981
Strikeouts,Len Barker,Cleveland,127.0,,1981
Winning Percentage,Pete Vuckovich,Milwaukee,0.778,,1981
Wins,Dennis Martinez,Baltimore,14.0,,1981
Wins,Steve McCatty,Oakland,14.0,,1981
Wins,Jack Morris,Detroit,14.0,,1981
Wins,Pete Vuckovich,Milwaukee,14.0,,1981
1981 A.L. History | 1981 N.L. History | Year-by-Year History,1981 A.L. History | 1981 N.L. History | Year-by-Year History,1981 A.L. History | 1981 N.L. History | Year-by-Year History,,,1981
East,Team [Click for roster],Strike Splits,,,1981
East,Milwaukee Brewers,Final,62.0,47.0,1981
East,Milwaukee Brewers,1st Half,31.0,25.0,1981
East,Milwaukee Brewers,2nd Half,31.0,22.0,1981
East,Baltimore Orioles,Final,59.0,46.0,1981
East,Baltimore Orioles,1st Half,31.0,23.0,1981
East,Baltimore Orioles,2nd Half,28.0,23.0,1981
East,New York Yankees,Final,59.0,48.0,1981
East,New York Yankees,1st Half,34.0,22.0,1981
East,New York Yankees,2nd Half,25.0,26.0,1981
East,Detroit Tigers,Final,60.0,49.0,1981
East,Detroit Tigers,1st Half,31.0,26.0,1981
East,Detroit Tigers,2nd Half,29.0,23.0,1981
East,Boston Red Sox,Final,59.0,49.0,1981
East,Boston Red Sox,1st Half,30.0,26.0,1981
East,Boston Red Sox,2nd Half,29.0,23.0,1981
East,Cleveland Indians,Final,52.0,51.0,1981
East,Cleveland Indians,1st Half,26.0,24.0,1981
East,Cleveland Indians,2nd Half,26.0,27.0,1981
East,Toronto Blue Jays,Final,37.0,69.0,1981
East,Toronto Blue Jays,1st Half,16.0,42.0,1981
East,Toronto Blue Jays,2nd Half,21.0,27.0,1981
West,Team [Click for roster],Strike Splits,,,1981
West,Oakland Athletics,Final,64.0,45.0,1981
West,Oakland Athletics,1st Half,37.0,23.0,1981
West,Oakland Athletics,2nd Half,27.0,22.0,1981
West,Texas Rangers,Final,57.0,48.0,1981
West,Texas Rangers,1st Half,33.0,22.0,1981
West,Texas Rangers,2nd Half,24.0,26.0,1981
West,Chicago White Sox,Final,54.0,52.0,1981
West,Chicago White Sox,1st Half,31.0,22.0,1981
West,Chicago White Sox,2nd Half,23.0,30.0,1981
West,Kansas City Royals,Final,50.0,53.0,1981
West,Kansas City Royals,1st Half,20.0,30.0,1981
West,Kansas City Royals,2nd Half,30.0,23.0,1981
West,California Angels,Final,51.0,59.0,1981
West,California Angels,1st Half,31.0,29.0,1981
West,California Angels,2nd Half,20.0,30.0,1981
West,Seattle Mariners,Final,44.0,65.0,1981
West,Seattle Mariners,1st Half,21.0,36.0,1981
West,Seattle Mariners,2nd Half,23.0,29.0,1981
West,Minnesota Twins,Final,41.0,68.0,1981
West,Minnesota Twins,1st Half,17.0,39.0,1981
West,Minnesota Twins,2nd Half,24.0,29.0,1981
A.L.,Team [Click for roster],Strike Splits,,,1981
American League Team Standings,American League Team Standings,American League Team Standings,,,1981
Base on Balls,Baltimore,404,,,1981
Base on Balls,Detroit,404,,,1981
Batting Average,Boston,.275,,,1981
Doubles,Texas,178,,,1981
Hits,Boston,1052,,,1981
Home Runs,Oakland,104,,,1981
On Base Percentage,Boston,.343,,,1981
Runs,Boston,519,,,1981
Slugging Average,Boston,.399,,,1981
Stolen Bases,Cleveland,119,,,1981
Triples,Minnesota,36,,,1981
Complete Games,Oakland,60,,,1981
ERA,New York,2.90,,,1981
Fewest Hits Allowed,New York,827,,,1981
Fewest Home Runs Allowed,New York,64,,,1981
Fewest Walks Allowed,Kansas City,273,,,1981
Saves,Milwaukee,35,,,1981
Shutouts,Detroit,13,,,1981
Shutouts,New York,13,,,1981
Shutouts,Texas,13,,,1981
Strikeouts,New York,606,,,1981
Base on Balls,Rickey Henderson,Oakland,116.0,,1982
Batting Average,Willie Wilson,Kansas City,0.332,,1982
Doubles,Hal McRae,Kansas City,46.0,,1982
Doubles,Robin Yount,Milwaukee,46.0,,1982
Hits,Robin Yount,Milwaukee,210.0,,1982
Home Runs,Reggie Jackson,California,39.0,,1982
Home Runs,Gorman Thomas,Milwaukee,39.0,,1982
On Base Percentage,Dwight Evans,Boston,0.403,,1982
RBI,Hal McRae,Kansas City,133.0,,1982
Runs,Paul Molitor,Milwaukee,136.0,,1982
Slugging Average,Robin Yount,Milwaukee,0.578,,1982
Stolen Bases,Rickey Henderson,Oakland,130.0,,1982
Total Bases,Robin Yount,Milwaukee,367.0,,1982
Triples,Willie Wilson,Kansas City,15.0,,1982
1982 A.L. History | 1982 N.L. History | Year-by-Year History,1982 A.L. History | 1982 N.L. History | Year-by-Year History,1982 A.L. History | 1982 N.L. History | Year-by-Year History,,,1982
Complete Games,Dave Stieb,Toronto,19.0,,1982
ERA,Rick Sutcliffe,Cleveland,2.96,,1982
Games,Ed Vande Berg,Seattle,78.0,,1982
Saves,Dan Quisenberry,Kansas City,35.0,,1982
Shutouts,Dave Stieb,Toronto,5.0,,1982
Strikeouts,Floyd Bannister,Seattle,209.0,,1982
Winning Percentage,Pete Vuckovich,Milwaukee,0.75,,1982
Wins,La Marr Hoyt,Chicago,19.0,,1982
1982 A.L. History | 1982 N.L. History | Year-by-Year History,1982 A.L. History | 1982 N.L. History | Year-by-Year History,1982 A.L. History | 1982 N.L. History | Year-by-Year History,,,1982
East,Team [Click for roster],Wins,,,1982
East,Milwaukee Brewers,95,67.0,0.586,1982
East,Baltimore Orioles,94,68.0,0.58,1982
East,Boston Red Sox,89,73.0,0.549,1982
East,Detroit Tigers,83,79.0,0.512,1982
East,New York Yankees,79,83.0,0.488,1982
East,Toronto Blue Jays,78,84.0,0.481,1982
East,Cleveland Indians,78,84.0,0.481,1982
West,Team [Click for roster],Wins,,,1982
West,California Angels,93,69.0,0.574,1982
West,Kansas City Royals,90,72.0,0.556,1982
West,Chicago White Sox,87,75.0,0.537,1982
West,Seattle Mariners,76,86.0,0.469,1982
West,Oakland Athletics,68,94.0,0.42,1982
West,Texas Rangers,64,98.0,0.395,1982
West,Minnesota Twins,60,102.0,0.37,1982
A.L.,Team [Click for roster],Wins,,,1982
American League Team Standings,American League Team Standings,American League Team Standings,,,1982
Base on Balls,Cleveland,651,,,1982
Batting Average,Kansas City,.285,,,1982
Doubles,Kansas City,295,,,1982
Hits,Kansas City,1603,,,1982
Home Runs,Milwaukee,216,,,1982
On Base Percentage,California,.350,,,1982
Runs,Milwaukee,891,,,1982
Slugging Average,Milwaukee,.455,,,1982
Stolen Bases,Oakland,232,,,1982
Triples,Kansas City,58,,,1982
Complete Games,Detroit,45,,,1982
ERA,Detroit,3.80,,,1982
Fewest Hits Allowed,Detroit,1371,,,1982
Fewest Home Runs Allowed,Chicago,99,,,1982
Fewest Walks Allowed,Chicago,460,,,1982
Saves,Milwaukee,47,,,1982
Shutouts,Toronto,13,,,1982
Strikeouts,Seattle,1002,,,1982
Base on Balls,Rickey Henderson,Oakland,103.0,,1983
Batting Average,Wade Boggs,Boston,0.361,,1983
Doubles,"Cal Ripken, Jr.",Baltimore,47.0,,1983
Hits,"Cal Ripken, Jr.",Baltimore,211.0,,1983
Home Runs,Jim Rice,Boston,39.0,,1983
On Base Percentage,Wade Boggs,Boston,0.449,,1983
RBI,Cecil Cooper,Milwaukee,126.0,,1983
RBI,Jim Rice,Boston,126.0,,1983
Runs,"Cal Ripken, Jr.",Baltimore,121.0,,1983
Slugging Average,George Brett,Kansas City,0.563,,1983
Stolen Bases,Rickey Henderson,Oakland,108.0,,1983
Total Bases,Jim Rice,Boston,344.0,,1983
Triples,Robin Yount,Milwaukee,10.0,,1983
1983 A.L. History | 1983 N.L. History | Year-by-Year History,1983 A.L. History | 1983 N.L. History | Year-by-Year History,1983 A.L. History | 1983 N.L. History | Year-by-Year History,,,1983
Complete Games,Ron Guidry,New York,21.0,,1983
ERA,Rick Honeycutt,Texas,2.42,,1983
Games,Dan Quisenberry,Kansas City,69.0,,1983
Saves,Dan Quisenberry,Kansas City,45.0,,1983
Shutouts,Mike Boddicker,Baltimore,5.0,,1983
Strikeouts,Jack Morris,Detroit,232.0,,1983
Winning Percentage,Richard Dotson,Chicago,0.759,,1983
Wins,La Marr Hoyt,Chicago,24.0,,1983
1983 A.L. History | 1983 N.L. History | Year-by-Year History,1983 A.L. History | 1983 N.L. History | Year-by-Year History,1983 A.L. History | 1983 N.L. History | Year-by-Year History,,,1983
East,Team | Roster,Wins,,,1983
East,Baltimore Orioles,98,64.0,0.605,1983
East,Detroit Tigers,92,70.0,0.568,1983
East,New York Yankees,91,71.0,0.562,1983
East,Toronto Blue Jays,89,73.0,0.549,1983
East,Milwaukee Brewers,87,75.0,0.537,1983
East,Boston Red Sox,78,84.0,0.481,1983
East,Cleveland Indians,70,92.0,0.432,1983
West,Team | Roster,Wins,,,1983
West,Chicago White Sox,99,63.0,0.611,1983
West,Kansas City Royals,79,83.0,0.488,1983
West,Texas Rangers,77,85.0,0.475,1983
West,Oakland Athletics,74,88.0,0.457,1983
West,California Angels,70,92.0,0.432,1983
West,Minnesota Twins,70,92.0,0.432,1983
West,Seattle Mariners,60,102.0,0.37,1983
A.L.,Team | Roster,Wins,,,1983
American League Team Standings,American League Team Standings,American League Team Standings,,,1983
Base on Balls,Cleveland,605,,,1983
Batting Average,Toronto,.277,,,1983
Doubles,Boston,287,,,1983
Hits,Milwaukee,1556,,,1983
Home Runs,Baltimore,168,,,1983
On Base Percentage,Baltimore,.343,,,1983
Runs,Chicago,800,,,1983
Slugging Average,Toronto,.436,,,1983
Stolen Bases,Oakland,235,,,1983
Triples,Toronto,58,,,1983
Complete Games,New York,47,,,1983
ERA,Texas,3.31,,,1983
Fewest Hits Allowed,Detroit,1318,,,1983
Fewest Home Runs Allowed,Texas,97,,,1983
Fewest Walks Allowed,Chicago,447,,,1983
Saves,Kansas City,49,,,1983
Shutouts,Baltimore,15,,,1983
Strikeouts,Seattle,910,,,1983
Base on Balls,Eddie Murray,Baltimore,107.0,,1984
Batting Average,Don Mattingly,New York,0.343,,1984
Doubles,Don Mattingly,New York,44.0,,1984
Hits,Don Mattingly,New York,207.0,,1984
Home Runs,Tony Armas,Boston,43.0,,1984
On Base Percentage,Eddie Murray,Baltimore,0.415,,1984
RBI,Tony Armas,Boston,123.0,,1984
Runs,Dwight Evans,Boston,121.0,,1984
Slugging Average,Harold Baines,Chicago,0.541,,1984
Stolen Bases,Rickey Henderson,Oakland,66.0,,1984
Total Bases,Tony Armas,Boston,339.0,,1984
Triples,Dave Collins,Toronto,15.0,,1984
Triples,Lloyd Moseby,Toronto,15.0,,1984
1984 A.L. History | 1984 N.L. History | Year-by-Year History,1984 A.L. History | 1984 N.L. History | Year-by-Year History,1984 A.L. History | 1984 N.L. History | Year-by-Year History,,,1984
Complete Games,Charlie Hough,Texas,17.0,,1984
ERA,Mike Boddicker,Baltimore,2.79,,1984
Games,Willie Hernandez,Detroit,80.0,,1984
Saves,Dan Quisenberry,Kansas City,44.0,,1984
Shutouts,Bob Ojeda,Boston,5.0,,1984
Shutouts,Geoff Zahn,California,5.0,,1984
Strikeouts,Mark Langston,Seattle,204.0,,1984
Winning Percentage,Doyle Alexander,Toronto,0.739,,1984
Wins,Mike Boddicker,Baltimore,20.0,,1984
1984 A.L. History | 1984 N.L. History | Year-by-Year History,1984 A.L. History | 1984 N.L. History | Year-by-Year History,1984 A.L. History | 1984 N.L. History | Year-by-Year History,,,1984
East,Team | Roster,W,,,1984
East,Detroit Tigers,104,58.0,0.642,1984
East,Toronto Blue Jays,89,73.0,0.549,1984
East,New York Yankees,87,75.0,0.537,1984
East,Boston Red Sox,86,76.0,0.531,1984
East,Baltimore Orioles,85,77.0,0.525,1984
East,Cleveland Indians,75,87.0,0.463,1984
East,Milwaukee Brewers,67,94.0,0.416,1984
West,Team | Roster,W,,,1984
West,Kansas City Royals,84,78.0,0.519,1984
West,California Angels,81,81.0,0.5,1984
West,Minnesota Twins,81,81.0,0.5,1984
West,Oakland Athletics,77,85.0,0.475,1984
West,Seattle Mariners,74,88.0,0.757,1984
West,Chicago White Sox,74,88.0,0.457,1984
West,Texas Rangers,69,92.0,0.429,1984
A.L.,Team | Roster,W,,,1984
American League Team Standings,American League Team Standings,American League Team Standings,,,1984
Base on Balls,Baltimore,620,,,1984
Batting Average,Boston,.283,,,1984
Doubles,Toronto,275,,,1984
Doubles,New York,275,,,1984
Hits,Boston,1598,,,1984
Home Runs,Detroit,187,,,1984
On Base Percentage,Detroit,.345,,,1984
Runs,Detroit,829,,,1984
Slugging Average,Boston,.441,,,1984
Stolen Bases,Toronto,193,,,1984
Triples,Toronto,68,,,1984
Complete Games,Baltimore,48,,,1984
ERA,Detroit,3.49,,,1984
Fewest Hits Allowed,Detroit,1358,,,1984
Fewest Home Runs Allowed,New York,120,,,1984
Fewest Walks Allowed,Kansas City,433,,,1984
Saves,Detroit,51,,,1984
Shutouts,Baltimore,13,,,1984
Strikeouts,New York,992,,,1984
Base on Balls,Dwight Evans,Boston,114.0,,1985
Batting Average,Wade Boggs,Boston,0.368,,1985
Doubles,Don Mattingly,New York,48.0,,1985
Hits,Wade Boggs,Boston,240.0,,1985
Home Runs,Darrell Evans,Detroit,40.0,,1985
On Base Percentage,Wade Boggs,Boston,0.452,,1985
RBI,Don Mattingly,New York,145.0,,1985
Runs,Rickey Henderson,New York,146.0,,1985
Slugging Average,George Brett,Kansas City,0.585,,1985
Stolen Bases,Rickey Henderson,New York,80.0,,1985
Total Bases,Don Mattingly,New York,370.0,,1985
Triples,Willie Wilson,Kansas City,21.0,,1985
1985 A.L. History | 1985 N.L. History | Year-by-Year History,1985 A.L. History | 1985 N.L. History | Year-by-Year History,1985 A.L. History | 1985 N.L. History | Year-by-Year History,,,1985
Complete Games,Bert Blyleven,Cleveland,24.0,,1985
Complete Games,Bert Blyleven,Minnesota,24.0,,1985
ERA,Dave Stieb,Toronto,2.48,,1985
Games,Dan Quisenberry,Kansas City,84.0,,1985
Saves,Dan Quisenberry,Kansas City,37.0,,1985
Shutouts,Bert Blyleven,Cleveland,5.0,,1985
Shutouts,Bert Blyleven,Minnesota,5.0,,1985
Strikeouts,Bert Blyleven,Cleveland,206.0,,1985
Strikeouts,Bert Blyleven,Minnesota,206.0,,1985
Winning Percentage,Ron Guidry,New York,0.786,,1985
Wins,Ron Guidry,New York,22.0,,1985
1985 A.L. History | 1985 N.L. History | Year-by-Year History,1985 A.L. History | 1985 N.L. History | Year-by-Year History,1985 A.L. History | 1985 N.L. History | Year-by-Year History,,,1985
East,Team | Roster,W,,,1985
East,Toronto Blue Jays,99,62.0,0.615,1985
East,New York Yankees,97,64.0,0.602,1985
East,Detroit Tigers,84,77.0,0.522,1985
East,Baltimore Orioles,83,78.0,0.516,1985
East,Boston Red Sox,81,81.0,0.5,1985
East,Milwaukee Brewers,71,90.0,0.441,1985
East,Cleveland Indians,60,102.0,0.37,1985
West,Team | Roster,W,,,1985
West,Kansas City Royals,91,71.0,0.562,1985
West,California Angels,90,72.0,0.556,1985
West,Chicago White Sox,85,77.0,0.525,1985
West,Minnesota Twins,77,85.0,0.475,1985
West,Oakland Athletics,77,85.0,0.475,1985
West,Seattle Mariners,74,88.0,0.457,1985
West,Texas Rangers,62,99.0,0.385,1985
A.L.,Team | Roster,W,,,1985
American League Team Standings,American League Team Standings,American League Team Standings,,,1985
Base on Balls,California,648,,,1985
Batting Average,Boston,.282,,,1985
Doubles,Boston,292,,,1985
Hits,Boston,1615,,,1985
Home Runs,Baltimore,214,,,1985
On Base Percentage,Boston,.350,,,1985
Runs,New York,839,,,1985
Slugging Average,Baltimore,.430,,,1985
Stolen Bases,New York,155,,,1985
Triples,Toronto,53,,,1985
Complete Games,Minnesota,41,,,1985
ERA,Toronto,3.31,,,1985
Fewest Hits Allowed,Toronto,1312,,,1985
Fewest Home Runs Allowed,Kansas City,103,,,1985
Fewest Walks Allowed,Minnesota,462,,,1985
Saves,New York,49,,,1985
Shutouts,Detroit,11,,,1985
Shutouts,Kansas City,11,,,1985
Strikeouts,Chicago,1023,,,1985
Base on Balls,Wade Boggs,Boston,106.0,,1986
Batting Average,Wade Boggs,Boston,0.357,,1986
Doubles,Don Mattingly,New York,53.0,,1986
Hits,Don Mattingly,New York,238.0,,1986
Home Runs,Jesse Barfield,Toronto,40.0,,1986
On Base Percentage,Wade Boggs,Boston,0.455,,1986
RBI,Joe Carter,Cleveland,121.0,,1986
Runs,Rickey Henderson,New York,130.0,,1986
Slugging Average,Don Mattingly,New York,0.573,,1986
Stolen Bases,Rickey Henderson,New York,87.0,,1986
Total Bases,Don Mattingly,New York,388.0,,1986
Triples,Brett Butler,Cleveland,14.0,,1986
Complete Games,Tom Candiotti,Cleveland,17.0,,1986
ERA,Roger Clemens,Boston,2.48,,1986
Games,Mitch Williams,Texas,80.0,,1986
Saves,Dave Righetti,New York,46.0,,1986
Shutouts,Jack Morris,Detroit,6.0,,1986
Strikeouts,Mark Langston,Seattle,245.0,,1986
Winning Percentage,Roger Clemens,Boston,0.857,,1986
Wins,Roger Clemens,Boston,24.0,,1986
1986 American League Team Standings,1986 American League Team Standings,1986 American League Team Standings,,,1986
East,Team [Click for roster],Wins,,,1986
East,Boston Red Sox,95,66.0,0.59,1986
East,New York Yankees,90,72.0,0.556,1986
East,Detroit Tigers,87,75.0,0.537,1986
East,Toronto Blue Jays,86,76.0,0.531,1986
East,Cleveland Indians,84,78.0,0.519,1986
East,Milwaukee Brewers,77,84.0,0.478,1986
East,Baltimore Orioles,73,89.0,0.451,1986
West,Team [Click for roster],Wins,,,1986
West,California Angels,92,70.0,0.568,1986
West,Texas Rangers,87,75.0,0.537,1986
West,Kansas City Royals,76,86.0,0.469,1986
West,Oakland Athletics,76,86.0,0.469,1986
West,Chicago White Sox,72,90.0,0.444,1986
West,Minnesota Twins,71,91.0,0.438,1986
West,Seattle Mariners,67,95.0,0.414,1986
American League Team Standings,American League Team Standings,American League Team Standings,,,1986
Base on Balls,California,671,,,1986
Batting Average,Cleveland,.284,,,1986
Doubles,Boston,320,,,1986
Hits,Cleveland,1620,,,1986
Home Runs,Detroit,198,,,1986
On Base Percentage,New York,.350,,,1986
Runs,Cleveland,831,,,1986
Slugging Average,New York,.430,,,1986
Stolen Bases,Cleveland,141,,,1986
Triples,Cleveland,45,,,1986
Complete Games,Minnesota,39,,,1986
ERA,Kansas City,3.82,,,1986
Fewest Hits Allowed,Oakland,1334,,,1986
Fewest Home Runs Allowed,Kansas City,121,,,1986
Fewest Walks Allowed,Boston,474,,,1986
Saves,New York,58,,,1986
Shutouts,Kansas City,13,,,1986
Strikeouts,Texas,1059,,,1986
Base on Balls,Dwight Evans,Boston,106.0,,1987
Batting Average,Wade Boggs,Boston,0.363,,1987
Doubles,Paul Molitor,Milwaukee,41.0,,1987
Hits,Kirby Puckett,Minnesota,207.0,,1987
Hits,Kevin Seitzer,Kansas City,207.0,,1987
Home Runs,Mark McGwire,Oakland,49.0,,1987
On Base Percentage,Wade Boggs,Boston,0.467,,1987
RBI,George Bell,Toronto,134.0,,1987
Runs,Paul Molitor,Milwaukee,114.0,,1987
Slugging Average,Mark McGwire,Oakland,0.618,,1987
Stolen Bases,Harold Reynolds,Seattle,67.0,,1987
Total Bases,George Bell,Toronto,369.0,,1987
Triples,Willie Wilson,Kansas City,15.0,,1987
Complete Games,Roger Clemens,Boston,18.0,,1987
ERA,Jimmy Key,Toronto,2.76,,1987
Games,Mark Eichhorn,Toronto,89.0,,1987
Saves,Tom Henke,Toronto,34.0,,1987
Shutouts,Roger Clemens,Boston,7.0,,1987
Strikeouts,Mark Langston,Seattle,262.0,,1987
Winning Percentage,Roger Clemens,Boston,0.69,,1987
Wins,Roger Clemens,Boston,20.0,,1987
Wins,Dave Stewart,Oakland,20.0,,1987
1987 American League Team Standings,1987 American League Team Standings,1987 American League Team Standings,,,1987
East,Team [Click for roster],Wins,,,1987
East,Detroit Tigers,98,64.0,0.605,1987
East,Toronto Blue Jays,96,66.0,0.593,1987
East,Milwaukee Brewers,91,71.0,0.562,1987
East,New York Yankees,89,73.0,0.549,1987
East,Boston Red Sox,78,84.0,0.481,1987
East,Baltimore Orioles,67,95.0,0.414,1987
East,Cleveland Indians,61,101.0,0.377,1987
West,Team [Click for roster],Wins,,,1987
West,Minnesota Twins,85,77.0,0.525,1987
West,Kansas City Royals,83,79.0,0.512,1987
West,Oakland Athletics,81,81.0,0.5,1987
West,Seattle Mariners,78,84.0,0.481,1987
West,Chicago White Sox,77,85.0,0.475,1987
West,Texas Rangers,75,87.0,0.463,1987
West,California Angels,75,87.0,0.463,1987
American League Team Standings,American League Team Standings,American League Team Standings,,,1987
Base on Balls,Detroit,653,,,1987
Batting Average,Boston,.278,,,1987
Doubles,Chicago,283,,,1987
Hits,Boston,1554,,,1987
Home Runs,Detroit,225,,,1987
On Base Percentage,Boston,.355,,,1987
Runs,Detroit,896,,,1987
Slugging Average,Detroit,.451,,,1987
Stolen Bases,Milwaukee,176,,,1987
Triples,Seattle,48,,,1987
Complete Games,Boston,47,,,1987
ERA,Toronto,3.74,,,1987
Fewest Hits Allowed,Toronto,1323,,,1987
Fewest Home Runs Allowed,Kansas City,128,,,1987
Fewest Walks Allowed,Seattle,497,,,1987
Saves,New York,47,,,1987
Shutouts,Boston,13,,,1987
Strikeouts,Texas,1103,,,1987
Base on Balls,Wade Boggs,Boston,125.0,,1988
Batting Average,Wade Boggs,Boston,0.366,,1988
Doubles,Wade Boggs,Boston,45.0,,1988
Hits,Kirby Puckett,Minnesota,234.0,,1988
Home Runs,Jose Canseco,Oakland,42.0,,1988
On Base Percentage,Wade Boggs,Boston,0.48,,1988
RBI,Jose Canseco,Oakland,124.0,,1988
Runs,Wade Boggs,Boston,128.0,,1988
Slugging Average,Jose Canseco,Oakland,0.569,,1988
Stolen Bases,Rickey Henderson,New York,93.0,,1988
Total Bases,Kirby Puckett,Minnesota,358.0,,1988
Triples,Harold Reynolds,Seattle,11.0,,1988
Triples,Willie Wilson,Kansas City,11.0,,1988
Triples,Robin Yount,Milwaukee,11.0,,1988
Complete Games,Roger Clemens,Boston,14.0,,1988
Complete Games,Dave Stewart,Oakland,14.0,,1988
ERA,Allan Anderson,Minnesota,2.45,,1988
Games,Chuck Crim,Milwaukee,70.0,,1988
Saves,Dennis Eckersley,Oakland,45.0,,1988
Shutouts,Roger Clemens,Boston,8.0,,1988
Strikeouts,Roger Clemens,Boston,291.0,,1988
Winning Percentage,Frank Viola,Minnesota,0.774,,1988
Wins,Frank Viola,Minnesota,24.0,,1988
1988 American League Team Standings,1988 American League Team Standings,1988 American League Team Standings,,,1988
East,Team [Click for roster],Wins,,,1988
East,Boston Red Sox,89,73.0,0.549,1988
East,Detroit Tigers,88,74.0,0.543,1988
East,Toronto Blue Jays,87,75.0,0.537,1988
East,Milwaukee Brewers,87,75.0,0.537,1988
East,New York Yankees,85,76.0,0.528,1988
East,Cleveland Indians,78,84.0,0.481,1988
East,Baltimore Orioles,54,107.0,0.335,1988
West,Team [Click for roster],Wins,,,1988
West,Oakland Athletics,104,58.0,0.642,1988
West,Minnesota Twins,91,71.0,0.562,1988
West,Kansas City Royals,84,77.0,0.522,1988
West,California Angels,75,87.0,0.463,1988
West,Chicago White Sox,71,90.0,0.441,1988
West,Texas Rangers,70,91.0,0.435,1988
West,Seattle Mariners,68,93.0,0.422,1988
American League Team Standings,American League Team Standings,American League Team Standings,,,1988
Base on Balls,Boston,623,,,1988
Batting Average,Boston,.283,,,1988
Doubles,Boston,310,,,1988
Hits,Boston,1569,,,1988
Home Runs,Toronto,158,,,1988
On Base Percentage,Boston,.360,,,1988
Runs,Boston,813,,,1988
Slugging Average,Minnesota,.421,,,1988
Stolen Bases,Milwaukee,159,,,1988
Triples,Toronto,47,,,1988
Complete Games,Texas,41,,,1988
ERA,Oakland,3.44,,,1988
Fewest Hits Allowed,Texas,1310,,,1988
Fewest Home Runs Allowed,Kansas City,102,,,1988
Fewest Walks Allowed,Milwaukee,437,,,1988
Saves,Oakland,64,,,1988
Shutouts,Toronto,17,,,1988
Strikeouts,Boston,1085,,,1988
Base on Balls,Rickey Henderson,New York,126.0,,1989
Base on Balls,Rickey Henderson,Oakland,126.0,,1989
Batting Average,Kirby Puckett,Minnesota,0.339,,1989
Doubles,Wade Boggs,Boston,51.0,,1989
Hits,Kirby Puckett,Minnesota,215.0,,1989
Home Runs,Fred McGriff,Toronto,36.0,,1989
On Base Percentage,Wade Boggs,Boston,0.434,,1989
RBI,Ruben Sierra,Texas,119.0,,1989
Runs,Wade Boggs,Boston,113.0,,1989
Runs,Rickey Henderson,New York,113.0,,1989
Runs,Rickey Henderson,Oakland,113.0,,1989
Slugging Average,Ruben Sierra,Texas,0.543,,1989
Stolen Bases,Rickey Henderson,New York,77.0,,1989
Stolen Bases,Rickey Henderson,Oakland,77.0,,1989
Total Bases,Ruben Sierra,Texas,344.0,,1989
Triples,Ruben Sierra,Texas,14.0,,1989
Complete Games,Bret Saberhagen,Kansas City,12.0,,1989
ERA,Bret Saberhagen,Kansas City,2.16,,1989
Games,Chuck Crim,Milwaukee,76.0,,1989
Saves,Jeff Russell,Texas,38.0,,1989
Shutouts,Bert Blyleven,California,5.0,,1989
Strikeouts,Nolan Ryan,Texas,301.0,,1989
Winning Percentage,Bret Saberhagen,Kansas City,0.793,,1989
Wins,Bret Saberhagen,Kansas City,23.0,,1989
1989 American League Team Standings,1989 American League Team Standings,1989 American League Team Standings,,,1989
East,Team [Click for roster],Wins,,,1989
East,Toronto Blue Jays,89,73.0,0.549,1989
East,Baltimore Orioles,87,75.0,0.537,1989
East,Boston Red Sox,83,79.0,0.512,1989
East,Milwaukee Brewers,81,81.0,0.5,1989
East,New York Yankees,74,87.0,0.46,1989
East,Cleveland Indians,73,89.0,0.451,1989
East,Detroit Tigers,59,103.0,0.364,1989
West,Team [Click for roster],Wins,,,1989
West,Oakland Athletics,99,63.0,0.611,1989
West,Kansas City Royals,92,70.0,0.568,1989
West,California Angels,91,71.0,0.562,1989
West,Texas Rangers,83,79.0,0.512,1989
West,Minnesota Twins,80,82.0,0.494,1989
West,Seattle Mariners,73,89.0,0.451,1989
West,Chicago White Sox,69,92.0,0.429,1989
American League Team Standings,American League Team Standings,American League Team Standings,,,1989
Base on Balls,Boston,643,,,1989
Batting Average,Boston,.277,,,1989
Doubles,Boston,326,,,1989
Hits,Boston,1571,,,1989
Home Runs,California,145,,,1989
On Base Percentage,Boston,.355,,,1989
Runs,Boston,774,,,1989
Slugging Average,Boston,.403,,,1989
Stolen Bases,Milwaukee,165,,,1989
Triples,Texas,46,,,1989
Complete Games,California,32,,,1989
ERA,Oakland,3.09,,,1989
Fewest Hits Allowed,Texas,1279,,,1989
Fewest Home Runs Allowed,Kansas City,86,,,1989
Fewest Walks Allowed,Cleveland,452,,,1989
Saves,Oakland,57,,,1989
Shutouts,California,20,,,1989
Shutouts,Oakland,20,,,1989
Strikeouts,Texas,1112,,,1989
Base on Balls,Mark McGwire,Oakland,110.0,,1990
Batting Average,George Brett,Kansas City,0.329,,1990
Doubles,George Brett,Kansas City,45.0,,1990
Doubles,Jody Reed,Boston,45.0,,1990
Hits,Rafael Palmeiro,Texas,191.0,,1990
Home Runs,Cecil Fielder,Detroit,51.0,,1990
On Base Percentage,Rickey Henderson,Oakland,0.441,,1990
RBI,Cecil Fielder,Detroit,132.0,,1990
Runs,Rickey Henderson,Oakland,119.0,,1990
Slugging Average,Cecil Fielder,Detroit,0.592,,1990
Stolen Bases,Rickey Henderson,Oakland,65.0,,1990
Total Bases,Cecil Fielder,Detroit,339.0,,1990
Triples,Tony Fernandez,Toronto,17.0,,1990
Complete Games,Jack Morris,Detroit,11.0,,1990
Complete Games,Dave Stewart,Oakland,11.0,,1990
ERA,Roger Clemens,Boston,1.93,,1990
Games,Bobby Thigpen,Chicago,77.0,,1990
Saves,Bobby Thigpen,Chicago,57.0,,1990
Shutouts,Roger Clemens,Boston,4.0,,1990
Shutouts,Dave Stewart,Oakland,4.0,,1990
Strikeouts,Nolan Ryan,Texas,269.0,,1990
Winning Percentage,Bob Welch,Oakland,0.818,,1990
Wins,Bob Welch,Oakland,27.0,,1990
1990 American League Team Standings,1990 American League Team Standings,1990 American League Team Standings,,,1990
East,Team [Click for roster],Wins,,,1990
East,Boston Red Sox,88,74.0,0.543,1990
East,Toronto Blue Jays,86,76.0,0.531,1990
East,Detroit Tigers,79,83.0,0.488,1990
East,Cleveland Indians,77,85.0,0.475,1990
East,Baltimore Orioles,76,85.0,0.472,1990
East,Milwaukee Brewers,74,88.0,0.457,1990
East,New York Yankees,67,95.0,0.414,1990
West,Team [Click for roster],Wins,,,1990
West,Oakland Athletics,103,59.0,0.636,1990
West,Chicago White Sox,94,68.0,0.58,1990
West,Texas Rangers,83,79.0,0.512,1990
West,California Angels,80,82.0,0.494,1990
West,Seattle Mariners,77,85.0,0.475,1990
West,Kansas City Royals,75,86.0,0.466,1990
West,Minnesota Twins,74,88.0,0.457,1990
American League Team Standings,American League Team Standings,American League Team Standings,,,1990
Base on Balls,Baltimore,660,,,1990
Batting Average,Boston,.272,,,1990
Doubles,Kansas City,316,,,1990
Hits,Boston,1502,,,1990
Home Runs,Detroit,172,,,1990
On Base Percentage,Boston,.346,,,1990
Runs,Toronto,767,,,1990
Slugging Average,Toronto,.419,,,1990
Stolen Bases,Milwaukee,164,,,1990
Triples,Toronto,50,,,1990
Complete Games,Texas,25,,,1990
ERA,Oakland,3.18,,,1990
Fewest Hits Allowed,Oakland,1287,,,1990
Fewest Home Runs Allowed,Boston,92,,,1990
Fewest Walks Allowed,Toronto,445,,,1990
Saves,Chicago,68,,,1990
Shutouts,Oakland,16,,,1990
Strikeouts,Seattle,1064,,,1990
Base on Balls,Frank Thomas,Chicago,138.0,,1991
Batting Average,Julio Franco,Texas,0.341,,1991
Doubles,Rafael Palmeiro,Texas,49.0,,1991
Hits,Paul Molitor,Milwaukee,216.0,,1991
Home Runs,Jose Canseco,Oakland,44.0,,1991
Home Runs,Cecil Fielder,Detroit,44.0,,1991
On Base Percentage,Frank Thomas,Chicago,0.454,,1991
RBI,Cecil Fielder,Detroit,133.0,,1991
Runs,Paul Molitor,Milwaukee,133.0,,1991
Slugging Average,Danny Tartabull,Kansas City,0.593,,1991
Stolen Bases,Rickey Henderson,Oakland,58.0,,1991
Total Bases,"Cal Ripken, Jr.",Baltimore,368.0,,1991
Triples,Lance Johnson,Chicago,12.0,,1991
1991 A.L. History | 1991 N.L. History | Year-by-Year History,1991 A.L. History | 1991 N.L. History | Year-by-Year History,1991 A.L. History | 1991 N.L. History | Year-by-Year History,,,1991
Complete Games,Jack McDowell,Chicago,15.0,,1991
ERA,Roger Clemens,Boston,2.62,,1991
Games,Duane Ward,Toronto,81.0,,1991
Saves,Bryan Harvey,California,46.0,,1991
Shutouts,Roger Clemens,Boston,4.0,,1991
Strikeouts,Roger Clemens,Boston,241.0,,1991
Winning Percentage,Scott Erickson,Minnesota,0.714,,1991
Wins,Scott Erickson,Minnesota,20.0,,1991
Wins,Bill Gullickson,Detroit,20.0,,1991
1991 A.L. History | 1991 N.L. History | Year-by-Year History,1991 A.L. History | 1991 N.L. History | Year-by-Year History,1991 A.L. History | 1991 N.L. History | Year-by-Year History,,,1991
East,Team | Roster,W,,,1991
East,Toronto Blue Jays,91,71.0,0.562,1991
East,Detroit Tigers,84,78.0,0.519,1991
East,Boston Red Sox,84,78.0,0.519,1991
East,Milwaukee Brewers,83,79.0,0.512,1991
East,New York Yankees,71,91.0,0.438,1991
East,Baltimore Orioles,67,95.0,0.414,1991
East,Cleveland Indians,57,105.0,0.352,1991
West,Team | Roster,W,,,1991
West,Minnesota Twins,95,67.0,0.586,1991
West,Chicago White Sox,87,75.0,0.537,1991
West,Texas Rangers,85,77.0,0.525,1991
West,Oakland Athletics,84,78.0,0.519,1991
West,Seattle Mariners,83,79.0,0.512,1991
West,Kansas City Royals,82,80.0,0.506,1991
West,California Angels,81,81.0,0.5,1991
A.L.,Team | Roster,W,,,1991
1991 American League Team Standings,1991 American League Team Standings,1991 American League Team Standings,,,1991
Base on Balls,Detroit,699,,,1991
Batting Average,Minnesota,.280,,,1991
Doubles,Boston,305,,,1991
Hits,Minnesota,1557,,,1991
Home Runs,Detroit,209,,,1991
On Base Percentage,Minnesota,.347,,,1991
Runs,Texas,829,,,1991
Slugging Average,Texas,.424,,,1991
Stolen Bases,Oakland,151,,,1991
Triples,Milwaukee,53,,,1991
Complete Games,Chicago,28,,,1991
ERA,Toronto,3.50,,,1991
Fewest Hits Allowed,Toronto,1301,,,1991
Fewest Home Runs Allowed,Kansas City,105,,,1991
Fewest Walks Allowed,Cleveland,441,,,1991
Saves,Toronto,60,,,1991
Shutouts,Toronto,16,,,1991
Strikeouts,Texas,1022,,,1991
Base on Balls,Mickey Tettleton,Detroit,122.0,,1992
Base on Balls,Frank Thomas,Chicago,122.0,,1992
Batting Average,Edgar Martinez,Seattle,0.343,,1992
Doubles,Edgar Martinez,Seattle,46.0,,1992
Doubles,Frank Thomas,Chicago,46.0,,1992
Hits,Kirby Puckett,Minnesota,210.0,,1992
Home Runs,Juan Gonzalez,Texas,43.0,,1992
On Base Percentage,Frank Thomas,Chicago,0.446,,1992
RBI,Cecil Fielder,Detroit,124.0,,1992
Runs,Tony Phillips,Detroit,114.0,,1992
Slugging Average,Mark McGwire,Oakland,0.585,,1992
Stolen Bases,Kenny Lofton,Cleveland,66.0,,1992
Total Bases,Kirby Puckett,Minnesota,313.0,,1992
Triples,Lance Johnson,Chicago,12.0,,1992
Complete Games,Jack McDowell,Chicago,13.0,,1992
ERA,Roger Clemens,Boston,2.41,,1992
Games,Kenny Rogers,Texas,81.0,,1992
Saves,Dennis Eckersley,Oakland,51.0,,1992
Shutouts,Roger Clemens,Boston,5.0,,1992
Strikeouts,Randy Johnson,Seattle,241.0,,1992
Winning Percentage,Mike Mussina,Baltimore,0.783,,1992
Wins,Kevin Brown,Texas,21.0,,1992
Wins,Jack Morris,Toronto,21.0,,1992
1992 American League Team Standings,1992 American League Team Standings,1992 American League Team Standings,,,1992
East,Team [Click for roster],Wins,,,1992
East,Toronto Blue Jays,96,66.0,0.593,1992
East,Milwaukee Brewers,92,70.0,0.568,1992
East,Baltimore Orioles,89,73.0,0.549,1992
East,New York Yankees,76,86.0,0.469,1992
East,Cleveland indians,76,86.0,0.469,1992
East,Detroit Tigers,75,87.0,0.463,1992
East,Boston Red Sox,73,89.0,0.451,1992
West,Team [Click for roster],Wins,,,1992
West,Oakland Athletics,96,66.0,0.593,1992
West,Minnesota Twins,90,72.0,0.556,1992
West,Chicago White Sox,86,76.0,0.531,1992
West,Texas Rangers,77,85.0,0.475,1992
West,Kansas City Royals,72,90.0,0.444,1992
West,California Angels,72,90.0,0.444,1992
West,Seattle Mariners,64,98.0,0.395,1992
American League Team Standings,American League Team Standings,American League Team Standings,,,1992
Base on Balls,Oakland,707,,,1992
Batting Average,Minnesota,.277,,,1992
Doubles,Kansas City,284,,,1992
Hits,Minnesota,1544,,,1992
Home Runs,Detroit,182,,,1992
On Base Percentage,Oakland,.349,,,1992
Runs,Detroit,791,,,1992
Slugging Average,Toronto,.414,,,1992
Stolen Bases,Milwaukee,256,,,1992
Triples,Kansas City,42,,,1992
Complete Games,California,26,,,1992
ERA,Milwaukee,3.43,,,1992
Fewest Hits Allowed,Milwaukee,1344,,,1992
Fewest Home Runs Allowed,Kansas City,106,,,1992
Fewest Walks Allowed,Milwaukee,435,,,1992
Saves,Oakland,58,,,1992
Shutouts,Baltimore,16,,,1992
Strikeouts,Texas,1034,,,1992
Base on Balls,Tony Phillips,Detroit,132.0,,1993
Batting Average,John Olerud,Toronto,0.363,,1993
Doubles,John Olerud,Toronto,54.0,,1993
Hits,Paul Molitor,Toronto,211.0,,1993
Home Runs,Juan Gonzalez,Texas,46.0,,1993
On Base Percentage,John Olerud,Toronto,0.478,,1993
RBI,Albert Belle,Cleveland,129.0,,1993
Runs,Rafael Palmeiro,Texas,124.0,,1993
Slugging Average,Juan Gonzalez,Texas,0.632,,1993
Stolen Bases,Kenny Lofton,Cleveland,70.0,,1993
Total Bases,"Ken Griffey, Jr.",Seattle,359.0,,1993
Triples,Lance Johnson,Chicago,14.0,,1993
Complete Games,Chuck Finley,California,13.0,,1993
ERA,Kevin Appier,Kansas City,2.56,,1993
Games,Greg Harris,Boston,80.0,,1993
Saves,Jeff Montgomery,Kansas City,45.0,,1993
Saves,Duane Ward,Toronto,45.0,,1993
Shutouts,Jack McDowell,Chicago,4.0,,1993
Strikeouts,Randy Johnson,Seattle,308.0,,1993
Winning Percentage,Jimmy Key,New York,0.75,,1993
Wins,Jack McDowell,Chicago,22.0,,1993
1993 American League Team Standings,1993 American League Team Standings,1993 American League Team Standings,,,1993
East,Team [Click for roster],Wins,,,1993
East,Toronto Blue Jays,95,67.0,0.586,1993
East,New York Yankees,88,74.0,0.543,1993
East,Baltimore Orioles,85,77.0,0.525,1993
East,Detroit Tigers,85,77.0,0.525,1993
East,Boston Red Sox,80,82.0,0.494,1993
East,Cleveland Indians,76,86.0,0.469,1993
East,Milwaukee Brewers,69,93.0,0.426,1993
West,Team [Click for roster],Wins,,,1993
West,Chicago White Sox,94,68.0,0.58,1993
West,Texas Rangers,86,76.0,0.531,1993
West,Kansas City Royals,84,78.0,0.519,1993
West,Seattle Mariners,82,80.0,0.506,1993
West,California Angels,71,91.0,0.438,1993
West,Minnesota Twins,71,91.0,0.438,1993
West,Oakland Athletics,68,94.0,0.42,1993
American League Team Standings,American League Team Standings,American League Team Standings,,,1993
Base on Balls,Detroit,44,,,1993
Batting Average,New York,.279,,,1993
Batting Average,Toronto,.279,,,1993
Doubles,Boston,319,,,1993
Hits,New York,1568,,,1993
Home Runs,Texas,181,,,1993
On Base Percentage,Detroit,.365,,,1993
Runs,Detroit,899,,,1993
Slugging Average,Toronto,.436,,,1993
Stolen Bases,Toronto,170,,,1993
Triples,Chicago,44,,,1993
Complete Games,California,26,,,1993
Complete Games,Milwaukee,26,,,1993
ERA,Chicago,3.70,,,1993
Fewest Hits Allowed,Boston,1379,,,1993
Fewest Hits Allowed,Kansas City,1379,,,1993
Fewest Home Runs Allowed,Kansas City,105,,,1993
Fewest Walks Allowed,Minnesota,514,,,1993
Saves,Toronto,50,,,1993
Shutouts,New York,13,,,1993
Strikeouts,Seattle,1083,,,1993
Base on Balls,Frank Thomas,Chicago,109.0,,1994
Batting Average,Paul O'Neill,New York,0.359,,1994
Doubles,Chuck Knoblauch,Minnesota,45.0,,1994
Hits,Kenny Lofton,Cleveland,160.0,,1994
Home Runs,"Ken Griffey, Jr.",Seattle,40.0,,1994
On Base Percentage,Frank Thomas,Chicago,0.494,,1994
RBI,Kirby Puckett,Minnesota,112.0,,1994
Runs,Frank Thomas,Chicago,106.0,,1994
Slugging Average,Frank Thomas,Chicago,0.729,,1994
Stolen Bases,Kenny Lofton,Cleveland,60.0,,1994
Total Bases,Albert Belle,Cleveland,294.0,,1994
Triples,Lance Johnson,Chicago,14.0,,1994
Complete Games,Randy Johnson,Seattle,9.0,,1994
ERA,Steve Ontiveros,Oakland,2.65,,1994
Games,Bob Wickman,New York,53.0,,1994
Saves,Lee Smith,Baltimore,33.0,,1994
Shutouts,Randy Johnson,Seattle,4.0,,1994
Strikeouts,Randy Johnson,Seattle,204.0,,1994
Winning Percentage,Jason Bere,Chicago,0.857,,1994
Wins,Jimmy Key,New York,17.0,,1994
1994 American League Team Standings,1994 American League Team Standings,1994 American League Team Standings,,,1994
East,Team [Click for roster],Wins,,,1994
East,New York Yankees,70,43.0,0.619,1994
East,Baltimore Orioles,63,49.0,0.563,1994
East,Toronto Blue Jays,55,60.0,0.478,1994
East,Boston Red Sox,54,61.0,0.47,1994
East,Detroit Tigers,53,62.0,0.461,1994
Central,Team [Click for roster],Wins,,,1994
Central,Chicago White Sox,67,46.0,0.593,1994
Central,Cleveland Indians,66,47.0,0.584,1994
Central,Kansas City Royals,64,51.0,0.557,1994
Central,Minnesota Twins,53,60.0,0.469,1994
Central,Milwaukee Brewers,53,62.0,0.461,1994
West,Team [Click for roster],Wins,,,1994
West,Texas Rangers,52,62.0,0.456,1994
West,Oakland Athletics,51,63.0,0.447,1994
West,Seattle Mariners,49,63.0,0.438,1994
West,California Angels,47,68.0,0.409,1994
American League Team Standings,American League Team Standings,American League Team Standings,,,1994
Base on Balls,New York,530,,,1994
Batting Average,Cleveland,.290,,,1994
Batting Average,New York,.290,,,1994
Doubles,Cleveland,240,,,1994
Hits,Cleveland,1165,,,1994
Home Runs,Cleveland,167,,,1994
On Base Percentage,New York,.377,,,1994
Runs,Cleveland,679,,,1994
Slugging Average,Cleveland,.484,,,1994
Stolen Bases,Kansas City,140,,,1994
Triples,Chicago,39,,,1994
Complete Games,Cleveland,17,,,1994
ERA,Chicago,3.96,,,1994
Fewest Hits Allowed,Chicago,964,,,1994
Fewest Home Runs Allowed,Cleveland,94,,,1994
Fewest Walks Allowed,Baltimore,351,,,1994
Saves,Kansas City,38,,,1994
Shutouts,Chicago,9,,,1994
Shutouts,Oakland,9,,,1994
Strikeouts,Toronto,832,,,1994
Base on Balls,Frank Thomas,Chicago,136.0,,1995
Batting Average,Edgar Martinez,Seattle,0.356,,1995
Doubles,Albert Belle,Cleveland,52.0,,1995
Doubles,Edgar Martinez,Seattle,52.0,,1995
Hits,Lance Johnson,Chicago,186.0,,1995
Home Runs,Albert Belle,Cleveland,50.0,,1995
On Base Percentage,Edgar Martinez,Seattle,0.482,,1995
RBI,Albert Belle,Cleveland,126.0,,1995
RBI,Mo Vaughn,Boston,126.0,,1995
Runs,Albert Belle,Cleveland,121.0,,1995
Runs,Edgar Martinez,Seattle,121.0,,1995
Slugging Average,Albert Belle,Cleveland,0.69,,1995
Stolen Bases,Kenny Lofton,Cleveland,54.0,,1995
Total Bases,Albert Belle,Cleveland,377.0,,1995
Triples,Kenny Lofton,Cleveland,13.0,,1995
Complete Games,Jack McDowell,New York,8.0,,1995
ERA,Randy Johnson,Seattle,2.48,,1995
Games,Jesse Orosco,Baltimore,65.0,,1995
Saves,Jose Mesa,Cleveland,46.0,,1995
Shutouts,Mike Mussina,Baltimore,4.0,,1995
Strikeouts,Randy Johnson,Seattle,294.0,,1995
Winning Percentage,Randy Johnson,Seattle,0.9,,1995
Wins,Mike Mussina,Baltimore,19.0,,1995
1995 American League Team Standings,1995 American League Team Standings,1995 American League Team Standings,,,1995
East,Team [Click for roster],Wins,,,1995
East,Boston Red Sox,86,58.0,0.597,1995
East,New York Yankees,79,65.0,0.549,1995
East,Baltimore Orioles,71,73.0,0.493,1995
East,Detroit Tigers,60,84.0,0.417,1995
East,Toronto Blue Jays,56,88.0,0.389,1995
Central,Team [Click for roster],Wins,,,1995
Central,Cleveland Indians,100,44.0,0.694,1995
Central,Kansas City Royals,70,74.0,0.486,1995
Central,Chicago White Sox,68,76.0,0.472,1995
Central,Milwaukee Brewers,65,79.0,0.451,1995
Central,Minnesota Twins,56,88.0,0.389,1995
West,Team [Click for roster],Wins,,,1995
West,Seattle Mariners,79,66.0,0.545,1995
West,California Angels,78,67.0,0.538,1995
West,Texas Rangers,74,70.0,0.514,1995
West,Oakland Athletics,67,77.0,0.465,1995
American League Team Standings,American League Team Standings,American League Team Standings,,,1995
Base on Balls,New York,625,,,1995
Batting Average,Cleveland,.291,,,1995
Doubles,Boston,286,,,1995
Hits,Cleveland,1461,,,1995
Home Runs,Cleveland,207,,,1995
On Base Percentage,Cleveland,.364,,,1995
Runs,Cleveland,840,,,1995
Slugging Average,Cleveland,.479,,,1995
Stolen Bases,Cleveland,132,,,1995
Triples,Milwaukee,42,,,1995
Complete Games,Baltimore,19,,,1995
ERA,Cleveland,3.83,,,1995
Fewest Hits Allowed,Baltimore,1165,,,1995
Fewest Home Runs Allowed,Boston,127,,,1995
Fewest Walks Allowed,Cleveland,445,,,1995
Saves,Cleveland,50,,,1995
Shutouts,Baltimore,10,,,1995
Shutouts,Cleveland,10,,,1995
Shutouts,Kansas City,10,,,1995
Strikeouts,Seattle,1068,,,1995
Base on Balls,Tony Phillips,Chicago,125.0,,1996
Batting Average,Alex Rodriguez,Seattle,0.358,,1996
Doubles,Alex Rodriguez,Seattle,54.0,,1996
Hits,Paul Molitor,Minnesota,225.0,,1996
Home Runs,Mark McGwire,Oakland,52.0,,1996
On Base Percentage,Mark McGwire,Oakland,0.468,,1996
RBI,Albert Belle,Cleveland,148.0,,1996
Runs,Alex Rodriguez,Seattle,141.0,,1996
Slugging Average,Mark McGwire,Oakland,0.73,,1996
Stolen Bases,Kenny Lofton,Cleveland,75.0,,1996
Total Bases,Alex Rodriguez,Seattle,379.0,,1996
Triples,Chuck Knoblauch,Minnesota,14.0,,1996
Complete Games,Pat Hentgen,Toronto,10.0,,1996
ERA,Juan Guzman,Toronto,2.93,,1996
Games,Eddie Guardado,Minnesota,83.0,,1996
Games,Mike Myers,Detroit,83.0,,1996
Saves,John Wetteland,New York,43.0,,1996
Shutouts,Pat Hentgen,Toronto,3.0,,1996
Shutouts,Ken Hill,Texas,3.0,,1996
Shutouts,Rich Robertson,Minnesota,3.0,,1996
Strikeouts,Roger Clemens,Boston,257.0,,1996
Winning Percentage,Charles Nagy,Cleveland,0.773,,1996
Wins,Andy Pettitte,New York,21.0,,1996
1996 American League Team Standings,1996 American League Team Standings,1996 American League Team Standings,,,1996
East,Team [Click for roster],Wins,,,1996
East,New York Yankees,92,70.0,0.568,1996
East,Baltimore Orioles,88,74.0,0.543,1996
East,Boston Red Sox,85,77.0,0.525,1996
East,Toronto Blue Jays,74,88.0,0.457,1996
East,Detroit Tigers,53,109.0,0.327,1996
Central,Team [Click for roster],Wins,,,1996
Central,Cleveland Indians,99,62.0,0.615,1996
Central,Chicago White Sox,85,77.0,0.525,1996
Central,Milwaukee Brewers,80,82.0,0.494,1996
Central,Minnesota Twins,78,84.0,0.484,1996
Central,Kansas City Royals,75,86.0,0.466,1996
West,Team [Click for roster],Wins,,,1996
West,Texas Rangers,90,72.0,0.556,1996
West,Seattle Mariners,85,76.0,0.528,1996
West,Oakland Athletics,78,84.0,0.481,1996
West,California Angels,70,91.0,0.435,1996
American League Team Standings,American League Team Standings,American League Team Standings,,,1996
Base on Balls,Chicago,701,,,1996
Batting Average,Cleveland,.293,,,1996
Doubles,Seattle,343,,,1996
Hits,Cleveland,1665,,,1996
Home Runs,Baltimore,257,,,1996
On Base Percentage,Cleveland,.372,,,1996
Runs,Seattle,993,,,1996
Slugging Average,Seattle,.484,,,1996
Stolen Bases,Kansas City,195,,,1996
Triples,Minnesota,47,,,1996
Complete Games,Texas,19,,,1996
Complete Games,Toronto,19,,,1996
ERA,Cleveland,4.34,,,1996
Fewest Hits Allowed,New York,1469,,,1996
Fewest Home Runs Allowed,New York,143,,,1996
Fewest Walks Allowed,Kansas City,460,,,1996
Saves,New York,52,,,1996
Shutouts,Cleveland,9,,,1996
Shutouts,New York,9,,,1996
Strikeouts,Boston,1165,,,1996
Base on Balls,Jim Thome,Cleveland,120.0,,1997
Batting Average,Frank Thomas,Chicago,0.347,,1997
Doubles,John Valentin,Boston,47.0,,1997
Hits,Nomar Garciaparra,Boston,209.0,,1997
Home Runs,"Ken Griffey, Jr.",Seattle,56.0,,1997
On Base Percentage,Frank Thomas,Chicago,0.461,,1997
RBI,"Ken Griffey, Jr.",Seattle,147.0,,1997
Runs,"Ken Griffey, Jr.",Seattle,125.0,,1997
Slugging Average,"Ken Griffey, Jr.",Seattle,0.646,,1997
Stolen Bases,Brian Hunter,Detroit,74.0,,1997
Total Bases,"Ken Griffey, Jr.",Seattle,393.0,,1997
Triples,Nomar Garciaparra,Boston,11.0,,1997
Complete Games,Roger Clemens,Toronto,9.0,,1997
Complete Games,Pat Hentgen,Toronto,9.0,,1997
ERA,Roger Clemens,Toronto,2.05,,1997
Games,Mike Myers,Detroit,88.0,,1997
Saves,Randy Myers,Baltimore,45.0,,1997
Shutouts,Roger Clemens,Toronto,3.0,,1997
Shutouts,Pat Hentgen,Toronto,3.0,,1997
Strikeouts,Roger Clemens,Toronto,292.0,,1997
Winning Percentage,Randy Johnson,Seattle,0.833,,1997
Wins,Roger Clemens,Toronto,21.0,,1997
1997 American League Team Standings,1997 American League Team Standings,1997 American League Team Standings,,,1997
East,Team | Roster,Wins,,,1997
East,Baltimore Orioles,98,64.0,0.605,1997
East,New York Yankees,96,66.0,0.593,1997
East,Detroit Tigers,79,83.0,0.488,1997
East,Boston Red Sox,78,84.0,0.481,1997
East,Toronto Blue Jays,76,86.0,0.469,1997
Central,Team | Roster,Wins,,,1997
Central,Cleveland Indians,86,75.0,0.534,1997
Central,Chicago White Sox,80,81.0,0.497,1997
Central,Milwaukee Brewers,78,83.0,0.484,1997
Central,Minnesota Twins,68,94.0,0.42,1997
Central,Kansas City Royals,67,94.0,0.416,1997
West,Team | Roster,Wins,,,1997
West,Seattle Mariners,90,72.0,0.556,1997
West,Anaheim Angels,84,78.0,0.519,1997
West,Texas Rangers,77,85.0,0.475,1997
West,Oakland Athletics,65,97.0,0.401,1997
American League Team Standings,American League Team Standings,American League Team Standings,,,1997
Base on Balls,New York,676,,,1997
Batting Average,Boston,.291,,,1997
Doubles,Boston,373,,,1997
Hits,Boston,1684,,,1997
Home Runs,Seattle,264,,,1997
On Base Percentage,New York,.366,,,1997
Runs,Seattle,925,,,1997
Slugging Average,Seattle,.485,,,1997
Stolen Bases,Detroit,161,,,1997
Triples,Toronto,41,,,1997
Complete Games,Toronto,19,,,1997
ERA,New York,3.84,,,1997
Fewest Hits Allowed,Baltimore,1404,,,1997
Fewest Home Runs Allowed,New York,144,,,1997
Fewest Walks Allowed,Minnesota,495,,,1997
Saves,Baltimore,59,,,1997
Shutouts,Toronto,16,,,1997
Strikeouts,Seattle,1207,,,1997
Base on Balls,Rickey Henderson,Oakland,118.0,,1998
Batting Average,Bernie Williams,New York,0.339,,1998
Doubles,Juan Gonzalez,Texas,50.0,,1998
Hits,Alex Rodriguez,Seattle,213.0,,1998
Home Runs,"Ken Griffey, Jr.",Seattle,56.0,,1998
On Base Percentage,Edgar Martinez,Seattle,0.433,,1998
RBI,Juan Gonzalez,Texas,157.0,,1998
Runs,Derek Jeter,New York,127.0,,1998
Slugging Average,Albert Belle,Chicago,0.655,,1998
Stolen Bases,Rickey Henderson,Oakland,66.0,,1998
Total Bases,Albert Belle,Chicago,399.0,,1998
Triples,Jose Offerman,Kansas City,13.0,,1998
Complete Games,Scott Erickson,Baltimore,11.0,,1998
ERA,Roger Clemens,Toronto,2.65,,1998
Games,Sean Runyan,Detroit,88.0,,1998
Saves,Tom Gordon,Boston,46.0,,1998
Shutouts,David Wells,New York,5.0,,1998
Strikeouts,Roger Clemens,Toronto,271.0,,1998
Winning Percentage,David Wells,New York,0.818,,1998
Wins,Roger Clemens,Toronto,20.0,,1998
Wins,David Cone,New York,20.0,,1998
Wins,Rick Helling,Texas,20.0,,1998
1998 American League Team Standings,1998 American League Team Standings,1998 American League Team Standings,,,1998
East,Team [Click for roster],Wins,,,1998
East,New York Yankees,114,48.0,0.704,1998
East,Boston Red Sox,92,70.0,0.568,1998
East,Toronto Blue Jays,88,74.0,0.543,1998
East,Baltimore Orioles,79,83.0,0.488,1998
East,Tampa Bay Devil Rays,63,99.0,0.389,1998
Central,Team [Click for roster],Wins,,,1998
Central,Cleveland Indians,89,73.0,0.549,1998
Central,Chicago White Sox,80,82.0,0.494,1998
Central,Kansas City Royals,72,89.0,0.447,1998
Central,Minnesota Twins,70,92.0,0.432,1998
Central,Detroit Tigers,65,97.0,0.401,1998
West,Team [Click for roster],Wins,,,1998
West,Texas Rangers,88,74.0,0.543,1998
West,Anaheim Angels,85,77.0,0.525,1998
West,Seattle Mariners,76,85.0,0.472,1998
West,Oakland Athletics,74,88.0,0.457,1998
American League Team Standings,American League Team Standings,American League Team Standings,,,1998
Base on Balls,New York,653,,,1998
Batting Average,Texas,.289,,,1998
Doubles,Boston,338,,,1998
Hits,Texas,1637,,,1998
Home Runs,Seattle,234,,,1998
On Base Percentage,New York,.368,,,1998
Runs,New York,965,,,1998
Slugging Average,Seattle,.468,,,1998
Stolen Bases,Toronto,184,,,1998
Triples,Tampa Bay,43,,,1998
Complete Games,New York,22,,,1998
ERA,New York,3.82,,,1998
Fewest Hits Allowed,New York,1357,,,1998
Fewest Home Runs Allowed,New York,156,,,1998
Fewest Walks Allowed,Minnesota,458,,,1998
Saves,Boston,53,,,1998
Shutouts,New York,16,,,1998
Strikeouts,Seattle,1156,,,1998
Base on Balls,Jim Thome,Cleveland,127.0,,1999
Batting Average,Nomar Garciaparra,Boston,0.357,,1999
Doubles,Shawn Green,Toronto,45.0,,1999
Hits,Derek Jeter,New York,219.0,,1999
Home Runs,"Ken Griffey, Jr.",Seattle,48.0,,1999
On Base Percentage,Edgar Martinez,Seattle,0.447,,1999
RBI,Manny Ramirez,Cleveland,165.0,,1999
Runs,Roberto Alomar,Cleveland,138.0,,1999
Slugging Average,Manny Ramirez,Cleveland,0.663,,1999
Stolen Bases,Brian Hunter,Seattle,44.0,,1999
Total Bases,Shawn Green,Toronto,361.0,,1999
Triples,Jose Offerman,Boston,11.0,,1999
Complete Games,David Wells,Toronto,7.0,,1999
ERA,Pedro Martinez,Boston,2.07,,1999
Games,Buddy Groom,Oakland,76.0,,1999
Games,Bob Wells,Minnesota,76.0,,1999
Saves,Mariano Rivera,New York,45.0,,1999
Shutouts,Scott Erickson,Baltimore,3.0,,1999
Strikeouts,Pedro Martinez,Boston,313.0,,1999
Winning Percentage,Pedro Martinez,Boston,0.852,,1999
Wins,Pedro Martinez,Boston,23.0,,1999
1999 American League Team Standings,1999 American League Team Standings,1999 American League Team Standings,,,1999
East,Team [Click for roster],Wins,,,1999
East,New York Yankees,98,64.0,0.605,1999
East,Boston Red Sox,94,68.0,0.58,1999
East,Toronto Blue Jays,84,78.0,0.519,1999
East,Baltimore Orioles,78,84.0,0.481,1999
East,Tampa Bay Devil Rays,69,93.0,0.426,1999
Central,Team [Click for roster],Wins,,,1999
Central,Cleveland Indians,97,65.0,0.599,1999
Central,Chicago White Sox,75,86.0,0.466,1999
Central,Detroit Tigers,69,92.0,0.429,1999
Central,Kansas City Royals,64,97.0,0.398,1999
Central,Minnesota Twins,63,97.0,0.394,1999
West,Team [Click for roster],Wins,,,1999
West,Texas Rangers,95,67.0,0.586,1999
West,Oakland Athletics,87,75.0,0.537,1999
West,Seattle Mariners,79,83.0,0.488,1999
West,Anaheim Angels,70,92.0,0.432,1999
American League Team Standings,American League Team Standings,American League Team Standings,,,1999
Base on Balls,Oakland,770,,,1999
Batting Average,Texas,.293,,,1999
Doubles,Toronto,337,,,1999
Hits,Texas,1653,,,1999
Home Runs,Seattle,244,,,1999
On Base Percentage,Cleveland,.373,,,1999
Runs,Cleveland,1009,,,1999
Slugging Average,Texas,.479,,,1999
Stolen Bases,Cleveland,147,,,1999
Triples,Kansas City,52,,,1999
Complete Games,Baltimore,17,,,1999
ERA,Boston,4.00,,,1999
Fewest Hits Allowed,Boston,1396,,,1999
Fewest Home Runs Allowed,New York,158,,,1999
Fewest Walks Allowed,Boston,469,,,1999
Saves,Boston,50,,,1999
Saves,New York,50,,,1999
Shutouts,Baltimore,4,,,1999
Shutouts,New York,4,,,1999
Strikeouts,Boston,1131,,,1999
Base on Balls,Jason Giambi,Oakland,137.0,,2000
Batting Average,Nomar Garciaparra,Boston,0.372,,2000
Doubles,Carlos Delgado,Toronto,57.0,,2000
Hits,Darin Erstad,Anaheim,240.0,,2000
Home Runs,Troy Glaus,Anaheim,47.0,,2000
On Base Percentage,Jason Giambi,Oakland,0.476,,2000
RBI,Edgar Martinez,Seattle,145.0,,2000
Runs,Johnny Damon,Kansas City,136.0,,2000
Slugging Average,Manny Ramirez,Cleveland,0.697,,2000
Stolen Bases,Johnny Damon,Kansas City,46.0,,2000
Total Bases,Carlos Delgado,Toronto,378.0,,2000
Triples,Cristian Guzman,Minnesota,20.0,,2000
Complete Games,David Wells,Toronto,9.0,,2000
ERA,Pedro Martinez,Boston,1.74,,2000
Games,Kelly Wunsch,Chicago,83.0,,2000
Saves,Todd Jones,Detroit,42.0,,2000
Saves,Derek Lowe,Boston,42.0,,2000
Shutouts,Pedro Martinez,Boston,4.0,,2000
Strikeouts,Pedro Martinez,Boston,284.0,,2000
Winning Percentage,Tim Hudson,Oakland,0.769,,2000
Wins,Tim Hudson,Oakland,20.0,,2000
Wins,David Wells,Toronto,20.0,,2000
2000 American League Team Standings,2000 American League Team Standings,2000 American League Team Standings,,,2000
East,Team [Click for roster],Wins,,,2000
East,New York Yankees,87,74.0,0.54,2000
East,Boston Red Sox,85,77.0,0.525,2000
East,Toronto Blue Jays,83,79.0,0.512,2000
East,Baltimore Orioles,74,88.0,0.457,2000
East,Tampa Bay Devil Rays,69,92.0,0.429,2000
Central,Team [Click for roster],Wins,,,2000
Central,Chicago White Sox,95,67.0,0.586,2000
Central,Cleveland Indians,90,72.0,0.556,2000
Central,Detroit Tigers,79,83.0,0.488,2000
Central,Kansas City Royals,77,85.0,0.475,2000
Central,Minnesota Twins,69,93.0,0.426,2000
West,Team [Click for roster],Wins,,,2000
West,Oakland Athletics,91,70.0,0.565,2000
West,Seattle Mariners,91,71.0,0.562,2000
West,Anaheim Angels,82,80.0,0.506,2000
West,Texas Rangers,71,91.0,0.438,2000
American League Team Standings,American League Team Standings,American League Team Standings,,,2000
Base on Balls,Seattle,775,,,2000
Batting Average,Cleveland,.288,,,2000
Doubles,Texas,330,,,2000
Hits,Kansas City,1644,,,2000
Home Runs,Toronto,244,,,2000
On Base Percentage,Cleveland,.367,,,2000
Runs,Chicago,978,,,2000
Slugging Average,Anaheim,.472,,,2000
Stolen Bases,Baltimore,126,,,2000
Triples,Minnesota,49,,,2000
Complete Games,Toronto,15,,,2000
ERA,Boston,4.24,,,2000
Fewest Hits Allowed,Boston,1433,,,2000
Fewest Home Runs Allowed,Oakland,158,,,2000
Fewest Walks Allowed,Detroit,496,,,2000
Saves,Anaheim,46,,,2000
Saves,Boston,46,,,2000
Shutouts,Boston,12,,,2000
Strikeouts,Cleveland,1213,,,2000
Base on Balls,Jason Giambi,Oakland,129.0,,2001
Batting Average,Ichiro Suzuki,Seattle,0.35,,2001
Doubles,Jason Giambi,Oakland,47.0,,2001
Hits,Ichiro Suzuki,Seattle,242.0,,2001
Home Runs,Alex Rodriguez,Texas,52.0,,2001
On Base Percentage,Jason Giambi,Oakland,0.477,,2001
RBI,Bret Boone,Seattle,141.0,,2001
Runs,Alex Rodriguez,Texas,133.0,,2001
Slugging Average,Jason Giambi,Oakland,0.66,,2001
Stolen Bases,Ichiro Suzuki,Seattle,56.0,,2001
Total Bases,Alex Rodriguez,Texas,393.0,,2001
Triples,Cristian Guzman,Minnesota,14.0,,2001
Complete Games,Steve Sparks,Detroit,8.0,,2001
ERA,Freddy Garcia,Seattle,3.05,,2001
Games,Paul Quantrill,Toronto,80.0,,2001
Saves,Mariano Rivera,New York,50.0,,2001
Shutouts,Mark Mulder,Oakland,4.0,,2001
Strikeouts,Hideo Nomo,Boston,220.0,,2001
Winning Percentage,Roger Clemens,New York,0.87,,2001
Wins,Mark Mulder,Oakland,21.0,,2001
2001 American League Team Standings,2001 American League Team Standings,2001 American League Team Standings,,,2001
East,Team [Click for roster],Wins,,,2001
East,New York Yankees,95,65.0,0.594,2001
East,Boston Red Sox,82,79.0,0.509,2001
East,Toronto Blue Jays,80,82.0,0.494,2001
East,Baltimore Orioles,63,98.0,0.391,2001
East,Tampa Bay Devil Rays,62,100.0,0.383,2001
Central,Team [Click for roster],Wins,,,2001
Central,Cleveland Indians,91,71.0,0.562,2001
Central,Minnesota Twins,85,77.0,0.525,2001
Central,Chicago White Sox,83,79.0,0.512,2001
Central,Detroit Tigers,66,96.0,0.407,2001
Central,Kansas City Royals,65,97.0,0.401,2001
West,Team [Click for roster],Wins,,,2001
West,Seattle Mariners,116,46.0,0.716,2001
West,Oakland Athletics,102,60.0,0.63,2001
West,Anaheim Angels,75,87.0,0.463,2001
West,Texas Rangers,73,89.0,0.451,2001
American League Team Standings,American League Team Standings,American League Team Standings,,,2001
Base on Balls,Oakland,640,,,2001
Batting Average,Seattle,.288,,,2001
Doubles,Oakland,334,,,2001
Hits,Seattle,1637,,,2001
Home Runs,Texas,246,,,2001
On Base Percentage,Seattle,.360,,,2001
Runs,Seattle,927,,,2001
Slugging Average,Texas,.471,,,2001
Stolen Bases,Seattle,174,,,2001
Triples,Detroit,60,,,2001
Complete Games,Detroit,16,,,2001
ERA,Seattle,3.54,,,2001
Fewest Hits Allowed,Seattle,1293,,,2001
Fewest Home Runs Allowed,Boston,146,,,2001
Fewest Walks Allowed,Oakland,440,,,2001
Saves,New York,57,,,2001
Shutouts,Seattle,14,,,2001
Strikeouts,New York,1266,,,2001
Base on Balls,Jim Thome,Cleveland,122.0,,2002
Batting Average,Manny Ramirez,Boston,0.349,,2002
Doubles,Garret Anderson,Anaheim,56.0,,2002
Doubles,Nomar Garciaparra,Boston,56.0,,2002
Hits,Alfonso Soriano,New York,209.0,,2002
Home Runs,Alex Rodriguez,Texas,57.0,,2002
On Base Percentage,Manny Ramirez,Boston,0.45,,2002
RBI,Alex Rodriguez,Texas,142.0,,2002
Runs,Alfonso Soriano,New York,128.0,,2002
Slugging Average,Jim Thome,Cleveland,0.677,,2002
Stolen Bases,Alfonso Soriano,New York,41.0,,2002
Total Bases,Alex Rodriguez,Texas,389.0,,2002
Triples,Johnny Damon,Boston,11.0,,2002
Complete Games,Paul Byrd,Kansas City,7.0,,2002
ERA,Pedro Martinez,Boston,2.26,,2002
Games,Billy Koch,Oakland,84.0,,2002
Saves,Eddie Guardado,Minnesota,45.0,,2002
Shutouts,Jeff Weaver,New York,3.0,,2002
Strikeouts,Pedro Martinez,Boston,239.0,,2002
Winning Percentage,Pedro Martinez,Boston,0.833,,2002
Wins,Barry Zito,Oakland,23.0,,2002
2002 American League Team Standings,2002 American League Team Standings,2002 American League Team Standings,,,2002
East,Team [Click for roster],Wins,,,2002
East,New York Yankees,103,58.0,0.64,2002
East,Boston Red Sox,93,69.0,0.574,2002
East,Toronto Blue Jays,78,84.0,0.481,2002
East,Baltimore Orioles,67,95.0,0.414,2002
East,Tampa Bay Devil Rays,55,106.0,0.342,2002
Central,Team [Click for roster],Wins,,,2002
Central,Minnesota Twins,94,67.0,0.584,2002
Central,Chicago White Sox,81,81.0,0.5,2002
Central,Cleveland Indians,74,88.0,0.457,2002
Central,Kansas City Royals,62,100.0,0.383,2002
Central,Detroit Tigers,55,106.0,0.342,2002
West,Team [Click for roster],Wins,,,2002
West,Oakland Athletics,103,59.0,0.636,2002
West,Anaheim Angels,99,63.0,0.611,2002
West,Seattle Mariners,93,69.0,0.574,2002
West,Texas Rangers,72,90.0,0.444,2002
American League Team Standings,American League Team Standings,American League Team Standings,,,2002
TEAM,G,AB,,,2002
Anaheim,162,5678,851.0,1603.0,2002
Baltimore,162,5491,667.0,1353.0,2002
Boston,162,5640,859.0,1560.0,2002
Chicago,162,5502,856.0,1475.0,2002
Cleveland,162,5423,739.0,1349.0,2002
Detroit,161,5406,575.0,1340.0,2002
Kansas City,162,5535,737.0,1415.0,2002
Minnesota,161,5582,768.0,1518.0,2002
New York,161,5601,897.0,1540.0,2002
Oakland,162,5558,800.0,1450.0,2002
Seattle,162,5569,814.0,1531.0,2002
Tampa Bay,161,5604,673.0,1418.0,2002
Texas,162,5618,843.0,1510.0,2002
Toronto,162,5581,813.0,1457.0,2002
TEAM,W,L,,,2002
Anaheim,99,63,3.69,7.0,2002
Baltimore,67,95,4.46,8.0,2002
Boston,93,69,3.75,5.0,2002
Chicago,81,81,4.53,7.0,2002
Cleveland,74,88,4.91,9.0,2002
Detroit,55,106,4.92,11.0,2002
Kansas City,62,100,5.21,12.0,2002
Minnesota,94,67,4.12,8.0,2002
New York,103,58,3.87,9.0,2002
Oakland,103,59,3.68,9.0,2002
Seattle,93,69,4.07,8.0,2002
Tampa Bay,55,106,5.29,12.0,2002
Texas,72,90,5.15,4.0,2002
Toronto,78,84,4.8,6.0,2002
Base on Balls,Jason Giambi,New York,129.0,,2003
Batting Average,Bill Mueller,Boston,0.326,,2003
Doubles,Garret Anderson,Anaheim,49.0,,2003
Doubles,Vernon Wells,Toronto,49.0,,2003
Hits,Vernon Wells,Toronto,215.0,,2003
Home Runs,Alex Rodriguez,Texas,47.0,,2003
On Base Percentage,Manny Ramirez,Boston,0.427,,2003
RBI,Carlos Delgado,Toronto,145.0,,2003
Runs,Alex Rodriguez,Texas,124.0,,2003
Slugging Average,Alex Rodriguez,Texas,0.6,,2003
Stolen Bases,Carl Crawford,Tampa Bay,55.0,,2003
Total Bases,Vernon Wells,Toronto,373.0,,2003
Triples,Cristian Guzman,Minnesota,14.0,,2003
Complete Games,Bartolo Colon,Chicago,9.0,,2003
Complete Games,Roy Halladay,Toronto,9.0,,2003
Complete Games,Mark Mulder,Oakland,9.0,,2003
ERA,Pedro Martinez,Boston,2.22,,2003
Games,Trever Miller,Toronto,79.0,,2003
Saves,Keith Foulke,Oakland,43.0,,2003
Shutouts,Roy Halladay,Toronto,2.0,,2003
Shutouts,Tim Hudson,Oakland,2.0,,2003
Shutouts,John Lackey,Anaheim,2.0,,2003
Shutouts,Mark Mulder,Oakland,2.0,,2003
Shutouts,Joel Pineiro,Seattle,2.0,,2003
Strikeouts,Esteban Loaiza,Chicago,207.0,,2003
Winning Percentage,Roy Halladay,Toronto,0.759,,2003
Wins,Roy Halladay,Toronto,22.0,,2003
2003 American League Team Standings,2003 American League Team Standings,2003 American League Team Standings,,,2003
East,Team [Click for roster],Wins,,,2003
East,New York Yankees,101,61.0,1.0,2003
East,Boston Red Sox,95,67.0,0.0,2003
East,Toronto Blue Jays,86,76.0,0.0,2003
East,Baltimore Orioles,71,91.0,1.0,2003
East,Tampa Bay Devil Rays,63,99.0,0.0,2003
Central,Team [Click for roster],Wins,,,2003
Central,Minnesota Twins,90,72.0,0.0,2003
Central,Chicago White Sox,86,76.0,0.0,2003
Central,Kansas City Royals,83,79.0,0.0,2003
Central,Cleveland Indians,68,94.0,0.0,2003
Central,Detroit Tigers,43,119.0,0.0,2003
West,Team [Click for roster],Wins,,,2003
West,Oakland Athletics,96,66.0,0.0,2003
West,Seattle Mariners,93,69.0,0.0,2003
West,Anaheim Angels,77,85.0,0.0,2003
West,Texas Rangers,71,91.0,0.0,2003
2003 American League Final Standings,2003 American League Final Standings,2003 American League Final Standings,,,2003
TEAM,G,AB,,,2003
Anaheim,162,5487,736.0,1473.0,2003
Baltimore,163,5665,743.0,1516.0,2003
Boston,162,5769,961.0,1667.0,2003
Chicago,162,5487,791.0,1445.0,2003
Cleveland,162,5572,699.0,1413.0,2003
Detroit,162,5466,591.0,1312.0,2003
Kansas City,162,5568,836.0,1526.0,2003
Minnesota,162,5655,801.0,1567.0,2003
New York,163,5605,877.0,1518.0,2003
Oakland,162,5497,768.0,1398.0,2003
Seattle,162,5561,795.0,1509.0,2003
Tampa Bay,162,5654,715.0,1501.0,2003
Texas,162,5664,826.0,1506.0,2003
Toronto,162,5661,894.0,1580.0,2003
TEAM,W,L,,,2003
Anaheim,77,85,4.28,162.0,2003
Baltimore,71,91,4.76,163.0,2003
Boston,95,67,4.48,162.0,2003
Chicago,86,76,4.17,162.0,2003
Cleveland,68,94,4.21,162.0,2003
Detroit,43,119,5.3,162.0,2003
Kansas City,83,79,5.05,162.0,2003
Minnesota,90,72,4.41,162.0,2003
New York,101,61,4.02,163.0,2003
Oakland,96,66,3.63,162.0,2003
Seattle,93,69,3.76,162.0,2003
Tampa Bay,63,99,4.93,162.0,2003
Texas,71,91,5.67,162.0,2003
Toronto,86,76,4.69,162.0,2003
Base on Balls,Eric Chavez,Oakland,95.0,,2004
Batting Average,Ichiro Suzuki,Seattle,0.372,,2004
Doubles,Brian Roberts,Baltimore,50.0,,2004
Hits,Ichiro Suzuki,Seattle,262.0,,2004
Home Runs,Manny Ramirez,Boston,43.0,,2004
On Base Percentage,Melvin Mora,Baltimore,0.419,,2004
RBI,Miguel Tejada,Baltimore,150.0,,2004
Runs,Vladimir Guerrero,Anaheim,124.0,,2004
Slugging Average,Manny Ramirez,Boston,0.613,,2004
Stolen Bases,Carl Crawford,Tampa Bay,59.0,,2004
Total Bases,Vladimir Guerrero,Anaheim,366.0,,2004
Triples,Carl Crawford,Tampa Bay,19.0,,2004
Complete Games,Mark Mulder,Oakland,5.0,,2004
Complete Games,Sidney Ponson,Baltimore,5.0,,2004
Complete Games,Jake Westbrook,Cleveland,5.0,,2004
ERA,Johan Santana,Minnesota,2.61,,2004
Games,Paul Quantrill,New York,86.0,,2004
Saves,Mariano Rivera,New York,53.0,,2004
Shutouts,Jeremy Bonderman,Detroit,2.0,,2004
Shutouts,Tim Hudson,Oakland,2.0,,2004
Shutouts,Sidney Ponson,Baltimore,2.0,,2004
Strikeouts,Johan Santana,Minnesota,265.0,,2004
Winning Percentage,Curt Schilling,Boston,0.778,,2004
Wins,Curt Schilling,Boston,21.0,,2004
2004 American League Team Standings,2004 American League Team Standings,2004 American League Team Standings,,,2004
East,Team [Click for roster],Wins,,,2004
East,New York Yankees,101,61.0,0.0,2004
East,Boston Red Sox,98,64.0,0.0,2004
East,Baltimore Orioles,78,84.0,0.0,2004
East,Tampa Bay Devil Rays,70,91.0,0.0,2004
East,Toronto Blue Jays,67,94.0,0.0,2004
Central,Team [Click for roster],Wins,,,2004
Central,Minnesota Twins,92,70.0,0.0,2004
Central,Chicago White Sox,83,79.0,0.0,2004
Central,Cleveland Indians,80,82.0,0.0,2004
Central,Detroit Tigers,72,90.0,0.0,2004
Central,Kansas City Royals,58,104.0,0.0,2004
West,Team [Click for roster],Wins,,,2004
West,Anaheim Angels,92,70.0,0.0,2004
West,Oakland Athletics,91,71.0,0.0,2004
West,Texas Rangers,89,73.0,0.0,2004
West,Seattle Mariners,63,99.0,0.0,2004
2004 American League Final Standings,2004 American League Final Standings,2004 American League Final Standings,,,2004
TEAM,G,AB,,,2004
Anaheim,162,5675,836.0,1603.0,2004
Baltimore,162,5736,842.0,1614.0,2004
Boston,162,5720,949.0,1613.0,2004
Chicago,162,5534,865.0,1481.0,2004
Cleveland,162,5676,858.0,1565.0,2004
Detroit,162,5623,827.0,1531.0,2004
Kansas City,162,5538,720.0,1432.0,2004
Minnesota,162,5623,780.0,1494.0,2004
New York,162,5527,897.0,1483.0,2004
Oakland,162,5728,793.0,1545.0,2004
Seattle,162,5722,698.0,1544.0,2004
Tampa Bay,161,5483,714.0,1416.0,2004
Texas,162,5615,860.0,1492.0,2004
Toronto,161,5531,719.0,1438.0,2004
TEAM,G,AB,,,2004
TEAM,W,L,,,2004
Anaheim,92,70,4.28,2.0,2004
Baltimore,78,84,4.7,8.0,2004
Boston,98,64,4.18,4.0,2004
Chicago,83,79,4.91,8.0,2004
Cleveland,80,82,4.81,8.0,2004
Detroit,72,90,4.93,7.0,2004
Kansas City,58,104,5.15,6.0,2004
Minnesota,92,70,4.03,4.0,2004
New York,101,61,4.69,1.0,2004
Oakland,91,71,4.17,10.0,2004
Seattle,63,99,4.76,7.0,2004
Tampa Bay,70,91,4.81,3.0,2004
Texas,89,73,4.53,5.0,2004
Toronto,67,94,4.91,6.0,2004
TEAM,W,L,,,2004
Base on Balls,Jason Giambi,New York,108.0,,2005
Batting Average,Michael Young,Texas,0.331,,2005
Doubles,Miguel Tejada,Baltimore,50.0,,2005
Hits,Michael Young,Texas,221.0,,2005
Home Runs,Alex Rodriguez,New York,48.0,,2005
On Base Percentage,Jason Giambi,New York,0.44,,2005
RBI,David Ortiz,Boston,148.0,,2005
Runs,Alex Rodriguez,New York,124.0,,2005
Slugging Average,Alex Rodriguez,New York,0.61,,2005
Stolen Bases,Chone Figgins,Los Angeles,62.0,,2005
Total Bases,Mark Teixeira,Texas,370.0,,2005
Triples,Carl Crawford,Tampa Bay,15.0,,2005
Complete Games,Roy Halladay,Toronto,5.0,,2005
ERA,Kevin Millwood,Cleveland,2.86,,2005
Games,Mike Timlin,Boston,81.0,,2005
Saves,Francisco Rodriguez,Los Angeles,45.0,,2005
Saves,Bob Wickman,Cleveland,45.0,,2005
Shutouts,Jon Garland,Chicago,3.0,,2005
Strikeouts,Johan Santana,Minnesota,238.0,,2005
Winning Percentage,Cliff Lee,Cleveland,0.783,,2005
Wins,Bartolo Colon,Los Angeles,21.0,,2005
2005 American League Team Standings,2005 American League Team Standings,2005 American League Team Standings,,,2005
East,Team [Click for roster],Wins,,,2005
East,New York Yankees,95,67.0,0.0,2005
East,Boston Red Sox,95,67.0,0.0,2005
East,Toronto Blue Jays,80,82.0,0.0,2005
East,Baltimore Orioles,74,88.0,0.0,2005
East,Tampa Bay Devil Rays,67,95.0,0.0,2005
Central,Team [Click for roster],Wins,,,2005
Central,Chicago White Sox,99,63.0,0.0,2005
Central,Cleveland Indians,93,69.0,0.0,2005
Central,Minnesota Twins,83,79.0,0.0,2005
Central,Detroit Tigers,71,91.0,0.0,2005
Central,Kansas City Royals,56,106.0,0.0,2005
West,Team [Click for roster],Wins,,,2005
West,Los Angeles Angels of Anaheim,95,67.0,0.0,2005
West,Oakland Athletics,88,74.0,0.0,2005
West,Texas Rangers,79,83.0,0.0,2005
West,Seattle Mariners,69,93.0,0.0,2005
2005 American League Final Standings,2005 American League Final Standings,2005 American League Final Standings,,,2005
Base on Balls,David Ortiz,Boston,119.0,,2006
Batting Average,Joe Mauer,Minnesota,0.347,,2006
Doubles,Grady Sizemore,Cleveland,53.0,,2006
Hits,Ichiro Suzuki,Seattle,224.0,,2006
Home Runs,David Ortiz,Boston,54.0,,2006
On Base Percentage,Manny Ramirez,Boston,0.439,,2006
RBI,David Ortiz,Boston,137.0,,2006
Runs,Grady Sizemore,Cleveland,134.0,,2006
Slugging Average,Travis Hafner,Cleveland,0.659,,2006
Stolen Bases,Carl Crawford,Tampa Bay,58.0,,2006
Total Bases,David Ortiz,Boston,355.0,,2006
Triples,Carl Crawford,Tampa Bay,16.0,,2006
2006 N.L. | A.L. Retirements | A.L. Rookies | Year-by-Year,2006 N.L. | A.L. Retirements | A.L. Rookies | Year-by-Year,2006 N.L. | A.L. Retirements | A.L. Rookies | Year-by-Year,,,2006
Complete Games,C.C. Sabathia,Cleveland,6.0,,2006
ERA,Johan Santana,Minnesota,2.77,,2006
Games,Scott Proctor,New York,83.0,,2006
Saves,Francisco Rodriguez,Los Angeles,47.0,,2006
Shutouts,John Lackey,Los Angeles,2.0,,2006
Shutouts,C.C. Sabathia,Cleveland,2.0,,2006
Shutouts,Jeremy Sowers,Cleveland,2.0,,2006
Shutouts,Jake Westbrook,Cleveland,2.0,,2006
Strikeouts,Johan Santana,Minnesota,245.0,,2006
Winning Percentage,Roy Halladay,Toronto,0.762,,2006
Wins,Johan Santana,Minnesota,19.0,,2006
Wins,Chien-Ming Wang,New York,19.0,,2006
2006 N.L. | A.L. Retirements | A.L. Rookies | Year-by-Year,2006 N.L. | A.L. Retirements | A.L. Rookies | Year-by-Year,2006 N.L. | A.L. Retirements | A.L. Rookies | Year-by-Year,,,2006
East,Team | Roster,Wins,,,2006
East,New York Yankees,97,65.0,0.0,2006
East,Toronto Blue Jays,87,75.0,0.0,2006
East,Boston Red Sox,86,76.0,0.0,2006
East,Baltimore Orioles,70,92.0,0.0,2006
East,Tampa Bay Devil Rays,61,101.0,0.0,2006
Central,Team | Roster],Wins,,,2006
Central,Minnesota Twins,96,66.0,0.0,2006
Central,Detroit Tigers,95,67.0,0.0,2006
Central,Chicago White Sox,90,72.0,0.0,2006
Central,Cleveland Indians,78,84.0,0.0,2006
Central,Kansas City Royals,62,100.0,0.0,2006
West,Team | Roster],Wins,,,2006
West,Oakland Athletics,93,69.0,0.0,2006
West,Los Angeles Angels,89,73.0,0.0,2006
West,Texas Rangers,80,82.0,0.0,2006
West,Seattle Mariners,78,84.0,0.0,2006
A.L.,Team | Roster,Wins,,,2006
2006 American League Final Standings,2006 American League Final Standings,2006 American League Final Standings,,,2006
Base on Balls,David Ortiz,Boston,111.0,,2007
Batting Average,Magglio Ordonez,Detroit,0.363,,2007
Doubles,Magglio Ordonez,Detroit,54.0,,2007
Hits,Ichiro Suzuki,Seattle,238.0,,2007
Home Runs,Alex Rodriguez,New York,54.0,,2007
On Base Percentage,David Ortiz,Boston,0.445,,2007
RBI,Alex Rodriguez,New York,156.0,,2007
Runs,Alex Rodriguez,New York,143.0,,2007
Slugging Average,Alex Rodriguez,New York,0.645,,2007
Stolen Bases,Carl Crawford,Tampa Bay,50.0,,2007
Stolen Bases,Brian Roberts,Baltimore,50.0,,2007
Total Bases,Alex Rodriguez,New York,376.0,,2007
Triples,Curtis Granderson,Detroit,23.0,,2007
2007 N.L. | A.L. Retirements | A.L. Rookies | Year-by-Year,2007 N.L. | A.L. Retirements | A.L. Rookies | Year-by-Year,2007 N.L. | A.L. Retirements | A.L. Rookies | Year-by-Year,,,2007
Complete Games,Roy Halladay,Toronto,7.0,,2007
ERA,John Lackey,Los Angeles,3.01,,2007
Games,Jamie Walker,Baltimore,81.0,,2007
Saves,Joe Borowski,Cleveland,45.0,,2007
Shutouts,Paul Byrd,Cleveland,2.0,,2007
Shutouts,Jose Contreras,Chicago,2.0,,2007
Shutouts,John Lackey,Cleveland,2.0,,2007
Shutouts,Jeff Weaver,Seattle,2.0,,2007
Strikeouts,Scott Kazmir,Tampa Bay,239.0,,2007
Winning Percentage,Justin Verlander,Detroit,0.762,,2007
Wins,Josh Beckett,Boston,20.0,,2007
2007 N.L. | A.L. Retirements | A.L. Rookies | Year-by-Year,2007 N.L. | A.L. Retirements | A.L. Rookies | Year-by-Year,2007 N.L. | A.L. Retirements | A.L. Rookies | Year-by-Year,,,2007
East,Team | Roster,Wins,,,2007
East,Boston Red Sox,96,66.0,0.0,2007
East,New York Yankees,94,68.0,0.0,2007
East,Toronto Blue Jays,83,79.0,0.0,2007
East,Baltimore Orioles,69,93.0,0.0,2007
East,Tampa Bay Devil Rays,66,96.0,0.0,2007
Central,Team | Roster,Wins,,,2007
Central,Cleveland Indians,96,66.0,0.0,2007
Central,Detroit Tigers,88,74.0,0.0,2007
Central,Minnesota Twins,79,83.0,0.0,2007
Central,Chicago White Sox,72,90.0,0.0,2007
Central,Kansas City Royals,69,93.0,0.0,2007
West,Team | Roster,Wins,,,2007
West,Los Angeles Angels,94,68.0,0.0,2007
West,Seattle Mariners,88,74.0,0.0,2007
West,Oakland Athletics,76,86.0,0.0,2007
West,Texas Rangers,75,87.0,0.0,2007
A.L.,Team | Roster,Wins,,,2007
2007 American League Final Standings,2007 American League Final Standings,2007 American League Final Standings,,,2007
Base on Balls,Jack Cust,Oakland,111.0,,2008
Batting Average,Joe Mauer,Minnesota,0.33,,2008
Doubles,Dustin Pedroia,Boston,54.0,,2008
Hits,Dustin Pedroia,Boston,213.0,,2008
Hits,Ichiro Suzuki,Seattle,213.0,,2008
Home Runs,Miguel Cabrera,Detroit,37.0,,2008
On Base Percentage,Milton Bradley,Texas,0.436,,2008
RBI,Josh Hamilton,Texas,130.0,,2008
Runs,Dustin Pedroia,Boston,118.0,,2008
Slugging Average,Alex Rodriguez,New York,0.573,,2008
Stolen Bases,Jacoby Ellsbury,Boston,50.0,,2008
Total Bases,Josh Hamilton,Texas,331.0,,2008
Triples,Curtis Granderson,Detroit,13.0,,2008
2008 N.L. | A.L. Retirements | A.L. Rookies | Year-by-Year,2008 N.L. | A.L. Retirements | A.L. Rookies | Year-by-Year,2008 N.L. | A.L. Retirements | A.L. Rookies | Year-by-Year,,,2008
Complete Games,Roy Halladay,Toronto,9.0,,2008
ERA,Cliff Lee,Cleveland,2.54,,2008
Games,Matt Guerrier,Minnesota,76.0,,2008
Games,Francisco Rodriguez,Los Angeles,76.0,,2008
Saves,Francisco Rodriguez,Los Angeles,62.0,,2008
Shutouts,Matt Garza,Tampa Bay,2.0,,2008
Shutouts,Roy Halladay,Toronto,2.0,,2008
Shutouts,Cliff Lee,Cleveland,2.0,,2008
Shutouts,Jon Lester,Boston,2.0,,2008
Shutouts,Jesse Litsch,Toronto,2.0,,2008
Shutouts,C.C. Sabathia,Cleveland,2.0,,2008
Shutouts,James Shields,Tampa Bay,2.0,,2008
Shutouts,Kevin Slowey,Minnesota,2.0,,2008
Strikeouts,A.J. Burnett,Toronto,231.0,,2008
Winning Percentage,Cliff Lee,Cleveland,0.88,,2008
Wins,Cliff Lee,Cleveland,22.0,,2008
2008 N.L. | A.L. Retirements | A.L. Rookies | Year-by-Year,2008 N.L. | A.L. Retirements | A.L. Rookies | Year-by-Year,2008 N.L. | A.L. Retirements | A.L. Rookies | Year-by-Year,,,2008
East,Team | Roster,Wins,,,2008
East,Tampa Bay Rays,97,65.0,0.0,2008
East,Boston Red Sox,95,67.0,0.0,2008
East,New York Yankees,89,73.0,0.0,2008
East,Toronto Blue Jays,86,76.0,0.0,2008
East,Baltimore Orioles,68,93.0,0.0,2008
Central,Team | Roster,Wins,,,2008
Central,Chicago White Sox,89,74.0,0.0,2008
Central,Minnesota Twins,88,75.0,0.0,2008
Central,Cleveland Indians,81,81.0,0.0,2008
Central,Kansas City Royals,75,87.0,0.0,2008
Central,Detroit Tigers,74,88.0,0.0,2008
West,Team | Roster,Wins,,,2008
West,Los Angeles Angels,100,62.0,0.0,2008
West,Texas Rangers,79,83.0,0.0,2008
West,Oakland Athletics,75,86.0,0.0,2008
West,Seattle Mariners,61,101.0,0.0,2008
A.L.,Team | Roster,Wins,,,2008
2008 National League Final Standings,2008 National League Final Standings,2008 National League Final Standings,,,2008
Base on Balls,Chone Figgins,Los Angeles,101.0,,2009
Batting Average,Joe Mauer,Minnesota,0.365,,2009
Doubles,Brian Roberts,Baltimore,56.0,,2009
Hits,Ichiro Suzuki,Seattle,225.0,,2009
Home Runs,Carlos Pena,Tampa Bay,39.0,,2009
Home Runs,Mark Teixeira,New York,39.0,,2009
On Base Percentage,Joe Mauer,Minnesota,0.444,,2009
RBI,Mark Teixeira,New York,122.0,,2009
Runs,DustinPedroia,Boston,115.0,,2009
Slugging Average,Joe Mauer,Minnesota,0.587,,2009
Stolen Bases,Jacoby Ellsbury,Boston,70.0,,2009
Total Bases,Mark Teixeira,New York,344.0,,2009
Triples,Jacoby Ellsbury,Boston,10.0,,2009
Triples,Denard Span,Minnesota,10.0,,2009
Complete Games,Roy Halladay,Toronto,9.0,,2009
ERA,Zack Greinke,Kansas City,2.16,,2009
Games,Matt Guerrier,Minnesota,79.0,,2009
Saves,Brian Fuentes,Los Angeles,48.0,,2009
Shutouts,Roy Halladay,Toronto,4.0,,2009
Strikeouts,Justin Verlander,Detroit,269.0,,2009
Winning Percentage,Felix Hernandez,Seattle,0.792,,2009
Wins,Felix Hernandez,Seattle,19.0,,2009
Wins,C.C. Sabathia,New York,19.0,,2009
Wins,Justin Verlander,Detroit,19.0,,2009
2009 American League Team Standings,2009 American League Team Standings,2009 American League Team Standings,,,2009
East,Team | Roster,Wins,,,2009
East,New York Yankees,103,59.0,0.0,2009
East,Boston Red Sox,95,67.0,0.0,2009
East,Tampa Bay Rays,84,78.0,0.0,2009
East,Toronto Blue Jays,75,87.0,0.0,2009
East,Baltimore Orioles,64,98.0,0.0,2009
Central,Team | Roster,Wins,,,2009
Central,Minnesota Twins,87,76.0,0.0,2009
Central,Detroit Tigers,86,77.0,0.0,2009
Central,Chicago White Sox,79,83.0,0.0,2009
Central,Cleveland Indians,65,97.0,0.0,2009
Central,Kansas City Royals,65,97.0,0.0,2009
West,Team | Roster,Wins,,,2009
West,Los Angeles Angels,97,65.0,0.0,2009
West,Texas Rangers,87,75.0,0.0,2009
West,Seattle Mariners,85,77.0,0.0,2009
West,Oakland Athletics,75,87.0,0.0,2009
2009 American League Final Standings,2009 American League Final Standings,2009 American League Final Standings,,,2009
Base on Balls,Daric Barton,Oakland,110.0,,2010
Batting Average,Josh Hamilton,Texas,0.359,,2010
Doubles,Adrian Beltre,Boston,49.0,,2010
Hits,Ichiro Suzuki,Seattle,214.0,,2010
Home Runs,Jose Bautista,Toronto,54.0,,2010
On Base Percentage,Miguel Cabrera,Detroit,0.42,,2010
RBI,Miguel Cabrera,Detroit,126.0,,2010
Runs,Mark Teixeira,New York,113.0,,2010
Slugging Average,Josh Hamilton,Texas,0.633,,2010
Stolen Bases,Juan Pierre,Chicago,68.0,,2010
Total Bases,Jose Bautista,Toronto,351.0,,2010
Triples,Carl Crawford,Tampa Bay,13.0,,2010
2010 N.L. | A.L. Retirements | A.L. Rookies | Year-by-Year,2010 N.L. | A.L. Retirements | A.L. Rookies | Year-by-Year,2010 N.L. | A.L. Retirements | A.L. Rookies | Year-by-Year,,,2010
Complete Games,Cliff Lee,Seattle / Texas,7.0,,2010
Complete Games,Carl Pavano,Minnesota,7.0,,2010
ERA,Felix Hernandez,Seattle,2.27,,2010
Games,Randy Choate,Tampa Bay,85.0,,2010
Saves,Rafael Soriano,Tampa Bay,45.0,,2010
Shutouts,Dallas Braden,Oakland,2.0,,2010
Shutouts,Carl Pavano,Minnesota,2.0,,2010
Strikeouts,Jered Weaver,Los Angeles,233.0,,2010
Winning Percentage,Tommy Hunter,Texas,0.765,,2010
Wins,C.C. Sabathia,New York,21.0,,2010
2010 N.L. | A.L. Retirements | A.L. Rookies | Year-by-Year,2010 N.L. | A.L. Retirements | A.L. Rookies | Year-by-Year,2010 N.L. | A.L. Retirements | A.L. Rookies | Year-by-Year,,,2010
East,Team | Roster,Wins,,,2010
East,Tampa Bay Rays,96,66.0,0.0,2010
East,New York Yankees,95,67.0,0.0,2010
East,Boston Red Sox,89,73.0,0.0,2010
East,Toronto Blue Jays,85,77.0,0.0,2010
East,Baltimore Orioles,66,96.0,0.0,2010
Central,Team | Roster,Wins,,,2010
Central,Minnesota Twins,94,68.0,0.0,2010
Central,Chicago White Sox,88,74.0,0.0,2010
Central,Detroit Tigers,81,81.0,0.0,2010
Central,Cleveland Indians,69,93.0,0.0,2010
Central,Kansas City Royals,67,95.0,0.0,2010
West,Team | Roster,Wins,,,2010
West,Texas Rangers,90,72.0,0.0,2010
West,Oakland Athletics,81,81.0,0.0,2010
West,Los Angeles Angels,80,82.0,0.0,2010
West,Seattle Mariners,61,101.0,0.0,2010
A.L.,Team | Roster,Wins,,,2010
2010 American League Final Standings,2010 American League Final Standings,2010 American League Final Standings,,,2010
Base on Balls,Jose Bautista,Toronto,132.0,,2011
Batting Average,Miguel Cabrera,Detroit,0.344,,2011
Doubles,Miguel Cabrera,Detroit,48.0,,2011
Hits,Adrian Gonzalez,Boston,213.0,,2011
Hits,Michael Young,Texas,213.0,,2011
Home Runs,Jose Bautista,Toronto,43.0,,2011
On Base Percentage,Miguel Cabrera,Detroit,0.448,,2011
RBI,Curtis Granderson,New York,119.0,,2011
Runs,Curtis Granderson,New York,136.0,,2011
Slugging Average,Jose Bautista,Toronto,0.608,,2011
Stolen Bases,Coco Crisp,Oakland,49.0,,2011
Stolen Bases,Brett Gardner,New York,49.0,,2011
Total Bases,Jacoby Ellsbury,Boston,364.0,,2011
Triples,Peter Bourjos,Los Angeles,11.0,,2011
Triples,Austin Jackson,Detroit,11.0,,2011
2011 N.L. | A.L. Retirements | A.L. Rookies | Year-by-Year,2011 N.L. | A.L. Retirements | A.L. Rookies | Year-by-Year,2011 N.L. | A.L. Retirements | A.L. Rookies | Year-by-Year,,,2011
Complete Games,James Shields,Tampa Bay,11.0,,2011
ERA,Justin Verlander,Detroit,2.4,,2011
Games,Jose Valverde,Detroit,75.0,,2011
Saves,Jose Valverde,Detroit,49.0,,2011
Shutouts,Derek Holland,Texas,4.0,,2011
Shutouts,James Shields,Tampa Bay,4.0,,2011
Strikeouts,Justin Verlander,Detroit,250.0,,2011
Winning Percentage,Justin Verlander,Detroit,0.828,,2011
Wins,Justin Verlander,Detroit,24.0,,2011
2011 N.L. | A.L. Retirements | A.L. Rookies | Year-by-Year,2011 N.L. | A.L. Retirements | A.L. Rookies | Year-by-Year,2011 N.L. | A.L. Retirements | A.L. Rookies | Year-by-Year,,,2011
East,Team | Roster,Wins,,,2011
East,New York Yankees,97,65.0,0.0,2011
East,Tampa Bay Rays,91,71.0,0.0,2011
East,Boston Red Sox,90,72.0,0.0,2011
East,Toronto Blue Jays,81,81.0,0.0,2011
East,Baltimore Orioles,69,93.0,0.0,2011
Central,Team | Roster,Wins,,,2011
Central,Detroit Tigers,95,67.0,0.0,2011
Central,Cleveland Indians,80,82.0,0.0,2011
Central,Chicago White Sox,79,83.0,0.0,2011
Central,Kansas City Royals,71,91.0,0.0,2011
Central,Minnesota Twins,63,99.0,0.0,2011
West,Team | Roster,Wins,,,2011
West,Texas Rangers,96,66.0,0.0,2011
West,Los Angeles Angels,86,76.0,0.0,2011
West,Oakland Athletics,74,88.0,0.0,2011
West,Seattle Mariners,67,95.0,0.0,2011
A.L.,Team | Roster,Wins,,,2011
2011 American League Final Standings,2011 American League Final Standings,2011 American League Final Standings,,,2011
Base on Balls,Adam Dunn,Chicago,105.0,,2012
Batting Average,Miguel Cabrera,Detroit,0.33,,2012
Doubles,Alex Gordon,Kansas City,51.0,,2012
Hits,Derek Jeter,New York,216.0,,2012
Home Runs,Miguel Cabrera,Detroit,44.0,,2012
On Base Percentage,Joe Mauer,Minnesota,0.416,,2012
RBI,Miguel Cabrera,Detroit,139.0,,2012
Runs,Mike Trout,Los Angeles,129.0,,2012
Slugging Average,Miguel Cabrera,Detroit,0.606,,2012
Stolen Bases,Mike Trout,Los Angeles,49.0,,2012
Total Bases,Miguel Cabrera,Detroit,377.0,,2012
Triples,Austin Jackson,Detroit,10.0,,2012
2012 N.L. | A.L. Retirements | A.L. Rookies | Year-by-Year,2012 N.L. | A.L. Retirements | A.L. Rookies | Year-by-Year,2012 N.L. | A.L. Retirements | A.L. Rookies | Year-by-Year,,,2012
Complete Games,Justin Verlander,Detroit,6.0,,2012
ERA,David Price,Tampa Bay,2.56,,2012
Games,Boone Logan,New York,80.0,,2012
Saves,Jim Johnson,Baltimore,51.0,,2012
Shutouts,Felix Hernandez,Seattle,5.0,,2012
Strikeouts,Justin Verlander,Detroit,239.0,,2012
Winning Percentage,David Price,Tampa Bay,0.8,,2012
Winning Percentage,Jered Weaver,Los Angeles,0.8,,2012
Wins,David Price,Tampa Bay,20.0,,2012
Wins,Jered Weaver,Los Angeles,20.0,,2012
2012 N.L. | A.L. Retirements | A.L. Rookies | Year-by-Year,2012 N.L. | A.L. Retirements | A.L. Rookies | Year-by-Year,2012 N.L. | A.L. Retirements | A.L. Rookies | Year-by-Year,,,2012
East,Team | Roster,Wins,,,2012
East,New York Yankees,95,67.0,0.0,2012
East,Baltimore Orioles,93,69.0,0.0,2012
East,Tampa Bay Rays,90,72.0,0.0,2012
East,Toronto Blue Jays,73,89.0,0.0,2012
East,Boston Red Sox,69,93.0,0.0,2012
Central,Team | Roster,Wins,,,2012
Central,Detroit Tigers,88,74.0,0.0,2012
Central,Chicago White Sox,85,77.0,0.0,2012
Central,Kansas City Royals,72,90.0,0.0,2012
Central,Cleveland Indians,68,94.0,0.0,2012
Central,Minnesota Twins,66,96.0,0.0,2012
West,Team | Roster,Wins,,,2012
West,Oakland Athletics,94,68.0,0.0,2012
West,Texas Rangers,93,69.0,0.0,2012
West,Los Angeles Angels,89,73.0,0.0,2012
West,Seattle Mariners,75,87.0,0.0,2012
A.L.,Team | Roster,Wins,,,2012
2012 American League Final Standings,2012 American League Final Standings,2012 American League Final Standings,,,2012
Base on Balls,Mike Trout,Los Angeles,110.0,,2013
Batting Average,Miguel Cabrera,Detroit,0.348,,2013
Doubles,Manny Machado,Baltimore,51.0,,2013
Hits,Adrian Beltre,Texas,199.0,,2013
Home Runs,Chris Davis,Baltimore,53.0,,2013
On Base Percentage,Miguel Cabrera,Detroit,0.442,,2013
RBI,Chris Davis,Baltimore,138.0,,2013
Runs,Mike Trout,Los Angeles,109.0,,2013
Slugging Average,Miguel Cabrera,Detroit,0.636,,2013
Stolen Bases,Jacoby Ellsbury,Boston,52.0,,2013
Total Bases,Chris Davis,Baltimore,370.0,,2013
Triples,Brett Gardner,New York,10.0,,2013
Complete Games,David Price,Tampa Bay,4.0,,2013
Complete Games,Chris Sale,Chicago,4.0,,2013
ERA,Anibal Sanchez,Detroit,2.57,,2013
Games,Joel Peralta,Tampa Bay,80.0,,2013
Saves,Jim Johnson,Baltimore,50.0,,2013
Shutouts,Bartolo Colon,Oakland,3.0,,2013
Shutouts,Justin Masterson,Cleveland,3.0,,2013
Strikeouts,Yu Darvish,Texas,277.0,,2013
Winning Percentage,Max Scherzer,Detroit,0.875,,2013
Wins,Max Scherzer,Detroit,21.0,,2013
2013 American League Team Standings,2013 American League Team Standings,2013 American League Team Standings,,,2013
East,Team [Click for roster],Wins,,,2013
East,Boston Red Sox,97,65.0,0.0,2013
East,Tampa Bay Rays,92,71.0,0.0,2013
East,Baltimore Orioles,85,77.0,0.0,2013
East,New York Yankees,85,77.0,0.0,2013
East,Toronto Blue Jays,74,88.0,0.0,2013
Central,Team [Click for roster],Wins,,,2013
Central,Detroit Tigers,93,69.0,0.0,2013
Central,Cleveland Indians,92,70.0,0.0,2013
Central,Kansas City Royals,86,76.0,0.0,2013
Central,Minnesota Twins,66,96.0,0.0,2013
Central,Chicago White Sox,63,99.0,0.0,2013
West,Team [Click for roster],Wins,,,2013
West,Oakland Athletics,96,66.0,0.0,2013
West,Texas Rangers,91,72.0,0.0,2013
West,Los Angeles Angels,78,84.0,0.0,2013
West,Seattle Mariners,71,91.0,0.0,2013
West,Houston Astros,51,111.0,0.0,2013
2013 American League Final Standings,2013 American League Final Standings,2013 American League Final Standings,,,2013
Base on Balls,Carlos Santana,Cleveland,113.0,,2014
Batting Average,Jose Altuve,Houston,0.341,,2014
Doubles,Miguel Cabrera,Detroit,52.0,,2014
Hits,Jose Altuve,Houston,225.0,,2014
Home Runs,Nelson Cruz,Baltimore,40.0,,2014
On Base Percentage,Victor Martinez,Detroit,0.409,,2014
RBI,Mike Trout,Los Angeles,111.0,,2014
Runs,Mike Trout,Los Angeles,115.0,,2014
Slugging Average,Jose Abreu,Chicago,0.581,,2014
Stolen Bases,Jose Altuve,Chicago,56.0,,2014
Total Bases,Mike Trout,Los Angeles,338.0,,2014
Triples,Michael Bourn,Cleveland,10.0,,2014
Triples,Adam Eaton,Chicago,10.0,,2014
2014 A.L. History | 2014 N.L. History | Year-by-Year History,2014 A.L. History | 2014 N.L. History | Year-by-Year History,2014 A.L. History | 2014 N.L. History | Year-by-Year History,,,2014
Complete Games,Dallas Keuchel,Houston,5.0,,2014
ERA,Felix Hernandez,Seattle,2.14,,2014
Games,Bryan Shaw,Cleveland,80.0,,2014
Saves,Fernando Rodney,Seattle,48.0,,2014
Shutouts,Rick Porcello,Detroit,3.0,,2014
Strikeouts,David Price,Tampa Bay / Detroit,271.0,,2014
Winning Percentage,Max Scherzer,Detroit,0.783,,2014
Wins,Corey Kluber,Texas,18.0,,2014
Wins,Max Scherzer,Detroit,18.0,,2014
Wins,Jered Weaver,Los Angeles,18.0,,2014
2014 A.L. History | 2014 N.L. History | Year-by-Year History,2014 A.L. History | 2014 N.L. History | Year-by-Year History,2014 A.L. History | 2014 N.L. History | Year-by-Year History,,,2014
East,Team | Roster,W,,,2014
East,Baltimore Orioles,96,66.0,0.0,2014
East,New York Yankees,84,78.0,0.0,2014
East,Toronto Blue Jays,83,79.0,0.0,2014
East,Tampa Bay Rays,77,85.0,0.0,2014
East,Boston Red Sox,71,91.0,0.0,2014
Central,Team | Roster,W,,,2014
Central,Detroit Tigers,90,72.0,0.0,2014
Central,Kansas City Royals,89,73.0,0.0,2014
Central,Cleveland Indians,85,77.0,0.0,2014
Central,Chicago White Sox,73,89.0,0.0,2014
Central,Minnesota Twins,70,92.0,0.0,2014
West,Team | Roster,W,,,2014
West,Los Angeles Angels,98,64.0,0.0,2014
West,Oakland Athletics,88,74.0,0.0,2014
West,Seattle Mariners,87,75.0,0.0,2014
West,Houston Astros,70,92.0,0.0,2014
West,Texas Rangers,67,95.0,0.0,2014
A.L.,Team | Roster,W,,,2014
2014 American League Final Standings,2014 American League Final Standings,2014 American League Final Standings,,,2014
Base on Balls,Jose Bautista,Toronto,110.0,,2015
Batting Average,Miguel Cabrera,Detroit,0.338,,2015
Doubles,Michael Brantley,Cleveland,45.0,,2015
Hits,Jose Altuve,Houston,200.0,,2015
Home Runs,Chris Davis,Baltimore,47.0,,2015
On Base Percentage,Miguel Cabrera,Detroit,0.44,,2015
RBI,Josh Donaldson,Toronto,123.0,,2015
Runs,Josh Donaldson,Toronto,122.0,,2015
Slugging Average,Mike Trout,Los Angeles,0.59,,2015
Stolen Bases,Jose Altuve,Houston,38.0,,2015
Total Bases,Josh Donaldson,Toronto,352.0,,2015
Triples,Eddie Rosario,Minnesota,15.0,,2015
Complete Games,Mark Buehrle,Toronto,4.0,,2015
Complete Games,Corey Kluber,Cleveland,4.0,,2015
ERA,David Price,Detroit / Toronto,2.45,,2015
Games,Kevin Jepsen,Tampa Bay / Minnesota,75.0,,2015
Saves,Brad Boxberger,Tampa Bay,41.0,,2015
Shutouts,Sonny Gray,Oakland,2.0,,2015
Shutouts,Felix Hernandez,Seattle,2.0,,2015
Shutouts,Dallas Keuchel,Houston,2.0,,2015
Shutouts,Mike Montgomery,Seattle,2.0,,2015
Shutouts,Jeff Samardzija,Chicago,2.0,,2015
Strikeouts,Chris Sale,Chicago,274.0,,2015
Winning Percentage,David Price,Detroit / Toronto,0.783,,2015
Wins,Dallas Keuchel,Houston,20.0,,2015
2015 American League Team Standings,2015 American League Team Standings,2015 American League Team Standings,,,2015
East,Team [Click for roster],Wins,,,2015
East,Toronto Blue Jays,93,69.0,0.0,2015
East,New York Yankees,87,75.0,0.0,2015
East,Baltimore Orioles,81,81.0,0.0,2015
East,Tampa Bay Rays,80,82.0,0.0,2015
East,Boston Red Sox,78,84.0,0.0,2015
Central,Team [Click for roster],Wins,,,2015
Central,Kansas City Royals,95,67.0,0.0,2015
Central,Minnesota Twins,83,79.0,0.0,2015
Central,Cleveland Indians,81,80.0,0.0,2015
Central,Chicago White Sox,76,86.0,0.0,2015
Central,Detroit Tigers,74,87.0,0.0,2015
West,Team [Click for roster],Wins,,,2015
West,Texas Rangers,88,74.0,0.0,2015
West,Houston Astros,86,76.0,0.0,2015
West,Los Angeles Angels,85,77.0,0.0,2015
West,Seattle Mariners,76,86.0,0.0,2015
West,Oakland Athletics,68,94.0,0.0,2015
2015 American League Final Standings,2015 American League Final Standings,2015 American League Final Standings,,,2015
Base on Balls,Mike Trout,Los Angeles,116.0,,2016
Batting Average,Jose Altuve,Houston,0.338,,2016
Doubles,David Ortiz,Boston,48.0,,2016
Hits,Jose Altuve,Houston,216.0,,2016
Home Runs,Mark Trumbo,Baltimore,47.0,,2016
On Base Percentage,Mike Trout,Los Angeles,0.441,,2016
RBI,Edwin Encarnacion,Toronto,127.0,,2016
RBI,David Ortiz,Boston,127.0,,2016
Runs,Mike Trout,Los Angeles,123.0,,2016
Slugging Average,David Ortiz,Boston,0.62,,2016
Stolen Bases,Rajai Davis,Cleveland,43.0,,2016
Total Bases,Mookie Betts,Boston,359.0,,2016
Triples,Adam Eaton,Chicago,9.0,,2016
Complete Games,Chris Sale,Chicago,6.0,,2016
ERA,Aaron Sanchez,Toronto,3.0,,2016
Games,Bryan Shaw,Cleveland,75.0,,2016
Saves,Zach Britton,Baltimore,47.0,,2016
Shutouts,Corey Kluber,Cleveland,2.0,,2016
Strikeouts,Justin Verlander,Detroit,254.0,,2016
Winning Percentage,Aaron Sanchez,Toronto,0.882,,2016
Wins,Rick Porcello,Boston,22.0,,2016
2016 American League Team Standings,2016 American League Team Standings,2016 American League Team Standings,,,2016
East,Team [Click for roster],Wins,,,2016
East,Boston Red Sox,93,69.0,0.0,2016
East,Baltimore Orioles,89,73.0,0.0,2016
East,Toronto Blue Jays,89,73.0,0.0,2016
East,New York Yankees,84,78.0,0.0,2016
East,Tampa Bay Rays,68,94.0,0.0,2016
Central,Team [Click for roster],Wins,,,2016
Central,Cleveland Indians,94,67.0,0.0,2016
Central,Detroit Tigers,86,75.0,0.0,2016
Central,Kansas City Royals,81,81.0,0.0,2016
Central,Chicago White Sox,78,84.0,0.0,2016
Central,Minnesota Twins,59,103.0,0.0,2016
West,Team [Click for roster],Wins,,,2016
West,Texas Rangers,95,67.0,0.0,2016
West,Seattle Mariners,86,76.0,0.0,2016
West,Houston Astros,84,78.0,0.0,2016
West,Los Angeles Angels,74,88.0,0.0,2016
West,Oakland Athletics,69,93.0,0.0,2016
2016 American League Final Standings,2016 American League Final Standings,2016 American League Final Standings,,,2016
Base on Balls,Aaron Judge,New York Yankees,127.0,,2017
Batting Average,Jose Altuve,Houston Astros,0.346,,2017
Doubles,Jose Ramirez,Cleveland Indians,56.0,,2017
Hits,Jose Altuve,Houston Astros,204.0,,2017
Home Runs,Aaron Judge,New York Yankees,52.0,,2017
On Base Percentage,Mike Trout,Los Angeles Angels,0.442,,2017
RBI,Nelson Cruz,Seattle Mariners,119.0,,2017
Runs,Aaron Judge,New York Yankees,128.0,,2017
Slugging Average,Mike Trout,Los Angeles Angels,0.629,,2017
Stolen Bases,Whit Merrifield,Kansas City Royals,34.0,,2017
Total Bases,Jose Abreu,Chicago White Sox,343.0,,2017
Triples,Nick Castellanos,Detroit Tigers,10.0,,2017
2017 A.L. History | 2017 N.L. History | Year-by-Year History,2017 A.L. History | 2017 N.L. History | Year-by-Year History,2017 A.L. History | 2017 N.L. History | Year-by-Year History,,,2017
Complete Games,Corey Kluber,Cleveland Indians,5.0,,2017
Complete Games,Ervin Santana,Minnesota Twins,5.0,,2017
ERA,Corey Kluber,Cleveland Indians,2.25,,2017
Games,Bryan Shaw,Cleveland Indians,79.0,,2017
Saves,Alex Colome,Tampa Bay Rays,46.0,,2017
Shutouts,Corey Kluber,Cleveland Indians,3.0,,2017
Shutouts,Ervin Santana,Minnesota Twins,3.0,,2017
Strikeouts,Chris Sale,Boston Red Sox,308.0,,2017
Winning Percentage,Corey Kluber,Cleveland Indians,0.818,,2017
Wins,Carlos Carrasco,Cleveland Indians,18.0,,2017
Wins,Corey Kluber,Cleveland Indians,18.0,,2017
Wins,Jason Vargas,Kansas City Royals,18.0,,2017
2017 A.L. History | 2017 N.L. History | Year-by-Year History,2017 A.L. History | 2017 N.L. History | Year-by-Year History,2017 A.L. History | 2017 N.L. History | Year-by-Year History,,,2017
East,Team | Roster,Wins,,,2017
East,Boston Red Sox,93,69.0,0.0,2017
East,New York Yankees,91,71.0,0.0,2017
East,Tampa Bay Rays,80,82.0,0.0,2017
East,Toronto Blue Jays,76,86.0,0.0,2017
East,Baltimore Orioles,75,87.0,0.0,2017
Central,Team | Roster,Wins,,,2017
Central,Cleveland Indians,102,60.0,0.0,2017
Central,Minnesota Twins,85,77.0,0.0,2017
Central,Kansas City Royals,80,82.0,0.0,2017
Central,Chicago White Sox,67,95.0,0.0,2017
Central,Detroit Tigers,64,98.0,0.0,2017
West,Team | Roster,Wins,,,2017
West,Houston Astros,101,61.0,0.0,2017
West,Los Angeles Angels,80,82.0,0.0,2017
West,Seattle Mariners,78,84.0,0.0,2017
West,Texas Rangers,78,84.0,0.0,2017
West,Oakland Athletics,75,87.0,0.0,2017
A.L.,Team | Roster,Wins,,,2017
2017 American League Final Standings,2017 American League Final Standings,2017 American League Final Standings,,,2017
Base on Balls,Mike Trout,Los Angeles Angels,122.0,,2018
Batting Average,Mookie Betts,Boston Red Sox,0.346,,2018
Doubles,Alex Bregman,Houston Astros,50.0,,2018
Hits,Whit Merrifield,Kansas City Royals,192.0,,2018
Home Runs,Khris Davis,Oakland Athletics,48.0,,2018
On Base Percentage,Mike Trout,Los Angeles Angels,0.46,,2018
RBI,J.D. Martinez,Boston Red Sox,130.0,,2018
Runs,Mookie Betts,Boston Red Sox,129.0,,2018
Slugging Average,Mookie Betts,Boston Red Sox,0.64,,2018
Stolen Bases,Whit Merrifield,Kansas City Royals,45.0,,2018
Total Bases,J.D. Martinez,Boston Red Sox,358.0,,2018
Triples,Yolmer Sanchez,Chicago White Sox,10.0,,2018
Triples,Mallex Smith,Tampa Bay Rays,10.0,,2018
2018 A.L. History | 2018 N.L. History | Year-by-Year History,2018 A.L. History | 2018 N.L. History | Year-by-Year History,2018 A.L. History | 2018 N.L. History | Year-by-Year History,,,2018
Complete Games,Jose Berrios,Minnesota Twins,2.0,,2018
Complete Games,Carlos Carrasco,Cleveland Indians,2.0,,2018
Complete Games,Corey Kluber,Cleveland Indians,2.0,,2018
Complete Games,James Paxton,Seattle Mariners,2.0,,2018
ERA,Blake Snell,Tampa Bay Rays,1.89,,2018
Games,Ryan Pressly,Minnesota Twins,77.0,,2018
Games,Ryan Pressly,Houston Astros,77.0,,2018
Saves,Edwin Diaz,Seattle Mariners,57.0,,2018
Shutouts,Jose Berrios,Minnesota Twins,1.0,,2018
Shutouts,Mike Clevinger,Cleveland Indians,1.0,,2018
Shutouts,Gerrit Cole,Houston Astros,1.0,,2018
Shutouts,Andrew Heaney,Los Angeles Angels,1.0,,2018
Shutouts,Corey Kluber,Cleveland Indians,1.0,,2018
Shutouts,Sean Manaea,Oakland Athletics,1.0,,2018
Shutouts,Daniel Mengden,Oakland Athletics,1.0,,2018
Shutouts,James Paxton,Seattle Mariners,1.0,,2018
Shutouts,Luis Severino,New York Yankees,1.0,,2018
Shutouts,Masahiro Tanaka,New York Yankees,1.0,,2018
Shutouts,Justin Verlander,Houston Astros,1.0,,2018
Strikeouts,Justin Verlander,Houston Astros,290.0,,2018
Winning Percentage,Charlie Morton,Houston Astros,0.833,,2018
Wins,Blake Snell,Tampa Bay Rays,21.0,,2018
2018 A.L. History | 2018 N.L. History | Year-by-Year History,2018 A.L. History | 2018 N.L. History | Year-by-Year History,2018 A.L. History | 2018 N.L. History | Year-by-Year History,,,2018
East,Team | Roster,Wins,,,2018
East,Boston Red Sox,108,54.0,0.0,2018
East,New York Yankees,100,62.0,0.0,2018
East,Tampa Bay Rays,90,72.0,0.0,2018
East,Toronto Blue Jays,73,89.0,0.0,2018
East,Baltimore Orioles,47,115.0,0.0,2018
Central,Team | Roster,Wins,,,2018
Central,Cleveland Indians,91,71.0,0.0,2018
Central,Minnesota Twins,78,84.0,0.0,2018
Central,Detroit Tigers,64,98.0,0.0,2018
Central,Chicago White Sox,62,100.0,0.0,2018
Central,Kansas City Royals,58,104.0,0.0,2018
West,Team | Roster,Wins,,,2018
West,Houston Astros,103,59.0,0.0,2018
West,Oakland Athletics,97,65.0,0.0,2018
West,Seattle Mariners,89,73.0,0.0,2018
West,Los Angeles Angels,80,82.0,0.0,2018
West,Texas Rangers,67,95.0,0.0,2018
A.L.,Team | Roster,Wins,,,2018
2018 American League Final Standings,2018 American League Final Standings,2018 American League Final Standings,,,2018
Base on Balls,Alex Bregman,Houston Astros,119.0,,2019
Batting Average,Tim Anderson,Chicago White Sox,0.335,,2019
Doubles,Rafael Devers,Boston Red Sox,54.0,,2019
Hits,Whit Merrifield,Kansas City Royals,206.0,,2019
Home Runs,Jorge Soler,Kansas City Royals,48.0,,2019
On Base Percentage,Mike Trout,Los Angeles Angels,0.438,,2019
RBI,Jose Abreu,Chicago White Sox,123.0,,2019
Runs,Mookie Betts,Boston Red Sox,135.0,,2019
Slugging Average,Mike Trout,Los Angeles Angels,0.645,,2019
Stolen Bases,Mallex Smith,Tampa Bay Rays,46.0,,2019
Total Bases,Rafael Devers,Boston Red Sox,359.0,,2019
Triples,Hunter Dozier,Kansas City Royals,10.0,,2019
Triples,Whit Merrifield,Kansas City Royals,10.0,,2019
Triples,Adalberto Mondesi,Kansas City Royals,10.0,,2019
Complete Games,Shane Bieber,Cleveland Indians,3.0,,2019
Complete Games,Lucas Giolito,Chicago White Sox,3.0,,2019
ERA,Gerrit Cole,Houston Astros,2.5,,2019
Games,Yusmeiro Petit,Oakland Athletics,80.0,,2019
Saves,Roberto Osuna,Houston Astros,38.0,,2019
Shutouts,Shane Bieber,Cleveland Indians,2.0,,2019
Shutouts,Lucas Giolito,Chicago White Sox,2.0,,2019
Strikeouts,Gerrit Cole,Houston Astros,326.0,,2019
Winning Percentage,Gerrit Cole,Houston Astros,0.8,,2019
Wins,Justin Verlander,Houston Astros,21.0,,2019
2019 American League Team Standings,2019 American League Team Standings,2019 American League Team Standings,,,2019
East,Team [Click for roster],Wins,,,2019
East,New York Yankees,103,59.0,0.0,2019
East,Tampa Bay Rays,96,66.0,0.0,2019
East,Boston Red Sox,84,78.0,0.0,2019
East,Toronto Blue Jays,67,95.0,0.0,2019
East,Baltimore Orioles,54,108.0,0.0,2019
Central,Team [Click for roster],Wins,,,2019
Central,Minnesota Twins,101,61.0,0.0,2019
Central,Cleveland Indians,93,69.0,0.0,2019
Central,Chicago White Sox,72,89.0,0.0,2019
Central,Kansas City Royals,59,103.0,0.0,2019
Central,Detroit Tigers,47,114.0,0.0,2019
West,Team [Click for roster],Wins,,,2019
West,Houston Astros,107,55.0,0.0,2019
West,Oakland Athletics,97,65.0,0.0,2019
West,Texas Rangers,78,84.0,0.0,2019
West,Los Angeles Angels,72,90.0,0.0,2019
West,Seattle Mariners,68,94.0,0.0,2019
2019 American League Standings,2019 American League Standings,2019 American League Standings,,,2019
Base on Balls,Carlos Santana,Cleveland Indians,47.0,,2020
Batting Average,DJ LeMahieu,New York Yankees,0.364,,2020
Doubles,Cesar Hernandez,Cleveland Indians,20.0,,2020
Hits,Jose Abreu,Chicago White Sox,76.0,,2020
Home Runs,Luke Voit,New York Yankees,22.0,,2020
On Base Percentage,DJ LeMahieu,New York Yankees,0.421,,2020
RBI,Jose Abreu,Chicago White Sox,60.0,,2020
Runs,Tim Anderson,Chicago White Sox,45.0,,2020
Runs,Jose Ramirez,Cleveland Indians,45.0,,2020
Slugging Average,Jose Abreu,Chicago White Sox,0.617,,2020
Stolen Bases,Adalberto Mondesi,Kansas City Royals,24.0,,2020
Total Bases,Jose Abreu,Chicago White Sox,148.0,,2020
Triples,Kyle Tucker,Houston Astros,6.0,,2020
2020 A.L. History | 2020 N.L. History | Year-by-Year History,2020 A.L. History | 2020 N.L. History | Year-by-Year History,2020 A.L. History | 2020 N.L. History | Year-by-Year History,,,2020
Complete Games,Gerrit Cole,New York Yankees,2.0,,2020
ERA,Shane Bieber,Cleveland Indians,1.63,,2020
Games,Scott Barlow,Kansas City Royals,32.0,,2020
Saves,Brad Hand,Cleveland Indians,16.0,,2020
Shutouts,Gerrit Cole,New York Yankees,1.0,,2020
Shutouts,Kyle Gibson,Texas Rangers,1.0,,2020
Shutouts,Lucas Giolito,Chicago White Sox,1.0,,2020
Shutouts,Brad Keller,Kansas City Royals,1.0,,2020
Shutouts,Mike Minor,Oakland Athletics,1.0,,2020
Strikeouts,Shane Bieber,Cleveland Indians,122.0,,2020
Winning Percentage,Shane Bieber,Cleveland Indians,0.889,,2020
Wins,Shane Bieber,Cleveland Indians,8.0,,2020
2020 A.L. History | 2020 N.L. History | Year-by-Year History,2020 A.L. History | 2020 N.L. History | Year-by-Year History,2020 A.L. History | 2020 N.L. History | Year-by-Year History,,,2020
East,Team | Roster,W,,,2020
East,Tampa Bay Rays,40,20.0,0.0,2020
East,New York Yankees,33,27.0,0.0,2020
East,Toronto Blue Jays,32,28.0,0.0,2020
East,Baltimore Orioles,25,35.0,0.0,2020
East,Boston Red Sox,24,36.0,0.0,2020
Central,Team | Roster,W,,,2020
Central,Minnesota Twins,36,24.0,0.0,2020
Central,Chicago White Sox,35,25.0,0.0,2020
Central,Cleveland Indians,35,25.0,0.0,2020
Central,Kansas City Royals,26,34.0,0.0,2020
Central,Detroit Tigers,23,35.0,0.0,2020
West,Team | Roster,W,,,2020
West,Oakland Athletics,36,24.0,0.0,2020
West,Houston Astros,29,31.0,0.0,2020
West,Seattle Mariners,27,33.0,0.0,2020
West,Los Angeles Angels,26,34.0,0.0,2020
West,Texas Rangers,22,38.0,0.0,2020
A.L.,Team | Roster,W,,,2020
2020 American League Standings,2020 American League Standings,2020 American League Standings,,,2020
Base on Balls,Joey Gallo,Texas Rangers,111.0,,2021
Base on Balls,Joey Gallo,New York Yankees,111.0,,2021
Batting Average,Yuli Gurriel,Houston Astros,0.319,,2021
Doubles,Jeimer Candelario,Detroit Tigers,42.0,,2021
Doubles,J.D. Martinez,Boston Red Sox,42.0,,2021
Doubles,Whit Merrifield,Kansas City Royals,42.0,,2021
Hits,Bo Bichette,Toronto Blue Jays,191.0,,2021
Home Runs,Vladimir Guerrero Jr.,Toronto Blue Jays,48.0,,2021
Home Runs,Salvador Perez,Kansas City Royals,48.0,,2021
On Base Percentage,Vladimir Guerrero Jr.,Toronto Blue Jays,0.401,,2021
RBI,Salvador Perez,Kansas City Royals,121.0,,2021
Runs,Vladimir Guerrero Jr.,Toronto Blue Jays,123.0,,2021
Slugging Average,Vladimir Guerrero Jr.,Toronto Blue Jays,0.601,,2021
Stolen Bases,Whit Merrifield,Kansas City Royals,40.0,,2021
Total Bases,Vladimir Guerrero Jr.,Toronto Blue Jays,363.0,,2021
Triples,Shohei Ohtani,Los Angeles Angels,8.0,,2021
2021 A.L. History | 2021 N.L. History | Year-by-Year History,2021 A.L. History | 2021 N.L. History | Year-by-Year History,2021 A.L. History | 2021 N.L. History | Year-by-Year History,,,2021
Complete Games,Gerrit Cole,New York Yankees,2.0,,2021
Complete Games,Sean Manaea,Oakland Athletics,2.0,,2021
ERA,Robbie Ray,Toronto Blue Jays,2.84,,2021
Games,Bryan Shaw,Cleveland Indians,81.0,,2021
Saves,Liam Hendriks,Chicago White Sox,38.0,,2021
Shutouts,Sean Manaea,Oakland Athletics,2.0,,2021
Strikeouts,Robbie Ray,Toronto Blue Jays,248.0,,2021
Winning Percentage,"Lance McCullers, Jr.",Houston Astros,0.722,,2021
Wins,Gerrit Cole,New York Yankees,16.0,,2021
2021 A.L. History | 2021 N.L. History | Year-by-Year History,2021 A.L. History | 2021 N.L. History | Year-by-Year History,2021 A.L. History | 2021 N.L. History | Year-by-Year History,,,2021
East,Team | Roster,W,,,2021
East,Tampa Bay Rays,100,62.0,0.0,2021
East,Boston Red Sox,92,70.0,0.0,2021
East,New York Yankees,92,70.0,0.0,2021
East,Toronto Blue Jays,91,71.0,0.0,2021
East,Baltimore Orioles,52,110.0,0.0,2021
Central,Team | Roster,W,,,2021
Central,Chicago White Sox,93,69.0,0.0,2021
Central,Cleveland Indians,80,82.0,0.0,2021
Central,Detroit Tigers,77,85.0,0.0,2021
Central,Kansas City Royals,74,88.0,0.0,2021
Central,Minnesota Twins,73,89.0,0.0,2021
West,Team | Roster,W,,,2021
West,Houston Astros,95,67.0,0.0,2021
West,Seattle Mariners,90,72.0,0.0,2021
West,Oakland Athletics,86,76.0,0.0,2021
West,Los Angeles Angels,77,85.0,0.0,2021
West,Texas Rangers,60,102.0,0.0,2021
A.L.,Team | Roster,W,,,2021
2021 American League Standings,2021 American League Standings,2021 American League Standings,,,2021
Base on Balls,Aaron Judge,New York Yankees,111.0,,2022
Batting Average,Luis Arraez,Minnesota Twins,0.316,,2022
Doubles,José Ramírez,Cleveland Guardians,44.0,,2022
Hits,Bo Bichette,Toronto Blue Jays,189.0,,2022
Home Runs,Aaron Judge,New York Yankees,62.0,,2022
On Base Percentage,Aaron Judge,New York Yankees,0.425,,2022
RBI,Aaron Judge,New York Yankees,131.0,,2022
Runs,Aaron Judge,New York Yankees,133.0,,2022
Slugging Average,Aaron Judge,New York Yankees,0.686,,2022
Stolen Bases,Jorge Mateo,Baltimore Orioles,35.0,,2022
Total Bases,Aaron Judge,New York Yankees,391.0,,2022
Triples,Amed Rosario,Cleveland Guardians,9.0,,2022
2022 A.L. History | 2022 N.L. History | Year-by-Year History,2022 A.L. History | 2022 N.L. History | Year-by-Year History,2022 A.L. History | 2022 N.L. History | Year-by-Year History,,,2022
Complete Games,Framber Valdez,Houston Astros,3.0,,2022
ERA,Justin Verlander,Houston Astros,1.75,,2022
Games,Adam Cimber,Toronto Blue Jays,77.0,,2022
Games,Emmanuel Clase,Cleveland Guardians,77.0,,2022
Saves,Emmanuel Clase,Cleveland Guardians,42.0,,2022
Shutouts,Dylan Cease,Chicago White Sox,1.0,,2022
Shutouts,Nestor Cortes,New York Yankees,1.0,,2022
Shutouts,Reid Detmers,Los Angeles Angels,1.0,,2022
Shutouts,Nathan Eovaldi,Boston Red Sox,1.0,,2022
Shutouts,Dean Kremer,Baltimore Orioles,1.0,,2022
Shutouts,Martín Pérez,Texas Rangers,1.0,,2022
Shutouts,Patrick Sandoval,Los Angeles Angels,1.0,,2022
Shutouts,Framber Valdez,Houston Astros,1.0,,2022
Shutouts,Michael Wacha,Boston Red Sox,1.0,,2022
Strikeouts,Corbin Burnes,Milwaukee Brewers,243.0,,2022
Winning Percentage,Justin Verlander,Houston Astros,0.818,,2022
Wins,Justin Verlander,Houston Astros,18.0,,2022
2022 A.L. History | 2022 N.L. History | Year-by-Year History,2022 A.L. History | 2022 N.L. History | Year-by-Year History,2022 A.L. History | 2022 N.L. History | Year-by-Year History,,,2022
East,Team | Roster,W,,,2022
East,New York Yankees,99,63.0,0.0,2022
East,Toronto Blue Jays,92,70.0,0.0,2022
East,Tampa Bay Rays,86,76.0,0.0,2022
East,Baltimore Orioles,83,79.0,0.0,2022
East,Boston Red Sox,78,84.0,0.0,2022
Central,Team | Roster,W,,,2022
Central,Cleveland Guardians,92,70.0,0.0,2022
Central,Chicago White Sox,81,81.0,0.0,2022
Central,Minnesota Twins,78,84.0,0.0,2022
Central,Detroit Tigers,66,96.0,0.0,2022
Central,Kansas City Royals,65,97.0,0.0,2022
West,Team | Roster,W,,,2022
West,Houston Astros,106,56.0,0.0,2022
West,Seattle Mariners,90,72.0,0.0,2022
West,Los Angeles Angels,73,89.0,0.0,2022
West,Texas Rangers,68,94.0,0.0,2022
West,Oakland Athletics,60,102.0,0.0,2022
A.L.,Team | Roster,W,,,2022
2022 American League Standings,2022 American League Standings,2022 American League Standings,,,2022
Base on Balls,J.P. Crawford,Seattle Mariners,94.0,,2023
Batting Average,Yandy Díaz,Tampa Bay Rays,0.33,,2023
Doubles,Corey Seager,Texas Rangers,42.0,,2023
Hits,Marcus Semien,Texas Rangers,185.0,,2023
Home Runs,Shohei Ohtani,Los Angeles Angels,44.0,,2023
On Base Percentage,Shohei Ohtani,Los Angeles Angels,0.412,,2023
RBI,Kyle Tucker,Houston Astros,112.0,,2023
Runs,Marcus Semien,Texas Rangers,122.0,,2023
Slugging Average,Shohei Ohtani,Los Angeles Angels,0.654,,2023
Stolen Bases,Esteury Ruiz,Oakland Athletics,67.0,,2023
Total Bases,Shohei Ohtani,Los Angeles Angels,325.0,,2023
Triples,Bobby Witt Jr.,Kansas City Royals,11.0,,2023
2023 A.L. History | 2023 N.L. History | Year-by-Year History,2023 A.L. History | 2023 N.L. History | Year-by-Year History,2023 A.L. History | 2023 N.L. History | Year-by-Year History,,,2023
Complete Games,Jordan Lyles,Kansas City Royals,3.0,,2023
ERA,Gerrit Cole,New York Yankees,2.63,,2023
Games,Matt Brash,Seattle Mariners,78.0,,2023
Saves,Emmanuel Clase,Cleveland Guardians,44.0,,2023
Shutouts,Gerrit Cole,New York Yankees,2.0,,2023
Shutouts,Framber Valdez,Houston Astros,2.0,,2023
Strikeouts,Kevin Gausman,Toronto Blue Jays,237.0,,2023
Winning Percentage,Gerrit Cole,New York Yankees,0.789,,2023
Wins,Chris Bassitt,Toronto Blue Jays,16.0,,2023
Wins,Zach Eflin,Tampa Bay Rays,16.0,,2023
2023 A.L. History | 2023 N.L. History | Year-by-Year History,2023 A.L. History | 2023 N.L. History | Year-by-Year History,2023 A.L. History | 2023 N.L. History | Year-by-Year History,,,2023
East,Team | Roster,W,,,2023
East,Baltimore Orioles,101,61.0,0.0,2023
East,Tampa Bay Rays,99,63.0,0.0,2023
East,Toronto Blue Jays,89,73.0,0.0,2023
East,New York Yankees,82,80.0,0.0,2023
East,Boston Red Sox,78,84.0,0.0,2023
Central,Team | Roster,W,,,2023
Central,Minnesota Twins,87,75.0,0.0,2023
Central,Detroit Tigers,78,84.0,0.0,2023
Central,Cleveland Guardians,76,86.0,0.0,2023
Central,Chicago White Sox,61,101.0,0.0,2023
Central,Kansas City Royals,56,106.0,0.0,2023
West,Team | Roster,W,,,2023
West,Houston Astros,90,72.0,0.0,2023
West,Texas Rangers,90,72.0,0.0,2023
West,Seattle Mariners,88,74.0,0.0,2023
West,Los Angeles Angels,73,89.0,0.0,2023
West,Oakland Athletics,50,112.0,0.0,2023
A.L.,Team | Roster,W,,,2023
2023 American League Standings,2023 American League Standings,2023 American League Standings,,,2023
Base on Balls,Aaron Judge,New York,133.0,,2024
Batting Average,Bobby Witt Jr.,Kansas City,0.332,,2024
Doubles,Jarren Duran,Boston,48.0,,2024
Hits,Bobby Witt Jr.,Kansas City,211.0,,2024
Home Runs,Aaron Judge,New York,58.0,,2024
On Base Percentage,Aaron Judge,New York,0.458,,2024
RBI,Aaron Judge,New York,144.0,,2024
Runs,Juan Soto,New York,128.0,,2024
Slugging Average,Aaron Judge,New York,0.701,,2024
Stolen Bases,Jose Caballero,Tampa Bay,44.0,,2024
Total Bases,Aaron Judge,New York,392.0,,2024
Triples,Jarren Duran,Boston,14.0,,2024
2024 A.L. History | 2024 N.L. History | Year-by-Year History,2024 A.L. History | 2024 N.L. History | Year-by-Year History,2024 A.L. History | 2024 N.L. History | Year-by-Year History,,,2024
Complete Games,Kevin Gausman,Toronto,2.0,,2024
ERA,Tarik Skubal,Detroit,2.39,,2024
Games,T.J. McFarland,Oakland,79.0,,2024
Saves,Emmanuel Clase,Cleveland,47.0,,2024
Shutouts,Ronel Blanco,Houston,1.0,,2024
Shutouts,Joey Estes,Oakland,1.0,,2024
Shutouts,Kevin Gausman,Toronto,1.0,,2024
Shutouts,Tanner Houck,Boston,1.0,,2024
Shutouts,Keider Montero,Detroit,1.0,,2024
Strikeouts,Tarik Skubal,Detroit,228.0,,2024
Winning Percentage,Tarik Skubal,Detroit,0.818,,2024
Wins,Tarik Skubal,Detroit,18.0,,2024
2024 A.L. History | 2024 N.L. History | Year-by-Year History,2024 A.L. History | 2024 N.L. History | Year-by-Year History,2024 A.L. History | 2024 N.L. History | Year-by-Year History,,,2024
East,Team | Roster,W,,,2024
East,New York Yankees,94,68.0,0.0,2024
East,Baltimore Orioles,91,71.0,0.0,2024
East,Boston Red Sox,81,81.0,0.0,2024
East,Tampa Bay Rays,80,82.0,0.0,2024
East,Toronto Blue Jays,74,88.0,0.0,2024
Central,Team | Roster,W,,,2024
Central,Cleveland Guardians,92,69.0,0.0,2024
Central,Kansas City Royals,86,76.0,0.0,2024
Central,Detroit Tigers,86,76.0,0.0,2024
Central,Minnesota Twins,82,80.0,0.0,2024
Central,Chicago White Sox,41,121.0,0.0,2024
West,Team | Roster,W,,,2024
West,Houston Astros,88,73.0,0.0,2024
West,Seattle Mariners,85,77.0,0.0,2024
West,Texas Rangers,78,84.0,0.0,2024
West,Oakland Athletics,69,93.0,0.0,2024
West,Los Angeles Angels,63,99.0,0.0,2024
A.L.,Team | Roster,W,,,2024
2024 American League Standings,2024 American League Standings,2024 American League Standings,,,2024
Base on Balls,Aaron Judge,New York,124.0,,2025
Batting Average,Aaron Judge,New York,0.331,,2025
Doubles,Bobby Witt Jr.,Kansas City,47.0,,2025
Hits,Bobby Witt Jr.,Kansas City,184.0,,2025
Home Runs,Cal Raleigh,Seattle,60.0,,2025
On Base Percentage,Aaron Judge,New York,0.457,,2025
RBI,Cal Raleigh,Seattle,125.0,,2025
Runs,Aaron Judge,New York,137.0,,2025
Slugging Average,Aaron Judge,New York,0.688,,2025
Stolen Bases,José Caballero,Tampa Bay (34),49.0,,2025
Stolen Bases,José Caballero,New York (15),49.0,,2025
Total Bases,Aaron Judge,New York,372.0,,2025
Triples,Jarren Duran,Boston,13.0,,2025
2025 A.L. History | 2025 N.L. History | Year-by-Year History,2025 A.L. History | 2025 N.L. History | Year-by-Year History,2025 A.L. History | 2025 N.L. History | Year-by-Year History,,,2025
Complete Games,Tanner Bibee,Cleveland,2.0,,2025
Complete Games,Framber Valdez,Houston,2.0,,2025
ERA,Tarik Skubal,Detroit,2.21,,2025
Games,Brendon Little,Toronto,79.0,,2025
Saves,Carlos Estévez,Kansas City,42.0,,2025
Shutouts,Tanner Bibee,Cleveland,1.0,,2025
Shutouts,Garrett Crochet,Boston,1.0,,2025
Shutouts,Nathan Eovaldi,Texas,1.0,,2025
Shutouts,Kevin Gausman,Toronto,1.0,,2025
Shutouts,Tarik Skubal,Detroit,1.0,,2025
Strikeouts,Garrett Crochet,Boston,255.0,,2025
Winning Percentage,Max Fried,New York,0.792,,2025
Wins,Max Fried,New York,19.0,,2025
2025 A.L. History | 2025 N.L. History | Year-by-Year History,2025 A.L. History | 2025 N.L. History | Year-by-Year History,2025 A.L. History | 2025 N.L. History | Year-by-Year History,,,2025
East,Team | Roster,W,,,2025
East,Toronto Blue Jays,94,68.0,0.0,2025
East,New York Yankees wc,94,68.0,0.0,2025
East,Boston Red Sox wc,89,73.0,0.0,2025
East,Tampa Bay Rays,77,85.0,0.0,2025
East,Baltimore Orioles,75,87.0,0.0,2025
Central,Team | Roster,W,,,2025
Central,Cleveland Guardians,88,74.0,0.0,2025
Central,Detroit Tigers wc,87,75.0,0.0,2025
Central,Kansas City Royals,82,80.0,0.0,2025
Central,Minnesota Twins,70,92.0,0.0,2025
Central,Chicago White Sox,60,102.0,0.0,2025
West,Team | Roster,W,,,2025
West,Seattle Mariners,90,72.0,0.0,2025
West,Houston Astros,87,75.0,0.0,2025
West,Texas Rangers,81,81.0,0.0,2025
West,Sacramento Athletics,76,86.0,0.0,2025
West,Los Angeles Angels,72,90.0,0.0,2025
A.L.,Team | Roster,W,,,2025
2025 American League Standings,2025 American League Standings,2025 American League Standings,,,2025
Base on Balls,Ross Barnes,Chicago,20.0,,1876
Batting Average,Ross Barnes,Chicago,0.429,,1876
Doubles,Ross Barnes,Chicago,21.0,,1876
Doubles,Dick Higham,Chicago,21.0,,1876
Doubles,Paul Hines,Chicago,21.0,,1876
Hits,Ross Barnes,Chicago,138.0,,1876
Home Runs,George Hall,Philadelphia,5.0,,1876
On Base Percentage,Ross Barnes,Chicago,0.462,,1876
RBI,Deacon White,Chicago,60.0,,1876
Runs,Ross Barnes,Chicago,126.0,,1876
Slugging Average,Ross Barnes,Chicago,0.59,,1876
Total Bases,Ross Barnes,Chicago,190.0,,1876
Triples,Ross Barnes,Chicago,14.0,,1876
1876 N.L. History | Year-by-Year History,1876 N.L. History | Year-by-Year History,1876 N.L. History | Year-by-Year History,,,1876
Complete Games,Jim Devlin,Louisville,66.0,,1876
ERA,George Bradley,St. Louis,1.23,,1876
Games,Jim Devlin,Louisville,68.0,,1876
Saves,Jack Manning,Boston,5.0,,1876
Shutouts,George Bradley,St. Louis,16.0,,1876
Strikeouts,Jim Devlin,Louisville,122.0,,1876
Winning Percentage,Al Spalding,Chicago,0.797,,1876
Wins,Al Spalding,Chicago,47.0,,1876
1876 N.L. History | Year-by-Year History,1876 N.L. History | Year-by-Year History,1876 N.L. History | Year-by-Year History,,,1876
1876 National League Team Standings,1876 National League Team Standings,1876 National League Team Standings,,,1876
Team | Roster,W,L,,,1876
Chicago White Stockings,52,14,0.788,0.0,1876
St. Louis Brown Stockings,45,19,0.703,6.0,1876
Hartford Dark Blues,47,21,0.691,6.0,1876
Boston Red Caps,39,31,0.557,15.0,1876
Louisville Grays,30,36,0.455,22.0,1876
New York Mutuals,21,35,0.375,26.0,1876
Philadelphia Athletics,14,45,0.237,,1876
Cincinnati Reds,9,56,0.138,,1876
Team | Roster,W,L,,,1876
Base on Balls,Chicago,70,,,1876
Batting Average,Chicago,.337,,,1876
Doubles,Chicago,131,,,1876
Hits,Chicago,926,,,1876
Home Runs,Boston,9,,,1876
On Base Percentage,Chicago,.353,,,1876
Runs,Chicago,624,,,1876
Slugging Average,Chicago,.417,,,1876
Triples,Philadelphia,35,,,1876
Complete Games,Hartford,69,,,1876
ERA,St. Louis,1.22,,,1876
Fewest Hits Allowed,St. Louis,472,,,1876
Fewest Home Runs Allowed,Hartford,2,,,1876
Fewest Home Runs Allowed,Philadelphia,2,,,1876
Fewest Walks Allowed,New York,24,,,1876
Saves,Boston,7,,,1876
Shutouts,St. Louis,16,,,1876
Strikeouts,Louisville,125,,,1876
Base on Balls,Jim O'Rourke,Boston,20.0,,1877
Batting Average,Deacon White,Boston,0.387,,1877
Doubles,Cap Anson,Chicago,19.0,,1877
Hits,Deacon White,Boston,103.0,,1877
Home Runs,Lip Pike,Cincinnati,4.0,,1877
On Base Percentage,Jim O'Rourke,Boston,0.407,,1877
RBI,Deacon White,Boston,49.0,,1877
Runs,Jim O'Rourke,Boston,68.0,,1877
Slugging Average,Deacon White,Boston,0.545,,1877
Total Bases,Deacon White,Boston,145.0,,1877
Triples,Deacon White,Boston,11.0,,1877
1877 N.L. History | Year-by-Year History,1877 N.L. History | Year-by-Year History,1877 N.L. History | Year-by-Year History,,,1877
Complete Games,Jim Devlin,Louisville,61.0,,1877
ERA,Tommy Bond,Boston,2.11,,1877
Games,Jim Devlin,Louisville,61.0,,1877
Saves,Cal McVey,Chicago,2.0,,1877
Shutouts,Tommy Bond,Boston,6.0,,1877
Strikeouts,Tommy Bond,Boston,170.0,,1877
Winning Percentage,Tommy Bond,Boston,0.702,,1877
Wins,Tommy Bond,Boston,40.0,,1877
1877 N.L. History | Year-by-Year History,1877 N.L. History | Year-by-Year History,1877 N.L. History | Year-by-Year History,,,1877
1877 National League Team Standings,1877 National League Team Standings,1877 National League Team Standings,,,1877
Team | Roster,W,L,,,1877
Boston Red Caps,42,18,0.7,0.0,1877
Louisville Grays,35,25,0.583,7.0,1877
Hartford Dark Blues,31,27,0.534,10.0,1877
St. Louis Brown Stockings,28,32,0.467,14.0,1877
Chicago White Stockings,26,33,0.441,,1877
Cincinnati Reds,15,42,0.263,,1877
Team | Roster,W,L,,,1877
Base on Balls,Cincinnati,78,,,1877
Batting Average,Boston,.296,,,1877
Doubles,Boston,91,,,1877
Hits,Boston,700,,,1877
Home Runs,Louisville,9,,,1877
On Base Percentage,Boston,.314,,,1877
Runs,Boston,419,,,1877
Slugging Average,Boston,.370,,,1877
Triples,Boston,37,,,1877
Complete Games,Boston,61,,,1877
Complete Games,Louisville,61,,,1877
ERA,Boston,2.15,,,1877
Fewest Hits Allowed,Boston,557,,,1877
Fewest Home Runs Allowed,Hartford,2,,,1877
Fewest Home Runs Allowed,St. Louis,2,,,1877
Fewest Walks Allowed,Boston,38,,,1877
Saves,Chicago,3,,,1877
Shutouts,Boston,7,,,1877
Strikeouts,Boston,177,,,1877
Base on Balls,Terry Larkin,Chicago,17.0,,1878
Base on Balls,Jack Remsen,Chicago,17.0,,1878
Batting Average,Paul Hines,Providence,0.358,,1878
Doubles,Dick Higham,Providence,22.0,,1878
Hits,Joe Start,Chicago,100.0,,1878
Home Runs,Paul Hines,Providence,4.0,,1878
On Base Percentage,Bob Ferguson,Chicago,0.375,,1878
RBI,Paul Hines,Providence,50.0,,1878
Runs,Dick Higham,Providence,60.0,,1878
Slugging Average,Paul Hines,Providence,0.486,,1878
Total Bases,Paul Hines,Providence,125.0,,1878
Total Bases,Tom York,Providence,125.0,,1878
Total Bases,Joe Start,Chicago,125.0,,1878
Triples,Tom York,Providence,10.0,,1878
1878 N.L. History | Year-by-Year History,1878 N.L. History | Year-by-Year History,1878 N.L. History | Year-by-Year History,,,1878
Complete Games,Tommy Bond,Boston,57.0,,1878
ERA,John Ward,Providence,1.51,,1878
Games,Tommy Bond,Boston,59.0,,1878
Saves,Tom Healey,Providence,2.0,,1878
Saves,Tom Healey,Indianapolis,2.0,,1878
Shutouts,Tommy Bond,Boston,9.0,,1878
Strikeouts,Tommy Bond,Boston,182.0,,1878
Winning Percentage,Harry Wheeler,Providence,0.857,,1878
Wins,Tommy Bond,Boston,40.0,,1878
1878 N.L. History | Year-by-Year History,1878 N.L. History | Year-by-Year History,1878 N.L. History | Year-by-Year History,,,1878
1878 National League Team Standings,1878 National League Team Standings,1878 National League Team Standings,,,1878
Team | Roster,W,L,,,1878
Boston Red Caps,41,19,0.683,0.0,1878
Cincinnati Reds,37,23,0.617,4.0,1878
Providence Grays,33,27,0.55,8.0,1878
Chicago White Stockings,30,30,0.5,11.0,1878
Indianapolis Blues,24,36,0.4,17.0,1878
Milwaukee Grays,15,45,0.25,26.0,1878
Team | Roster,W,L,,,1878
Base on Balls,Chicago,88,,,1878
Batting Average,Chicago,.290,,,1878
Doubles,Providence,107,,,1878
Hits,Chicago,677,,,1878
Home Runs,Providence,8,,,1878
On Base Percentage,Chicago,.316,,,1878
Runs,Chicago,371,,,1878
Slugging Average,Chicago,.350,,,1878
Triples,Providence,30,,,1878
Complete Games,Cincinnati,61,,,1878
Complete Games,Chicago,61,,,1878
ERA,Cincinnati,1.84,,,1878
Fewest Hits Allowed,Cincinnati,546,,,1878
Fewest Home Runs Allowed,Cincinnati,2,,,1878
Fewest Walks Allowed,Chicago,35,,,1878
Saves,Indianapolis,1,,,1878
Shutouts,Boston,9,,,1878
Strikeouts,Cincinnati,220,,,1878
Base on Balls,Charley Jones,Boston,29.0,,1879
Batting Average,Paul Hines,Providence,0.357,,1879
Doubles,Charlie Eden,Cleveland,31.0,,1879
Hits,Paul Hines,Providence,146.0,,1879
Home Runs,Charley Jones,Boston,9.0,,1879
On Base Percentage,Jim O'Rourke,Providence,0.371,,1879
RBI,Charley Jones,Boston,62.0,,1879
RBI,Jim O'Rourke,Boston,62.0,,1879
Runs,Charley Jones,Boston,85.0,,1879
Slugging Average,Jim O'Rourke,Boston,0.521,,1879
Total Bases,Paul Hines,Providence,197.0,,1879
Triples,Buttercup Dickerson,Cincinnati,14.0,,1879
1879 N.L. History | Year-by-Year History,1879 N.L. History | Year-by-Year History,1879 N.L. History | Year-by-Year History,,,1879
Complete Games,Will White,Cincinnati,75.0,,1879
ERA,Tommy Bond,Boston,1.96,,1879
Games,Will White,Cincinnati,76.0,,1879
Saves,Bobby Mathews,Providence,2.0,,1879
Saves,John Ward,Providence,2.0,,1879
Shutouts,Tommy Bond,Boston,11.0,,1879
Strikeouts,John Ward,Providence,239.0,,1879
Winning Percentage,John Ward,Providence,0.712,,1879
Wins,John Ward,Providence,47.0,,1879
1879 N.L. History | Year-by-Year History,1879 N.L. History | Year-by-Year History,1879 N.L. History | Year-by-Year History,,,1879
1879 National League Team Standings 1879 Team Standings,1879 National League Team Standings 1879 Team Standings,1879 National League Team Standings 1879 Team Standings,,,1879
Team | Roster,W,L,,,1879
Providence Grays,59,25,0.702,0.0,1879
Boston Red Caps,54,30,0.643,5.0,1879
Buffalo Bisons,46,32,0.59,10.0,1879
Chicago White Stockings,46,33,0.582,,1879
Cincinnati Reds,43,37,0.538,14.0,1879
Cleveland Blues,27,55,0.329,31.0,1879
Syracuse Stars,22,48,0.314,30.0,1879
Troy Trojans,19,56,0.253,,1879
Team | Roster,W,L,,,1879
1879 National League Team Standings,1879 National League Team Standings,1879 National League Team Standings,,,1879
Base on Balls,Providence,91,,,1879
Batting Average,Providence,.296,,,1879
Doubles,Chicago,167,,,1879
Hits,Providence,1003,,,1879
Home Runs,Boston,20,,,1879
On Base Percentage,Providence,.314,,,1879
Runs,Providence,612,,,1879
Slugging Average,Providence,.381,,,1879
Triples,Providence,55,,,1879
Complete Games,Chicago,82,,,1879
ERA,Providence,2.18,,,1879
Fewest Hits Allowed,Buffalo,698,,,1879
Fewest Home Runs Allowed,Buffalo,3,,,1879
Fewest Walks Allowed,Boston,46,,,1879
Saves,Providence,2,,,1879
Shutouts,Boston,13,,,1879
Strikeouts,Providence,329,,,1879
Base on Balls,Bob Ferguson,Troy,24.0,,1880
Batting Average,George Gore,Chicago,0.36,,1880
Doubles,Fred Dunlap,Cleveland,27.0,,1880
Hits,Abner Dalrymple,Chicago,126.0,,1880
Home Runs,Jim O'Rourke,Boston,6.0,,1880
Home Runs,Harry Stovey,Worcester,6.0,,1880
On Base Percentage,George Gore,Chicago,0.399,,1880
RBI,Cap Anson,Chicago,74.0,,1880
Runs,Abner Dalrymple,Chicago,91.0,,1880
Slugging Average,George Gore,Chicago,0.463,,1880
Total Bases,Abner Dalrymple,Chicago,175.0,,1880
Triples,Harry Stovey,Worcester,14.0,,1880
1880 N.L. History | Year-by-Year History,1880 N.L. History | Year-by-Year History,1880 N.L. History | Year-by-Year History,,,1880
Complete Games,Jim McCormick,Cleveland,72.0,,1880
ERA,Tim Keefe,Troy,0.86,,1880
Games,Jim McCormick,Cleveland,74.0,,1880
Games,Lee Richmond,Worcester,74.0,,1880
Saves,Lee Richmond,Worcester,3.0,,1880
Shutouts,John Ward,Providence,8.0,,1880
Strikeouts,Larry Corcoran,Chicago,268.0,,1880
Winning Percentage,Fred Goldsmith,Chicago,0.875,,1880
Wins,Jim McCormick,Cleveland,45.0,,1880
1880 N.L. History | Year-by-Year History,1880 N.L. History | Year-by-Year History,1880 N.L. History | Year-by-Year History,,,1880
1880 National League Team Standings,1880 National League Team Standings,1880 National League Team Standings,,,1880
Team | Roster,W,L,,,1880
Chicago White Stockings,67,17,0.798,0.0,1880
Providence Grays,52,32,0.619,15.0,1880
Cleveland Blues,47,37,0.56,20.0,1880
Troy Trojans,41,42,0.494,,1880
Worcester Ruby Legs,40,43,0.482,,1880
Boston Red Caps,40,44,0.476,27.0,1880
Buffalo Bisons,24,58,0.293,42.0,1880
Cincinnati Reds,21,59,0.263,44.0,1880
Team | Roster,W,L,,,1880
Base on Balls,Troy,120,,,1880
Batting Average,Chicago,.279,,,1880
Doubles,Chicago,164,,,1880
Hits,Chicago,876,,,1880
Home Runs,Boston,20,,,1880
On Base Percentage,Chicago,.303,,,1880
Runs,Chicago,538,,,1880
Slugging Average,Chicago,.360,,,1880
Triples,Cleveland,52,,,1880
Triples,Worcester,52,,,1880
Complete Games,Cleveland,83,,,1880
ERA,Providence,1.64,,,1880
Fewest Hits Allowed,Chicago,622,,,1880
Fewest Home Runs Allowed,Boston,2,,,1880
Fewest Walks Allowed,Providence,51,,,1880
Saves,Worcester,5,,,1880
Shutouts,Providence,13,,,1880
Strikeouts,Chicago,367,,,1880
Base on Balls,John Clapp,Cleveland,35.0,,1881
Batting Average,Cap Anson,Chicago,0.399,,1881
Doubles,Paul Hines,Providence,27.0,,1881
Doubles,King Kelly,Chicago,27.0,,1881
Hits,Cap Anson,Chicago,137.0,,1881
Home Runs,Dan Brouthers,Buffalo,8.0,,1881
On Base Percentage,Cap Anson,Chicago,0.442,,1881
RBI,Cap Anson,Chicago,82.0,,1881
Runs,George Gore,Chicago,86.0,,1881
Slugging Average,Dan Brouthers,Buffalo,0.541,,1881
Total Bases,Cap Anson,Chicago,175.0,,1881
Triples,Jack Rowe,Buffalo,11.0,,1881
1881 N.L. History | Year-by-Year History,1881 N.L. History | Year-by-Year History,1881 N.L. History | Year-by-Year History,,,1881
Complete Games,Jim McCormick,Cleveland,57.0,,1881
Complete Games,Jim Whitney,Boston,57.0,,1881
ERA,Stump Wiedman,Detroit,1.8,,1881
Games,Jim Whitney,Boston,66.0,,1881
Saves,Bobby Mathews,Providence,2.0,,1881
Saves,Bobby Mathews,Boston,2.0,,1881
Shutouts,George Derby,Detroit,9.0,,1881
Strikeouts,George Derby,Detroit,212.0,,1881
Winning Percentage,Old Hoss Radbourn,Providence,0.694,,1881
Wins,Larry Corcoran,Chicago,31.0,,1881
Wins,Jim Whitney,Boston,31.0,,1881
1881 N.L. History | Year-by-Year History,1881 N.L. History | Year-by-Year History,1881 N.L. History | Year-by-Year History,,,1881
1881 National League Team Standings,1881 National League Team Standings,1881 National League Team Standings,,,1881
Team | Roster,W,L,,,1881
Chicago White Stockings,56,28,0.667,0.0,1881
Providence Grays,47,37,0.56,9.0,1881
Buffalo Bisons,45,38,0.542,,1881
Detroit Wolverines,41,43,0.488,15.0,1881
Troy Trojans,39,45,0.464,17.0,1881
Boston Red Caps,38,45,0.458,,1881
Cleveland Blues,36,48,0.429,20.0,1881
Worcester Ruby Legs,32,50,0.39,23.0,1881
Team | Roster,W,L,,,1881
Base on Balls,Providence,146,,,1881
Batting Average,Chicago,.295,,,1881
Doubles,Buffalo,157,,,1881
Doubles,Chicago,157,,,1881
Hits,Chicago,918,,,1881
Home Runs,Detroit,17,,,1881
On Base Percentage,Chicago,.325,,,1881
Runs,Chicago,550,,,1881
Slugging Average,Chicago,.380,,,1881
Triples,Detroit,53,,,1881
Complete Games,Troy,85,,,1881
ERA,Providence,2.40,,,1881
Fewest Hits Allowed,Chicago,722,,,1881
Fewest Home Runs Allowed,Providence,5,,,1881
Fewest Walks Allowed,Buffalo,89,,,1881
Saves,Boston,3,,,1881
Shutouts,Detroit,10,,,1881
Strikeouts,Detroit,265,,,1881
Base on Balls,George Gore,Chicago,29.0,,1882
Batting Average,Dan Brouthers,Buffalo,0.368,,1882
Doubles,King Kelly,Chicago,37.0,,1882
Hits,Dan Brouthers,Buffalo,129.0,,1882
Home Runs,George Wood,Detroit,7.0,,1882
On Base Percentage,Dan Brouthers,Buffalo,0.403,,1882
RBI,Cap Anson,Chicago,83.0,,1882
Runs,George Gore,Chicago,99.0,,1882
Slugging Average,Dan Brouthers,Buffalo,0.547,,1882
Total Bases,Dan Brouthers,Buffalo,192.0,,1882
Triples,Roger Connor,Troy,18.0,,1882
1882 N.L. History | Year-by-Year History,1882 N.L. History | Year-by-Year History,1882 N.L. History | Year-by-Year History,,,1882
Complete Games,Jim McCormick,Cleveland,65.0,,1882
ERA,Larry Corcoran,Chicago,1.95,,1882
Games,Jim McCormick,Cleveland,68.0,,1882
Saves,John Ward,Providence,1.0,,1882
Shutouts,Old Hoss Radbourn,Providence,6.0,,1882
Strikeouts,Old Hoss Radbourn,Providence,201.0,,1882
Winning Percentage,Larry Corcoran,Chicago,0.692,,1882
Wins,Jim McCormick,Cleveland,36.0,,1882
1882 N.L. History | Year-by-Year History,1882 N.L. History | Year-by-Year History,1882 N.L. History | Year-by-Year History,,,1882
1882 National League Team Standings,1882 National League Team Standings,1882 National League Team Standings,,,1882
Team | Roster,W,L,,,1882
Chicago White Stockings,55,29,0.655,0.0,1882
Providence Grays,52,32,0.619,3.0,1882
Buffalo Bisons,45,39,0.536,10.0,1882
Boston Red Caps,45,39,0.536,10.0,1882
Cleveland Blues,42,40,0.512,12.0,1882
Detroit Wolverines,42,41,0.506,,1882
Troy Trojans,35,48,0.422,,1882
Worcester Ruby Legs,18,66,0.214,37.0,1882
Team | Roster,W,L,,,1882
Base on Balls,Chicago,142,,,1882
Batting Average,Chicago,.277,,,1882
Doubles,Chicago,209,,,1882
Hits,Chicago,892,,,1882
Home Runs,Cleveland,20,,,1882
On Base Percentage,Chicago,.307,,,1882
Runs,Chicago,604,,,1882
Slugging Average,Chicago,.389,,,1882
Triples,Troy,59,,,1882
Complete Games,Chicago,83,,,1882
ERA,Chicago,2.22,,,1882
Fewest Hits Allowed,Chicago,667,,,1882
Fewest Home Runs Allowed,Boston,10,,,1882
Fewest Walks Allowed,Boston,77,,,1882
Saves,Providence,1,,,1882
Shutouts,Providence,10,,,1882
Strikeouts,Detroit,354,,,1882
Base on Balls,Tom York,Cleveland,37.0,,1883
Batting Average,Dan Brouthers,Buffalo,0.374,,1883
Doubles,Ned Williamson,Chicago,49.0,,1883
Hits,Dan Brouthers,Buffalo,159.0,,1883
Home Runs,Buck Ewing,New York,10.0,,1883
On Base Percentage,Dan Brouthers,Buffalo,0.397,,1883
RBI,Dan Brouthers,Buffalo,97.0,,1883
Runs,Joe Hornung,Boston,107.0,,1883
Slugging Average,Dan Brouthers,Buffalo,0.572,,1883
Total Bases,Dan Brouthers,Buffalo,243.0,,1883
Triples,Dan Brouthers,Buffalo,17.0,,1883
1883 N.L. History | 1883 A.A. History | Year-by-Year History,1883 N.L. History | 1883 A.A. History | Year-by-Year History,1883 N.L. History | 1883 A.A. History | Year-by-Year History,,,1883
Complete Games,Pud Galvin,Buffalo,72.0,,1883
ERA,Jim McCormick,Cleveland,1.84,,1883
Games,Pud Galvin,Buffalo,76.0,,1883
Games,Old Hoss Radbourn,Providence,76.0,,1883
Saves,Jim Whitney,Boston,2.0,,1883
Saves,Stump Wiedman,Detroit,2.0,,1883
Shutouts,Pud Galvin,Buffalo,5.0,,1883
Strikeouts,Jim Whitney,Boston,345.0,,1883
Winning Percentage,Jim McCormick,Cleveland,0.7,,1883
Wins,Old Hoss Radbourn,Providence,48.0,,1883
1883 N.L. History | 1883 A.A. History | Year-by-Year History,1883 N.L. History | 1883 A.A. History | Year-by-Year History,1883 N.L. History | 1883 A.A. History | Year-by-Year History,,,1883
1883 National League Team Standings 1883 Team Standings,1883 National League Team Standings 1883 Team Standings,1883 National League Team Standings 1883 Team Standings,,,1883
Team | Roster,W,L,,,1883
Boston Beaneaters,63,35,0.643,0.0,1883
Chicago White Stockings,59,39,0.602,4.0,1883
Providence Grays,58,40,0.592,5.0,1883
Cleveland Blues,55,42,0.567,,1883
Buffalo Bisons,52,45,0.536,,1883
New York Gothams,46,50,0.479,16.0,1883
Detroit Wolverines,40,58,0.408,23.0,1883
Philadelphia Phillies,17,81,0.173,46.0,1883
Team | Roster,W,L,,,1883
1883 National League Team Standings,1883 National League Team Standings,1883 National League Team Standings,,,1883
Base on Balls,Detroit,166,,,1883
Batting Average,Buffalo,.284,,,1883
Doubles,Chicago,277,,,1883
Hits,Buffalo,1058,,,1883
Home Runs,Boston,34,,,1883
On Base Percentage,Buffalo,.311,,,1883
Runs,Chicago,679,,,1883
Slugging Average,Boston,.408,,,1883
Triples,Boston,86,,,1883
Complete Games,Cleveland,92,,,1883
ERA,Cleveland,2.22,,,1883
Fewest Hits Allowed,Cleveland,818,,,1883
Fewest Home Runs Allowed,Cleveland,7,,,1883
Fewest Walks Allowed,Boston,90,,,1883
Saves,Boston,3,,,1883
Shutouts,Boston,6,,,1883
Strikeouts,Boston,538,,,1883
Base on Balls,George Gore,Chicago,61.0,,1884
Batting Average,King Kelly,Chicago,0.354,,1884
Doubles,Paul Hines,Providence,36.0,,1884
Hits,Jim O'Rourke,Buffalo,162.0,,1884
Hits,Ezra Sutton,Boston,162.0,,1884
Home Runs,Ned Williamson,Chicago,27.0,,1884
On Base Percentage,King Kelly,Chicago,0.414,,1884
RBI,Cap Anson,Chicago,102.0,,1884
Runs,King Kelly,Chicago,120.0,,1884
Slugging Average,Dan Brouthers,Buffalo,0.563,,1884
Total Bases,Abner Dalrymple,Chicago,263.0,,1884
Triples,Buck Ewing,New York,20.0,,1884
1884 N.L. History | 1884 A.A. History | Year-by-Year History,1884 N.L. History | 1884 A.A. History | Year-by-Year History,1884 N.L. History | 1884 A.A. History | Year-by-Year History,,,1884
Complete Games,Old Hoss Radbourn,Providence,73.0,,1884
ERA,Old Hoss Radbourn,Providence,1.38,,1884
Games,Old Hoss Radbourn,Providence,75.0,,1884
Saves,John Morrill,Boston,2.0,,1884
Shutouts,Pud Galvin,Buffalo,12.0,,1884
Strikeouts,Old Hoss Radbourn,Providence,441.0,,1884
Winning Percentage,Old Hoss Radbourn,Providence,0.831,,1884
Wins,Old Hoss Radbourn,Providence,59.0,,1884
1884 N.L. History | 1884 A.A. History | Year-by-Year History,1884 N.L. History | 1884 A.A. History | Year-by-Year History,1884 N.L. History | 1884 A.A. History | Year-by-Year History,,,1884
1884 National League Team Standings,1884 National League Team Standings,1884 National League Team Standings,,,1884
Team | Roster,W,L,,,1884
Providence Grays,84,28,0.75,0.0,1884
Boston Beaneaters,73,38,0.658,,1884
Buffalo Bisons,64,47,0.577,,1884
New York Gothams,62,50,0.554,22.0,1884
Chicago White Stockings,62,50,0.554,22.0,1884
Philadelphia Phillies,39,73,0.348,45.0,1884
Cleveland Blues,35,77,0.313,49.0,1884
Detroit Wolverines,28,84,0.25,56.0,1884
Team | Roster,W,L,,,1884
Base on Balls,Providence,300,,,1884
Batting Average,Chicago,.281,,,1884
Doubles,Boston,179,,,1884
Hits,Chicago,1176,,,1884
Home Runs,Chicago,142,,,1884
On Base Percentage,Chicago,.324,,,1884
Runs,Chicago,834,,,1884
Slugging Average,Chicago,.446,,,1884
Triples,Buffalo,69,,,1884
Complete Games,New York,111,,,1884
ERA,Providence,1.61,,,1884
Fewest Hits Allowed,Providence,825,,,1884
Fewest Home Runs Allowed,Providence,26,,,1884
Fewest Walks Allowed,Boston,135,,,1884
Saves,Boston,2,,,1884
Saves,Providence,2,,,1884
Shutouts,Providence,16,,,1884
Strikeouts,Boston,742,,,1884
Base on Balls,Ned Williamson,Chicago,75.0,,1885
Batting Average,Roger Connor,New York,0.371,,1885
Doubles,Cap Anson,Chicago,35.0,,1885
Hits,Roger Connor,New York,169.0,,1885
Home Runs,Abner Dalrymple,Chicago,11.0,,1885
On Base Percentage,Roger Connor,New York,0.435,,1885
RBI,Cap Anson,Chicago,108.0,,1885
Runs,King Kelly,Chicago,124.0,,1885
Slugging Average,Dan Brouthers,Buffalo,0.543,,1885
Total Bases,Roger Connor,New York,225.0,,1885
Triples,Jim O'Rourke,New York,16.0,,1885
1885 N.L. History | 1885 A.A. History | Year-by-Year History,1885 N.L. History | 1885 A.A. History | Year-by-Year History,1885 N.L. History | 1885 A.A. History | Year-by-Year History,,,1885
Complete Games,John Clarkson,Chicago,68.0,,1885
ERA,Tim Keefe,New York,1.58,,1885
Games,John Clarkson,Chicago,70.0,,1885
Saves,Fred Pfeffer,Chicago,2.0,,1885
Saves,Ned Williamson,Chicago,2.0,,1885
Shutouts,John Clarkson,Chicago,10.0,,1885
Strikeouts,John Clarkson,Chicago,308.0,,1885
Winning Percentage,Mickey Welch,New York,0.8,,1885
Wins,John Clarkson,Chicago,53.0,,1885
1885 N.L. History | 1885 A.A. History | Year-by-Year History,1885 N.L. History | 1885 A.A. History | Year-by-Year History,1885 N.L. History | 1885 A.A. History | Year-by-Year History,,,1885
1885 National League Team Standings,1885 National League Team Standings,1885 National League Team Standings,,,1885
Team | Roster,W,L,,,1885
Chicago White Stockings,87,25,0.777,0.0,1885
New York Giants,85,27,0.759,2.0,1885
Philadelphia Phillies,56,54,0.509,30.0,1885
Providence Grays,53,57,0.482,33.0,1885
Boston Beaneaters,46,66,0.411,41.0,1885
Detroit Wolverines,41,67,0.38,44.0,1885
Buffalo Bisons,38,74,0.339,49.0,1885
St. Louis Maroons,36,72,0.333,49.0,1885
Team | Roster,W,L,,,1885
1885 National League Team Standings,1885 National League Team Standings,1885 National League Team Standings,,,1885
Base on Balls,Chicago,340,,,1885
Batting Average,New York,.269,,,1885
Doubles,Chicago,184,,,1885
Hits,New York,1085,,,1885
Home Runs,Chicago,54,,,1885
On Base Percentage,Chicago,.320,,,1885
Runs,Chicago,834,,,1885
Slugging Average,Chicago,.385,,,1885
Triples,New York,82,,,1885
Complete Games,Boston,111,,,1885
ERA,New York,1.72,,,1885
Fewest Hits Allowed,New York,758,,,1885
Fewest Home Runs Allowed,New York,11,,,1885
Fewest Walks Allowed,Boston,188,,,1885
Saves,Chicago,4,,,1885
Shutouts,New York,16,,,1885
Strikeouts,New York,516,,,1885
Base on Balls,George Gore,Chicago,102.0,,1886
Batting Average,King Kelly,Chicago,0.388,,1886
Doubles,Dan Brouthers,Detroit,40.0,,1886
Hits,Hardy Richardson,Detroit,189.0,,1886
Home Runs,Dan Brouthers,Detroit,11.0,,1886
Home Runs,Hardy Richardson,Detroit,11.0,,1886
On Base Percentage,King Kelly,Chicago,0.483,,1886
RBI,Cap Anson,Chicago,147.0,,1886
Runs,King Kelly,Chicago,155.0,,1886
Slugging Average,Dan Brouthers,Detroit,0.581,,1886
Total Bases,Dan Brouthers,Detroit,284.0,,1886
Triples,Roger Connor,New York,20.0,,1886
Complete Games,Tim Keefe,New York,62.0,,1886
ERA,Henry Boyle,St. Louis,1.76,,1886
Games,Tim Keefe,New York,64.0,,1886
Saves,Charlie Ferguson,Philadelphia,2.0,,1886
Shutouts,Lady Baldwin,Detroit,7.0,,1886
Strikeouts,Lady Baldwin,Detroit,323.0,,1886
Winning Percentage,Jocko Flynn,Chicago,0.793,,1886
Wins,Lady Baldwin,Detroit,42.0,,1886
Wins,Tim Keefe,New York,42.0,,1886
1886 National League Team Standings,1886 National League Team Standings,1886 National League Team Standings,,,1886
Team | Roster,W,L,,,1886
Chicago White Stockings,90,34,0.726,0.0,1886
Detroit Wolverines,87,36,0.707,,1886
New York Giants,75,44,0.63,,1886
Philadelphia Phillies,71,43,0.623,14.0,1886
Boston Beaneaters,56,61,0.479,,1886
St. Louis Maroons,43,79,0.352,46.0,1886
Kansas City Cowboys,30,91,0.248,,1886
Washington Senators,28,92,0.233,60.0,1886
Team | Roster,W,L,,,1886
Base on Balls,Chicago,460,,,1886
Batting Average,Detroit,.280,,,1886
Doubles,Chicago,198,,,1886
Hits,Detroit,1260,,,1886
Home Runs,Chicago,53,,,1886
Home Runs,Detroit,53,,,1886
On Base Percentage,Chicago,.348,,,1886
Runs,Chicago,900,,,1886
Slugging Average,Chicago,.401,,,1886
Triples,Chicago,87,,,1886
Complete Games,Detroit,122,,,1886
ERA,Philadelphia,2.45,,,1886
Fewest Hits Allowed,Philadelphia,923,,,1886
Fewest Home Runs Allowed,Detroit,20,,,1886
Fewest Walks Allowed,Kansas City,246,,,1886
Saves,Chicago,3,,,1886
Shutouts,Philadelphia,10,,,1886
Strikeouts,Chicago,647,,,1886
Base on Balls,Jim Fogarty,Philadelphia,82.0,,1887
Batting Average,Cap Anson,Chicago,0.347,,1887
Doubles,Dan Brouthers,Detroit,36.0,,1887
Hits,Sam Thompson,Detroit,203.0,,1887
Home Runs,Billy O'Brien,Washington,19.0,,1887
On Base Percentage,Dan Brouthers,Detroit,0.426,,1887
RBI,Sam Thompson,Detroit,166.0,,1887
Runs,Dan Brouthers,Detroit,153.0,,1887
Slugging Average,Sam Thompson,Detroit,0.571,,1887
Total Bases,Sam Thompson,Detroit,311.0,,1887
Triples,Sam Thompson,Detroit,23.0,,1887
Complete Games,John Clarkson,Chicago,56.0,,1887
ERA,Dan Casey,Philadelphia,2.86,,1887
Games,John Clarkson,Chicago,60.0,,1887
Saves,Lady Baldwin,Chicago,1.0,,1887
Saves,Charlie Ferguson,Indianapolis,1.0,,1887
Saves,Bob Pettit,Chicago,1.0,,1887
Saves,Bill Stemmeyer,Boston,1.0,,1887
Saves,Mike Tiernan,New York,1.0,,1887
Saves,Larry Twitchell,Detroit,1.0,,1887
Saves,George Van Haltren,Chicago,1.0,,1887
Shutouts,Dan Casey,Philadelphia,4.0,,1887
Strikeouts,John Clarkson,Chicago,237.0,,1887
Winning Percentage,Charlie Getzien,Detroit,0.69,,1887
Wins,John Clarkson,Chicago,38.0,,1887
1887 National League Team Standings,1887 National League Team Standings,1887 National League Team Standings,,,1887
Team [Click for roster],Wins,Losses,,,1887
Detroit Wolverines,79,45,0.637,0.0,1887
Philadelphia Phillies,75,48,0.61,,1887
Chicago White Stockings,71,50,0.587,,1887
New York Giants,68,55,0.553,,1887
Boston Beaneaters,61,60,0.504,,1887
Pittsburgh Alleghenys,55,69,0.444,24.0,1887
Washington Senators,46,76,0.377,32.0,1887
Indianapolis Hoosiers,37,89,0.294,43.0,1887
Base on Balls,Chicago,407,,,1887
Batting Average,Detroit,.299,,,1887
Doubles,Detroit,213,,,1887
Doubles,Philadelphia,213,,,1887
Hits,Detroit,1404,,,1887
Home Runs,Chicago,80,,,1887
On Base Percentage,Detroit,.353,,,1887
Runs,Detroit,969,,,1887
Slugging Average,Detroit,.434,,,1887
Triples,Detroit,126,,,1887
Complete Games,Washington,124,,,1887
ERA,Chicago,3.46,,,1887
Fewest Hits Allowed,New York,1096,,,1887
Fewest Home Runs Allowed,New York,27,,,1887
Fewest Walks Allowed,Pittsburgh,246,,,1887
Saves,Chicago,3,,,1887
Shutouts,Philadelphia,7,,,1887
Strikeouts,Chicago,510,,,1887
Base on Balls,Roger Connor,New York,73.0,,1888
Batting Average,Cap Anson,Chicago,0.344,,1888
Doubles,Dan Brouthers,Detroit,33.0,,1888
Doubles,Jimmy Ryan,Chicago,33.0,,1888
Hits,Jimmy Ryan,Chicago,182.0,,1888
Home Runs,Jimmy Ryan,Chicago,16.0,,1888
On Base Percentage,Cap Anson,Chicago,0.4,,1888
RBI,Cap Anson,Chicago,84.0,,1888
Runs,Dan Brouthers,Detroit,118.0,,1888
Slugging Average,Jimmy Ryan,Chicago,0.515,,1888
Total Bases,Jimmy Ryan,Chicago,283.0,,1888
Triples,Dick Johnston,Boston,18.0,,1888
Complete Games,Ed Morris,Pittsburgh,54.0,,1888
ERA,Tim Keefe,New York,1.74,,1888
Games,Ed Morris,Pittsburgh,55.0,,1888
Saves,George Wood,Philadelphia,2.0,,1888
Shutouts,Tim Keefe,New York,8.0,,1888
Shutouts,Ben Sanders,Philadelphia,8.0,,1888
Strikeouts,Tim Keefe,New York,335.0,,1888
Winning Percentage,Tim Keefe,New York,0.745,,1888
Wins,Tim Keefe,New York,35.0,,1888
1888 National League Team Standings,1888 National League Team Standings,1888 National League Team Standings,,,1888
Team [Click for roster],Wins,Losses,,,1888
New York Giants,84,47,0.641,0.0,1888
Chicago White Stockings,77,58,0.57,9.0,1888
Philadelphia Phillies,69,61,0.531,,1888
Boston Beaneaters,70,64,0.522,,1888
Detroit Wolverines,68,63,0.519,16.0,1888
Pittsburgh Alleghenys,66,68,0.493,,1888
Indianapolis Hoosiers,50,85,0.37,36.0,1888
Washington Senators,48,86,0.358,,1888
Base on Balls,Detroit,307,,,1888
Batting Average,Detroit,.263,,,1888
Doubles,Indianapolis,180,,,1888
Hits,Detroit,1275,,,1888
Home Runs,Chicago,77,,,1888
On Base Percentage,Detroit,.313,,,1888
Runs,Chicago,734,,,1888
Slugging Average,Chicago,.383,,,1888
Triples,Chicago,95,,,1888
Complete Games,Pittsburgh,135,,,1888
ERA,New York,1.96,,,1888
Fewest Hits Allowed,New York,907,,,1888
Fewest Home Runs Allowed,Pittsburgh,23,,,1888
Fewest Walks Allowed,Detroit,183,,,1888
Saves,Philadelphia,3,,,1888
Shutouts,New York,20,,,1888
Strikeouts,New York,726,,,1888
Base on Balls,Mike Tiernan,New York,96.0,,1889
Batting Average,Dan Brouthers,Boston,0.373,,1889
Doubles,King Kelly,Boston,41.0,,1889
Hits,Jack Glasscock,Indianapolis,205.0,,1889
Home Runs,Sam Thompson,Philadelphia,20.0,,1889
On Base Percentage,Fred Carroll,Pittsburgh,0.486,,1889
RBI,Roger Connor,New York,130.0,,1889
Runs,Mike Tiernan,New York,147.0,,1889
Slugging Average,Roger Connor,New York,0.528,,1889
Total Bases,Jimmy Ryan,Chicago,297.0,,1889
Triples,Walt Wilmot,Washington,19.0,,1889
1889 N.L. History | 1889 A.A. History | Year-by-Year History,1889 N.L. History | 1889 A.A. History | Year-by-Year History,1889 N.L. History | 1889 A.A. History | Year-by-Year History,,,1889
Complete Games,John Clarkson,Boston,68.0,,1889
ERA,John Clarkson,Boston,2.73,,1889
Games,John Clarkson,Boston,73.0,,1889
Saves,Bill Bishop,Chicago,2.0,,1889
Saves,Bill Sowders,Boston,2.0,,1889
Saves,Mickey Welch,New York,2.0,,1889
Shutouts,John Clarkson,Boston,8.0,,1889
Strikeouts,John Clarkson,Boston,284.0,,1889
Winning Percentage,John Clarkson,Boston,0.721,,1889
Wins,John Clarkson,Boston,49.0,,1889
1889 N.L. History | 1889 A.A. History | Year-by-Year History,1889 N.L. History | 1889 A.A. History | Year-by-Year History,1889 N.L. History | 1889 A.A. History | Year-by-Year History,,,1889
1889 National League Team Standings,1889 National League Team Standings,1889 National League Team Standings,,,1889
Team | Roster,W,L,,,1889
New York Giants,83,43,0.659,0.0,1889
Boston Beaneaters,83,45,0.648,1.0,1889
Chicago White Stockings,67,65,0.508,19.0,1889
Philadelphia Phillies,63,64,0.496,,1889
Pittsburgh Alleghenys,61,71,0.462,25.0,1889
Cleveland Spiders,61,72,0.459,,1889
Indianapolis Hoosiers,59,75,0.44,28.0,1889
Washington Senators,41,83,0.331,41.0,1889
Team | Roster,W,L,,,1889
1889 National League Team Standings,1889 National League Team Standings,1889 National League Team Standings,,,1889
Base on Balls,New York,538,,,1889
Batting Average,New York,.282,,,1889
Doubles,Indianapolis,228,,,1889
Hits,Indianapolis,1356,,,1889
Home Runs,Chicago,79,,,1889
On Base Percentage,New York,.360,,,1889
Runs,New York,935,,,1889
Slugging Average,New York,.393,,,1889
Triples,New York,77,,,1889
Complete Games,Cleveland,132,,,1889
ERA,Boston,3.36,,,1889
Fewest Hits Allowed,New York,1073,,,1889
Fewest Home Runs Allowed,Philadelphia,33,,,1889
Fewest Walks Allowed,Pittsburgh,374,,,1889
Saves,Boston,4,,,1889
Shutouts,Boston,10,,,1889
Strikeouts,New York,558,,,1889
Base on Balls,Cap Anson,Chicago,113.0,,1890
Batting Average,Jack Glasscock,New York,0.336,,1890
Doubles,Sam Thompson,Philadelphia,41.0,,1890
Hits,Jack Glasscock,New York,172.0,,1890
Hits,Sam Thompson,New York,172.0,,1890
Home Runs,Oyster Burns,Brooklyn,13.0,,1890
Home Runs,Mike Tiernan,New York,13.0,,1890
Home Runs,Walt Wilmot,Chicago,13.0,,1890
On Base Percentage,Cap Anson,Chicago,0.443,,1890
RBI,Oyster Burns,Brooklyn,128.0,,1890
Runs,Hub Collins,Brooklyn,148.0,,1890
Slugging Average,Mike Tiernan,New York,0.495,,1890
Total Bases,Mike Tiernan,New York,274.0,,1890
Triples,John Reilly,Cincinnati,26.0,,1890
1890 N.L. History | 1890 A.A. History | Year-by-Year History,1890 N.L. History | 1890 A.A. History | Year-by-Year History,1890 N.L. History | 1890 A.A. History | Year-by-Year History,,,1890
Complete Games,Bill Hutchison,Chicago,65.0,,1890
ERA,Billy Rhines,Cincinnati,1.95,,1890
Games,Bill Hutchison,Chicago,71.0,,1890
Saves,Dave Foutz,Brooklyn,2.0,,1890
Saves,Kid Gleason,Philadelphia,2.0,,1890
Saves,Bill Hutchison,Chicago,2.0,,1890
Shutouts,Kid Nichols,Boston,7.0,,1890
Strikeouts,Amos Rusie,New York,341.0,,1890
Winning Percentage,Tom Lovett,Brooklyn,0.732,,1890
Wins,Bill Hutchison,Chicago,42.0,,1890
1890 N.L. History | 1890 A.A. History | Year-by-Year History,1890 N.L. History | 1890 A.A. History | Year-by-Year History,1890 N.L. History | 1890 A.A. History | Year-by-Year History,,,1890
1890 National League Team Standings,1890 National League Team Standings,1890 National League Team Standings,,,1890
Team | Roster,W,L,,,1890
Brooklyn Bridegrooms,86,43,0.0,0.667,1890
Chicago Colts,83,53,2.0,0.613,1890
Philadelphia Phillies,78,53,1.0,0.591,1890
Cincinnati Reds,77,55,2.0,0.583,1890
Boston Beaneaters,76,57,1.0,0.571,1890
New York Giants,63,68,4.0,0.481,1890
Cleveland Spiders,44,88,4.0,0.333,1890
Pittsburgh Alleghenys,23,113,2.0,0.169,1890
Team | Roster,W,L,,,1890
1890 National League Team Standings,1890 National League Team Standings,1890 National League Team Standings,,,1890
Base on Balls,Boston,530,,,1890
Batting Average,Philadelphia,.269,,,1890
Doubles,Philadelphia,220,,,1890
Hits,Chicago,1271,,,1890
Home Runs,Chicago,67,,,1890
On Base Percentage,Philadelphia,.350,,,1890
Runs,Brooklyn,884,,,1890
Slugging Average,Brooklyn,.369,,,1890
Triples,Cincinnati,120,,,1890
Complete Games,Boston,132,,,1890
ERA,Cincinnati,2.79,,,1890
Fewest Hits Allowed,New York,1029,,,1890
Fewest Home Runs Allowed,New York,14,,,1890
Fewest Walks Allowed,Boston,354,,,1890
Saves,Chicago,3,,,1890
Shutouts,Boston,13,,,1890
Strikeouts,New York,612,,,1890
Base on Balls,Billy Hamilton,Philadelphia,102.0,,1891
Batting Average,Billy Hamilton,Philadelphia,0.34,,1891
Doubles,Mike Griffin,Brooklyn,36.0,,1891
Hits,Billy Hamilton,Philadelphia,179.0,,1891
Home Runs,Harry Stovey,Boston,16.0,,1891
Home Runs,Mike Tiernan,New York,16.0,,1891
On Base Percentage,Billy Hamilton,Philadelphia,0.453,,1891
RBI,Cap Anson,Chicago,120.0,,1891
Runs,Billy Hamilton,Philadelphia,141.0,,1891
Slugging Average,Harry Stovey,Boston,0.498,,1891
Stolen Bases,Billy Hamilton,Philadelphia,111.0,,1891
Total Bases,Harry Stovey,Boston,271.0,,1891
Triples,Harry Stovey,Boston,20.0,,1891
1891 N.L. History | 1891 A.A. History | Year-by-Year History,1891 N.L. History | 1891 A.A. History | Year-by-Year History,1891 N.L. History | 1891 A.A. History | Year-by-Year History,,,1891
Complete Games,Bill Hutchison,Chicago,56.0,,1891
ERA,John Ewing,New York,2.27,,1891
Games,Bill Hutchison,Chicago,66.0,,1891
Saves,John Clarkson,Boston,3.0,,1891
Saves,Kid Nichols,Boston,3.0,,1891
Shutouts,Amos Rusie,New York,6.0,,1891
Strikeouts,Amos Rusie,New York,337.0,,1891
Winning Percentage,John Ewing,New York,0.724,,1891
Wins,Bill Hutchison,Chicago,44.0,,1891
1891 N.L. History | 1891 A.A. History | Year-by-Year History,1891 N.L. History | 1891 A.A. History | Year-by-Year History,1891 N.L. History | 1891 A.A. History | Year-by-Year History,,,1891
1891 National League Team Standings,1891 National League Team Standings,1891 National League Team Standings,,,1891
Team | Roster,W,L,,,1891
Boston Beaneaters,87,51,0.63,0.0,1891
Chicago Colts,82,53,0.607,,1891
New York Giants,71,61,0.538,13.0,1891
Philadelphia Phillies,68,69,0.496,,1891
Cleveland Spiders,65,74,0.468,,1891
Brooklyn Bridegrooms,61,76,0.455,,1891
Cincinnati Reds,56,81,0.409,,1891
Pittsburgh Pirates,55,80,0.407,,1891
Team | Roster,W,L,,,1891
1891 National League Team Standings,1891 National League Team Standings,1891 National League Team Standings,,,1891
Base on Balls,Boston,533,,,1891
Batting Average,New York,.263,,,1891
Doubles,Brooklyn,200,,,1891
Hits,Cleveland,1295,,,1891
Home Runs,Chicago,60,,,1891
On Base Percentage,Boston,.337,,,1891
Runs,Boston,847,,,1891
Slugging Average,New York,.360,,,1891
Stolen Bases,Brooklyn,337,,,1891
Triples,Cincinnati,90,,,1891
Complete Games,Boston,126,,,1891
ERA,Boston,2.76,,,1891
Fewest Hits Allowed,New York,1098,,,1891
Fewest Home Runs Allowed,Cleveland,24,,,1891
Fewest Walks Allowed,Boston,364,,,1891
Saves,Boston,6,,,1891
Shutouts,New York,11,,,1891
Strikeouts,New York,651,,,1891
Base on Balls,Jack Crooks,St. Louis,136.0,,1892
Batting Average,Dan Brouthers,Brooklyn,0.335,,1892
Doubles,Roger Connor,Philadelphia,37.0,,1892
Hits,Dan Brouthers,Brooklyn,197.0,,1892
Home Runs,Bug Holliday,Cincinnati,13.0,,1892
On Base Percentage,Cupid Childs,Cleveland,0.443,,1892
RBI,Dan Brouthers,Brooklyn,124.0,,1892
Runs,Cupid Childs,Cleveland,136.0,,1892
Slugging Average,Ed Delahanty,Philadelphia,0.495,,1892
Stolen Bases,John Ward,Brooklyn,88.0,,1892
Total Bases,Dan Brouthers,Brooklyn,282.0,,1892
Triples,Ed Delahanty,Philadelphia,21.0,,1892
1892 N.L. History | Year-by-Year History,1892 N.L. History | Year-by-Year History,1892 N.L. History | Year-by-Year History,,,1892
Complete Games,Bill Hutchison,Chicago,67.0,,1892
ERA,Cy Young,Cleveland,1.93,,1892
Games,Bill Hutchison,Chicago,75.0,,1892
Saves,Gus Weyhing,Philadelphia,3.0,,1892
Shutouts,Cy Young,Cleveland,9.0,,1892
Strikeouts,Bill Hutchison,Chicago,314.0,,1892
Winning Percentage,Mike Sullivan,Cincinnati,0.75,,1892
Winning Percentage,Cy Young,Cleveland,0.75,,1892
Wins,Bill Hutchison,Chicago,36.0,,1892
Wins,Cy Young,Cleveland,36.0,,1892
1892 N.L. History | Year-by-Year History,1892 N.L. History | Year-by-Year History,1892 N.L. History | Year-by-Year History,,,1892
1892 National League Team Standings,1892 National League Team Standings,1892 National League Team Standings,,,1892
Team | Roster,Splits,W,,,1892
Boston Beaneaters,(a),52,22.0,0.703,1892
Boston Beaneaters,(b),50,26.0,0.658,1892
Boston Beaneaters,Final,102,48.0,0.68,1892
Cleveland Spiders,(a),40,33.0,0.548,1892
Cleveland Spiders,(b),53,23.0,0.697,1892
Cleveland Spiders,Final,93,56.0,0.624,1892
Brooklyn Bridegrooms,(a),51,26.0,0.662,1892
Brooklyn Bridegrooms,(b),44,33.0,0.571,1892
Brooklyn Bridegrooms,Final,95,59.0,0.617,1892
Philadelphia Phillies,(a),46,30.0,0.605,1892
Philadelphia Phillies,(b),41,36.0,0.532,1892
Philadelphia Phillies,Final,87,66.0,0.569,1892
Cincinnati Reds,(a),44,31.0,0.587,1892
Cincinnati Reds,(b),38,37.0,0.507,1892
Cincinnati Reds,Final,82,68.0,0.547,1892
Pittsburgh Pirates,(a),37,39.0,0.487,1892
Pittsburgh Pirates,(b),43,34.0,0.558,1892
Pittsburgh Pirates,Final,80,73.0,0.523,1892
Chicago Colts,(a),31,39.0,0.443,1892
Chicago Colts,(b),39,37.0,0.513,1892
Chicago Colts,Final,70,76.0,0.479,1892
New York Giants,(a),31,43.0,0.419,1892
New York Giants,(b),40,37.0,0.519,1892
New York Giants,Final,71,80.0,0.47,1892
Louisville Colonels,(a),30,47.0,0.39,1892
Louisville Colonels,(b),33,42.0,0.44,1892
Louisville Colonels,Final,63,89.0,0.414,1892
Washington Senators,(a),35,41.0,0.461,1892
Washington Senators,(b),23,52.0,0.307,1892
Washington Senators,Final,58,93.0,0.384,1892
St. Louis Browns,(a),31,42.0,0.425,1892
St. Louis Browns,(b),25,52.0,0.325,1892
St. Louis Browns,Final,56,94.0,0.373,1892
Baltimore Orioles,(a),20,55.0,0.267,1892
Baltimore Orioles,(b),26,46.0,0.361,1892
Baltimore Orioles,Final,46,101.0,0.313,1892
Team | Roster,Splits,W,,,1892
1892 National League Team Standings,1892 National League Team Standings,1892 National League Team Standings,,,1892
Base on Balls,Brooklyn,629,,,1892
Batting Average,Brooklyn,.262,,,1892
Doubles,Philadelphia,225,,,1892
Hits,Brooklyn,1439,,,1892
Home Runs,Philadelphia,50,,,1892
On Base Percentage,Brooklyn,.344,,,1892
Runs,Brooklyn,935,,,1892
Slugging Average,Philadelphia,.367,,,1892
Stolen Bases,Brooklyn,409,,,1892
Triples,Baltimore,111,,,1892
Complete Games,Louisville,147,,,1892
ERA,Cleveland,2.41,,,1892
Fewest Hits Allowed,Boston,1156,,,1892
Fewest Home Runs Allowed,Philadelphia,24,,,1892
Fewest Walks Allowed,Cleveland,413,,,1892
Saves,Brooklyn,5,,,1892
Saves,Philadelphia,5,,,1892
Shutouts,Boston,15,,,1892
Strikeouts,New York,650,,,1892
Base on Balls,Jack Crooks,St. Louis,121.0,,1893
Batting Average,Hugh Duffy,Boston,0.363,,1893
Doubles,Sam Thompson,Philadelphia,37.0,,1893
Hits,Sam Thompson,Philadelphia,222.0,,1893
Home Runs,Ed Delahanty,Philadelphia,19.0,,1893
On Base Percentage,Billy Hamilton,Philadelphia,0.49,,1893
RBI,Ed Delahanty,Philadelphia,146.0,,1893
Runs,Herman Long,Boston,149.0,,1893
Slugging Average,Ed Delahanty,Philadelphia,0.583,,1893
Stolen Bases,Tom Brown,Louisville,66.0,,1893
Total Bases,Ed Delahanty,Philadelphia,347.0,,1893
Triples,Perry Werden,St. Louis,29.0,,1893
1893 N.L. History | Year-by-Year History,1893 N.L. History | Year-by-Year History,1893 N.L. History | Year-by-Year History,,,1893
Complete Games,Amos Rusie,New York,50.0,,1893
ERA,Ted Breitenstein,St. Louis,3.18,,1893
Games,Amos Rusie,New York,56.0,,1893
Saves,Mark Baldwin,New York,2.0,,1893
Saves,Tom Colcolough,Pittsburgh,2.0,,1893
Saves,Frank Donnelly,Chicago,2.0,,1893
Saves,Frank Dwyer,Cincinnati,2.0,,1893
Saves,Tony Mullane,Cincinnati,2.0,,1893
Saves,Tony Mullane,Baltimore,2.0,,1893
Shutouts,Red Ehret,Pittsburgh,4.0,,1893
Shutouts,Amos Rusie,New York,4.0,,1893
Strikeouts,Amos Rusie,New York,208.0,,1893
Winning Percentage,Hank Gastright,Pittsburgh,0.75,,1893
Winning Percentage,Hank Gastright,Boston,0.75,,1893
Wins,Frank Killen,Pittsburgh,36.0,,1893
1893 N.L. History | Year-by-Year History,1893 N.L. History | Year-by-Year History,1893 N.L. History | Year-by-Year History,,,1893
1893 National League Team Standings,1893 National League Team Standings,1893 National League Team Standings,,,1893
Team | Roster,W,L,,,1893
Boston Beaneaters,86,43,0.667,0.0,1893
Pittsburgh Pirates,81,48,0.628,5.0,1893
Cleveland Spiders,73,55,0.57,,1893
Philadelphia Phillies,72,57,0.558,14.0,1893
New York Giants,68,64,0.515,,1893
Cincinnati Reds,65,63,0.508,,1893
Brooklyn Bridegrooms,65,63,0.508,,1893
Baltimore Orioles,60,70,0.462,,1893
Chicago Colts,56,71,0.441,29.0,1893
St. Louis Browns,57,75,0.432,,1893
Louisville Colonels,50,75,0.4,34.0,1893
Washington Senators,40,89,0.31,46.0,1893
Team | Roster,W,L,,,1893
1893 N.L. History | Year-by-Year History,1893 N.L. History | Year-by-Year History,1893 N.L. History | Year-by-Year History,,,1893
Base on Balls,Boston,561,,,1893
Batting Average,Philadelphia,.301,,,1893
Doubles,Philadelphia,246,,,1893
Hits,Philadelphia,1553,,,1893
Home Runs,Philadelphia,80,,,1893
On Base Percentage,Pittsburgh,.377,,,1893
Runs,Philadelphia,1011,,,1893
Slugging Average,Philadelphia,.431,,,1893
Stolen Bases,New York,299,,,1893
Triples,Pittsburgh,127,,,1893
Complete Games,Boston,114,,,1893
Complete Games,St. Louis,114,,,1893
ERA,St. Louis,4.06,,,1893
Fewest Hits Allowed,Pittsburgh,1232,,,1893
Fewest Home Runs Allowed,Chicago,26,,,1893
Fewest Walks Allowed,Cleveland,356,,,1893
Saves,Chicago,5,,,1893
Saves,Cincinnati,5,,,1893
Shutouts,Pittsburgh,8,,,1893
Strikeouts,New York,395,,,1893
Base on Balls,Billy Hamilton,Philadelphia,126.0,,1894
Batting Average,Hugh Duffy,Boston,0.44,,1894
Doubles,Hugh Duffy,Boston,51.0,,1894
Hits,Hugh Duffy,Boston,237.0,,1894
Home Runs,Hugh Duffy,Boston,18.0,,1894
On Base Percentage,Billy Hamilton,Philadelphia,0.523,,1894
RBI,Hugh Duffy,Boston,145.0,,1894
Runs,Billy Hamilton,Philadelphia,192.0,,1894
Slugging Average,Hugh Duffy,Boston,0.694,,1894
Stolen Bases,Billy Hamilton,Philadelphia,98.0,,1894
Total Bases,Hugh Duffy,Boston,374.0,,1894
Triples,Heinie Reitz,Baltimore,31.0,,1894
1894 N.L. History | Year-by-Year History,1894 N.L. History | Year-by-Year History,1894 N.L. History | Year-by-Year History,,,1894
Complete Games,Ted Breitenstein,St. Louis,46.0,,1894
ERA,Amos Rusie,New York,2.78,,1894
Games,Ted Breitenstein,St. Louis,56.0,,1894
Saves,Tony Mullane,Baltimore,4.0,,1894
Saves,Tony Mullane,Cleveland,4.0,,1894
Shutouts,Nig Cuppy,Cleveland,3.0,,1894
Shutouts,Kid Nichols,Boston,3.0,,1894
Shutouts,Amos Rusie,New York,3.0,,1894
Strikeouts,Amos Rusie,New York,195.0,,1894
Winning Percentage,Jouett Meekin,New York,0.786,,1894
Wins,Amos Rusie,New York,36.0,,1894
1894 N.L. History | Year-by-Year History,1894 N.L. History | Year-by-Year History,1894 N.L. History | Year-by-Year History,,,1894
1894 National League Team Standings,1894 National League Team Standings,1894 National League Team Standings,,,1894
Team | Roster,W,L,,,1894
Baltimore Orioles,89,39,0.695,0.0,1894
New York Giants,88,44,0.667,3.0,1894
Boston Beaneaters,83,49,0.629,8.0,1894
Philadelphia Phillies,71,57,0.555,18.0,1894
Brooklyn Bridegrooms,70,61,0.534,,1894
Cleveland Spiders,68,61,0.527,,1894
Pittsburgh Pirates,65,65,0.5,25.0,1894
Chicago Colts,57,75,0.432,34.0,1894
St. Louis Browns,56,76,0.424,35.0,1894
Cincinnati Reds,55,75,0.423,35.0,1894
Washington Senators,45,87,0.341,46.0,1894
Louisville Colonels,36,94,0.277,54.0,1894
Team | Roster,W,L,,,1894
1894 National League Team Standings,1894 National League Team Standings,1894 National League Team Standings,,,1894
Base on Balls,Washington,617,,,1894
Batting Average,Philadelphia,.349,,,1894
Doubles,Boston,272,,,1894
Hits,Philadelphia,1732,,,1894
Home Runs,Boston,103,,,1894
On Base Percentage,Baltimore,.418,,,1894
Runs,Boston,1220,,,1894
Slugging Average,Boston,.484,,,1894
Stolen Bases,Chicago,327,,,1894
Triples,Baltimore,150,,,1894
Complete Games,Chicago,117,,,1894
ERA,New York,3.83,,,1894
Fewest Hits Allowed,New York,1292,,,1894
Fewest Home Runs Allowed,Baltimore,31,,,1894
Fewest Walks Allowed,Boston,411,,,1894
Saves,Baltimore,11,,,1894
Shutouts,Cleveland,6,,,1894
Strikeouts,New York,395,,,1894
Base on Balls,Billy Hamilton,Philadelphia,96.0,,1895
Base on Balls,Bill Joyce,Washington,96.0,,1895
Batting Average,Jesse Burkett,Cleveland,0.409,,1895
Doubles,Ed Delahanty,Philadelphia,49.0,,1895
Hits,Jesse Burkett,Cleveland,225.0,,1895
Home Runs,Sam Thompson,Philadelphia,18.0,,1895
On Base Percentage,Ed Delahanty,Philadelphia,0.5,,1895
RBI,Sam Thompson,Philadelphia,165.0,,1895
Runs,Billy Hamilton,Philadelphia,166.0,,1895
Slugging Average,Sam Thompson,Philadelphia,0.654,,1895
Stolen Bases,Billy Hamilton,Philadelphia,97.0,,1895
Total Bases,Sam Thompson,Philadelphia,352.0,,1895
Triples,Kip Selbach,Washington,22.0,,1895
1895 N.L. History | Year-by-Year History,1895 N.L. History | Year-by-Year History,1895 N.L. History | Year-by-Year History,,,1895
Complete Games,Ted Breitenstein,St. Louis,46.0,,1895
ERA,Al Maul,Washington,2.45,,1895
Games,Pink Hawley,Pittsburgh,56.0,,1895
Saves,Ernie Beam,Philadelphia,3.0,,1895
Saves,Kid Nichols,Boston,3.0,,1895
Saves,Tom Parrott,Cincinnati,3.0,,1895
Shutouts,Pink Hawley,Pittsburgh,4.0,,1895
Shutouts,Bill Hoffer,Baltimore,4.0,,1895
Shutouts,Sadie McMahon,Baltimore,4.0,,1895
Shutouts,Amos Rusie,New York,4.0,,1895
Shutouts,Cy Young,Cleveland,4.0,,1895
Strikeouts,Amos Rusie,New York,201.0,,1895
Winning Percentage,Bill Hoffer,Baltimore,0.838,,1895
Wins,Cy Young,Cleveland,35.0,,1895
1895 N.L. History | Year-by-Year History,1895 N.L. History | Year-by-Year History,1895 N.L. History | Year-by-Year History,,,1895
1895 National League Team Standings,1895 National League Team Standings,1895 National League Team Standings,,,1895
Team | Roster,W,L,,,1895
Baltimore Orioles,87,43,2.0,0.669,1895
Cleveland Spiders,84,46,1.0,0.646,1895
Philadelphia Phillies,78,53,2.0,0.595,1895
Chicago Colts,72,58,3.0,0.554,1895
Brooklyn Bridegrooms,71,60,2.0,0.542,1895
Boston Beaneaters,71,60,1.0,0.542,1895
Pittsburgh Pirates,71,61,3.0,0.538,1895
Cincinnati Reds,66,64,2.0,0.508,1895
New York Giants,66,65,1.0,0.504,1895
Washington Senators,43,85,4.0,0.336,1895
St. Louis Browns,39,92,5.0,0.298,1895
Louisville Colonels,35,96,2.0,0.267,1895
Team | Roster,W,L,,,1895
1895 National League Team Standings,1895 National League Team Standings,1895 National League Team Standings,,,1895
Base on Balls,Washington,518,,,1895
Batting Average,Philadelphia,.330,,,1895
Doubles,Philadelphia,272,,,1895
Hits,Philadelphia,1664,,,1895
Home Runs,Philadelphia,61,,,1895
On Base Percentage,Philadelphia,.394,,,1895
Runs,Philadelphia,1068,,,1895
Slugging Average,Philadelphia,.450,,,1895
Stolen Bases,Cincinnati,326,,,1895
Triples,Cincinnati,105,,,1895
Complete Games,Chicago,119,,,1895
ERA,Baltimore,3.80,,,1895
Fewest Hits Allowed,Baltimore,1216,,,1895
Fewest Home Runs Allowed,Pittsburgh,17,,,1895
Fewest Walks Allowed,Cleveland,346,,,1895
Saves,Philadelphia,7,,,1895
Shutouts,Baltimore,10,,,1895
Strikeouts,New York,409,,,1895
Base on Balls,Billy Hamilton,Boston,110.0,,1896
Batting Average,Jesse Burkett,Cleveland,0.41,,1896
Doubles,Ed Delahanty,Philadelphia,44.0,,1896
Hits,Jesse Burkett,Cleveland,240.0,,1896
Home Runs,Ed Delahanty,Philadelphia,13.0,,1896
Home Runs,Bill Joyce,Washington,13.0,,1896
Home Runs,Bill Joyce,New York,13.0,,1896
On Base Percentage,Billy Hamilton,Boston,0.478,,1896
RBI,Ed Delahanty,Philadelphia,126.0,,1896
Runs,Jesse Burkett,Cleveland,160.0,,1896
Slugging Average,Ed Delahanty,Philadelphia,0.631,,1896
Stolen Bases,Joe Kelley,Baltimore,87.0,,1896
Total Bases,Jesse Burkett,Cleveland,317.0,,1896
Triples,Tom McCreery,Louisville,21.0,,1896
Triples,George Van Haltren,New York,21.0,,1896
1896 N.L. History | Year-by-Year History,1896 N.L. History | Year-by-Year History,1896 N.L. History | Year-by-Year History,,,1896
Complete Games,Frank Killen,Pittsburgh,44.0,,1896
ERA,Billy Rhines,Cincinnati,2.45,,1896
Games,Frank Killen,Pittsburgh,52.0,,1896
Saves,Cy Young,Cleveland,3.0,,1896
Shutouts,Frank Killen,Pittsburgh,5.0,,1896
Shutouts,Cy Young,Cleveland,5.0,,1896
Strikeouts,Cy Young,Cleveland,140.0,,1896
Winning Percentage,Bill Hoffer,Baltimore,0.781,,1896
Wins,Frank Killen,Pittsburgh,30.0,,1896
Wins,Kid Nichols,Boston,30.0,,1896
1896 N.L. History | Year-by-Year History,1896 N.L. History | Year-by-Year History,1896 N.L. History | Year-by-Year History,,,1896
1896 National League Team Standings,1896 National League Team Standings,1896 National League Team Standings,,,1896
Team | Roster,W,L,,,1896
Baltimore Orioles,90,39,0.698,0.0,1896
Cleveland Spiders,80,48,0.625,,1896
Cincinnati Reds,77,50,0.606,12.0,1896
Boston Beaneaters,74,57,0.565,17.0,1896
Chicago Colts,71,57,0.555,,1896
Pittsburgh Pirates,66,63,0.512,24.0,1896
New York Giants,64,67,0.489,27.0,1896
Philadelphia Phillies,62,68,0.477,,1896
Washington Senators,58,73,0.443,33.0,1896
Brooklyn Bridegrooms,58,73,0.443,33.0,1896
St. Louis Browns,40,90,0.308,,1896
Louisville Colonels,38,93,0.29,53.0,1896
Team | Roster,W,L,,,1896
1896 National League Team Standings,1896 National League Team Standings,1896 National League Team Standings,,,1896
Base on Balls,Washington,516,,,1896
Batting Average,Baltimore,.328,,,1896
Doubles,Philadelphia,234,,,1896
Hits,Baltimore,1548,,,1896
Home Runs,Philadelphia,49,,,1896
On Base Percentage,Baltimore,.393,,,1896
Runs,Baltimore,995,,,1896
Slugging Average,Baltimore,.429,,,1896
Stolen Bases,Baltimore,441,,,1896
Triples,Baltimore,100,,,1896
Complete Games,Chicago,118,,,1896
ERA,Cleveland,3.46,,,1896
Fewest Hits Allowed,Cincinnati,1240,,,1896
Fewest Home Runs Allowed,Pittsburgh,18,,,1896
Fewest Walks Allowed,Cleveland,280,,,1896
Saves,Cleveland,5,,,1896
Shutouts,Cincinnati,11,,,1896
Strikeouts,Pittsburgh,362,,,1896
Base on Balls,Billy Hamilton,Boston,105.0,,1897
Batting Average,Willie Keeler,Baltimore,0.424,,1897
Doubles,Jake Stenzel,Baltimore,43.0,,1897
Hits,Willie Keeler,Baltimore,239.0,,1897
Home Runs,Hugh Duffy,Boston,11.0,,1897
On Base Percentage,John McGraw,Baltimore,0.471,,1897
RBI,George Davis,New York,136.0,,1897
Runs,Billy Hamilton,Boston,152.0,,1897
Slugging Average,Nap Lajoie,Philadelphia,0.569,,1897
Stolen Bases,Bill Lange,Chicago,73.0,,1897
Total Bases,Nap Lajoie,Philadelphia,310.0,,1897
Triples,Harry Davis,Pittsburgh,28.0,,1897
1897 N.L. History | Year-by-Year History,1897 N.L. History | Year-by-Year History,1897 N.L. History | Year-by-Year History,,,1897
Complete Games,Red Donahue,St. Louis,38.0,,1897
Complete Games,Clark Griffith,Chicago,38.0,,1897
Complete Games,Frank Killen,Pittsburgh,38.0,,1897
ERA,Amos Rusie,New York,2.54,,1897
Games,Red Donahue,St. Louis,46.0,,1897
Games,Kid Nichols,Boston,46.0,,1897
Games,Win Mercer,Washington,46.0,,1897
Games,Cy Young,Cleveland,46.0,,1897
Saves,Kid Nichols,Boston,3.0,,1897
Saves,Win Mercer,Washington,3.0,,1897
Shutouts,Doc McJames,Washington,3.0,,1897
Shutouts,Win Mercer,Washington,3.0,,1897
Strikeouts,Doc McJames,Washington,156.0,,1897
Winning Percentage,Fred Klobedanz,Boston,0.788,,1897
Wins,Kid Nichols,Boston,31.0,,1897
1897 N.L. History | Year-by-Year History,1897 N.L. History | Year-by-Year History,1897 N.L. History | Year-by-Year History,,,1897
1897 National League Team Standings,1897 National League Team Standings,1897 National League Team Standings,,,1897
Team | Roster,W,L,,,1897
Boston Beaneaters,93,39,3.0,0.705,1897
Baltimore Orioles,90,40,6.0,0.692,1897
New York Giants,83,48,7.0,0.634,1897
Cincinnati Reds,76,56,2.0,0.576,1897
Cleveland Spiders,69,62,1.0,0.527,1897
Washington Senators,61,71,4.0,0.462,1897
Brooklyn Bridegrooms,61,71,3.0,0.462,1897
Pittsburgh Pirates,60,71,4.0,0.458,1897
Chicago Colts,59,73,6.0,0.447,1897
Philadelphia Phillies,55,77,2.0,0.417,1897
Louisville Colonels,52,78,6.0,0.4,1897
St. Louis Browns,29,102,2.0,0.221,1897
Team | Roster,W,L,,,1897
1897 National League Team Standings,1897 National League Team Standings,1897 National League Team Standings,,,1897
Base on Balls,Baltimore,437,,,1897
Batting Average,Baltimore,.325,,,1897
Doubles,Baltimore,243,,,1897
Hits,Baltimore,1584,,,1897
Home Runs,Boston,45,,,1897
On Base Percentage,Baltimore,.394,,,1897
Runs,Boston,1025,,,1897
Slugging Average,Boston,.426,,,1897
Stolen Bases,Baltimore,401,,,1897
Triples,Pittsburgh,108,,,1897
Complete Games,Chicago,131,,,1897
ERA,New York,3.47,,,1897
Fewest Hits Allowed,New York,1214,,,1897
Fewest Home Runs Allowed,Baltimore,18,,,1897
Fewest Home Runs Allowed,Cincinnati,18,,,1897
Fewest Walks Allowed,Cleveland,289,,,1897
Saves,Boston,7,,,1897
Shutouts,Boston,8,,,1897
Shutouts,New York,8,,,1897
Strikeouts,New York,456,,,1897
Base on Balls,John McGraw,Baltimore,112.0,,1898
Batting Average,Willie Keeler,Baltimore,0.385,,1898
Doubles,Nap Lajoie,Philadelphia,43.0,,1898
Hits,Willie Keeler,Baltimore,216.0,,1898
Home Runs,Jimmy Collins,Boston,15.0,,1898
On Base Percentage,Billy Hamilton,Boston,0.48,,1898
RBI,Nap Lajoie,Philadelphia,127.0,,1898
Runs,John McGraw,Baltimore,143.0,,1898
Slugging Average,John Anderson,Brooklyn,0.494,,1898
Slugging Average,John Anderson,Washington,0.494,,1898
Slugging Average,John Anderson,Brooklyn,0.494,,1898
Stolen Bases,Ed Delahanty,Philadelphia,58.0,,1898
Total Bases,Jimmy Collins,Boston,286.0,,1898
Triples,John Anderson,Brooklyn,22.0,,1898
Triples,John Anderson,Washington,22.0,,1898
Triples,John Anderson,Brooklyn,22.0,,1898
1898 N.L. History | Year-by-Year History,1898 N.L. History | Year-by-Year History,1898 N.L. History | Year-by-Year History,,,1898
Complete Games,Jack Taylor,St. Louis,42.0,,1898
ERA,Clark Griffith,Chicago,1.88,,1898
Games,Kid Nichols,Boston,50.0,,1898
Games,Jack Taylor,St. Louis,50.0,,1898
Saves,Kid Nichols,Boston,4.0,,1898
Shutouts,Wiley Piatt,Philadelphia,6.0,,1898
Shutouts,Jack Powell,Cleveland,6.0,,1898
Strikeouts,Cy Seymour,New York,239.0,,1898
Winning Percentage,Ted Lewis,Boston,0.765,,1898
Wins,Kid Nichols,Boston,31.0,,1898
1898 N.L. History | Year-by-Year History,1898 N.L. History | Year-by-Year History,1898 N.L. History | Year-by-Year History,,,1898
1898 National League Team Standings,1898 National League Team Standings,1898 National League Team Standings,,,1898
Team | Roster,W,L,,,1898
Boston Beaneaters,102,47,0.685,0.0,1898
Baltimore Orioles,96,53,0.644,6.0,1898
Cincinnati Reds,92,60,0.605,,1898
Chicago Orphans,85,65,0.567,,1898
Cleveland Spiders,81,68,0.544,21.0,1898
Philadelphia Phillies,78,71,0.523,24.0,1898
New York Giants,77,73,0.513,,1898
Pittsburgh Pirates,72,76,0.486,,1898
Louisville Colonels,70,81,0.464,33.0,1898
Brooklyn Bridegrooms,54,91,0.372,,1898
Washington Senators,51,101,0.336,,1898
St. Louis Browns,39,111,0.26,,1898
Team | Roster,W,L,,,1898
1898 National League Team Standings,1898 National League Team Standings,1898 National League Team Standings,,,1898
Base on Balls,Cleveland,545,,,1898
Batting Average,Baltimore,.302,,,1898
Doubles,Philadelphia,238,,,1898
Hits,Baltimore,1584,,,1898
Home Runs,Boston,53,,,1898
On Base Percentage,Baltimore,.382,,,1898
Runs,Baltimore,933,,,1898
Slugging Average,Boston,.377,,,1898
Stolen Bases,Baltimore,250,,,1898
Triples,Cincinnati,101,,,1898
Complete Games,Cleveland,142,,,1898
ERA,Chicago,2.83,,,1898
Fewest Hits Allowed,Boston,1186,,,1898
Fewest Home Runs Allowed,Pittsburgh,14,,,1898
Fewest Walks Allowed,Cleveland,309,,,1898
Saves,Boston,8,,,1898
Shutouts,Chicago,13,,,1898
Strikeouts,New York,558,,,1898
Base on Balls,John McGraw,Baltimore,124.0,,1899
Batting Average,Ed Delahanty,Philadelphia,0.41,,1899
Doubles,Ed Delahanty,Philadelphia,55.0,,1899
Hits,Ed Delahanty,Philadelphia,238.0,,1899
Home Runs,Buck Freeman,Washington,25.0,,1899
On Base Percentage,John McGraw,Baltimore,0.547,,1899
RBI,Ed Delahanty,Philadelphia,137.0,,1899
Runs,Willie Keeler,Brooklyn,140.0,,1899
Runs,John McGraw,Baltimore,140.0,,1899
Slugging Average,Ed Delahanty,Philadelphia,0.582,,1899
Stolen Bases,Jimmy Sheckard,Baltimore,77.0,,1899
Total Bases,Ed Delahanty,Philadelphia,338.0,,1899
Triples,Jimmy Williams,Pittsburgh,27.0,,1899
1899 N.L. History | Year-by-Year History,1899 N.L. History | Year-by-Year History,1899 N.L. History | Year-by-Year History,,,1899
Complete Games,Bill Carrick,New York,40.0,,1899
Complete Games,Jack Powell,St. Louis,40.0,,1899
Complete Games,Cy Young,St. Louis,40.0,,1899
ERA,Vic Willis,Boston,2.5,,1899
Games,Sam Leever,Pittsburgh,51.0,,1899
Saves,Sam Leever,Pittsburgh,3.0,,1899
Shutouts,Vic Willis,Boston,5.0,,1899
Strikeouts,Noodles Hahn,Cincinnati,145.0,,1899
Winning Percentage,Jay Hughes,Brooklyn,0.824,,1899
Winning Percentage,Al Orth,Philadelphia,0.824,,1899
Wins,Jay Hughes,Brooklyn,28.0,,1899
Wins,Joe McGinnity,Baltimore,28.0,,1899
1899 N.L. History | Year-by-Year History,1899 N.L. History | Year-by-Year History,1899 N.L. History | Year-by-Year History,,,1899
1899 National League Team Standings,1899 National League Team Standings,1899 National League Team Standings,,,1899
Team | Roster,W,L,,,1899
Brooklyn Superbas,101,47,2.0,0.682,1899
Boston Beaneaters,95,57,1.0,0.625,1899
Philadelphia Phillies,94,58,2.0,0.618,1899
Baltimore Orioles,86,62,4.0,0.581,1899
St. Louis Perfectos,84,67,4.0,0.556,1899
Cincinnati Reds,83,67,7.0,0.553,1899
Pittsburgh Pirates,76,73,5.0,0.51,1899
Chicago Orphans,75,73,4.0,0.507,1899
Louisville Colonels,75,77,3.0,0.493,1899
New York Giants,60,90,3.0,0.4,1899
Washington Senators,54,98,3.0,0.355,1899
Cleveland Spiders,20,134,0.0,0.13,1899
Team | Roster,W,L,,,1899
1899 National League Team Standings,1899 National League Team Standings,1899 National League Team Standings,,,1899
Base on Balls,Cincinnati,485,,,1899
Batting Average,Philadelphia,.301,,,1899
Doubles,Philadelphia,241,,,1899
Hits,Philadelphia,1613,,,1899
Home Runs,St. Louis,47,,,1899
On Base Percentage,Brooklyn,.368,,,1899
Runs,Philadelphia,916,,,1899
Slugging Average,Philadelphia,.395,,,1899
Stolen Bases,Baltimore,364,,,1899
Triples,Pittsburgh,121,,,1899
Complete Games,Chicago,147,,,1899
ERA,Brooklyn,3.25,,,1899
Fewest Hits Allowed,Boston,1273,,,1899
Fewest Home Runs Allowed,Baltimore,13,,,1899
Fewest Walks Allowed,St. Louis,321,,,1899
Saves,Brooklyn,9,,,1899
Shutouts,Philadelphia,15,,,1899
Strikeouts,New York,397,,,1899
Base on Balls,Roy Thomas,Philadelphia,115.0,,1900
Batting Average,Honus Wagner,Pittsburgh,0.381,,1900
Doubles,Honus Wagner,Pittsburgh,45.0,,1900
Hits,Willie Keeler,Brooklyn,204.0,,1900
Home Runs,Herman Long,Boston,12.0,,1900
On Base Percentage,John McGraw,St. Louis,0.505,,1900
RBI,Elmer Flick,Philadelphia,110.0,,1900
Runs,Roy Thomas,Philadelphia,132.0,,1900
Slugging Average,Honus Wagner,Pittsburgh,0.573,,1900
Stolen Bases,Patsy Donovan,St. Louis,45.0,,1900
Stolen Bases,George Van Haltren,New York,45.0,,1900
Total Bases,Honus Wagner,Pittsburgh,302.0,,1900
Triples,Honus Wagner,Pittsburgh,22.0,,1900
1900 N.L. History | Year-by-Year History,1900 N.L. History | Year-by-Year History,1900 N.L. History | Year-by-Year History,,,1900
Complete Games,Pink Hawley,New York,34.0,,1900
ERA,Rube Waddell,Pittsburgh,2.37,,1900
Games,Bill Carrick,New York,45.0,,1900
Saves,Frank Kitson,Brooklyn,4.0,,1900
Shutouts,Clark Griffith,Chicago,4.0,,1900
Shutouts,Noodles Hahn,Cincinnati,4.0,,1900
Shutouts,Kid Nichols,Boston,4.0,,1900
Shutouts,Cy Young,St. Louis,4.0,,1900
Strikeouts,Noodles Hahn,Cincinnati,132.0,,1900
Winning Percentage,Joe McGinnity,Brooklyn,0.778,,1900
Wins,Joe McGinnity,Brooklyn,28.0,,1900
1900 N.L. History | Year-by-Year History,1900 N.L. History | Year-by-Year History,1900 N.L. History | Year-by-Year History,,,1900
1900 National League Team Standings,1900 National League Team Standings,1900 National League Team Standings,,,1900
Team | Roster,W,L,,,1900
Brooklyn Superbas,82,54,0.603,0.0,1900
Pittsburgh Pirates,79,60,0.568,,1900
Philadelphia Phillies,75,63,0.543,8.0,1900
Boston Beaneaters,66,72,0.478,17.0,1900
St. Louis Cardinals,65,75,0.464,19.0,1900
Chicago Orphans,65,75,0.464,19.0,1900
Cincinnati Reds,62,77,0.446,,1900
New York Giants,60,78,0.435,23.0,1900
Team | Roster,W,L,,,1900
1900 National League Team Standings,1900 National League Team Standings,1900 National League Team Standings,,,1900
Base on Balls,Philadelphia,440,,,1900
Batting Average,Brooklyn,.293,,,1900
Doubles,Chicago,202,,,1900
Hits,Philadelphia,1439,,,1900
Home Runs,Boston,48,,,1900
On Base Percentage,Brooklyn,.359,,,1900
Runs,Brooklyn,816,,,1900
Slugging Average,Brooklyn,.383,,,1900
Stolen Bases,Brooklyn,274,,,1900
Triples,Pittsburgh,100,,,1900
Complete Games,Chicago,137,,,1900
ERA,Pittsburgh,3.06,,,1900
Fewest Hits Allowed,Pittsburgh,1232,,,1900
Fewest Home Runs Allowed,Chicago,21,,,1900
Fewest Walks Allowed,Pittsburgh,295,,,1900
Saves,Brooklyn,4,,,1900
Shutouts,St. Louis,12,,,1900
Strikeouts,Pittsburgh,415,,,1900
Base on Balls,Roy Thomas,Philadelphia,100.0,,1901
Batting Average,Jesse Burkett,St. Louis,0.376,,1901
Doubles,Tom Daly,Brooklyn,38.0,,1901
Doubles,Ed Delahanty,Philadelphia,38.0,,1901
Hits,Jesse Burkett,St. Louis,226.0,,1901
Home Runs,Sam Crawford,Cincinnati,16.0,,1901
On Base Percentage,Jesse Burkett,St. Louis,0.44,,1901
RBI,Honus Wagner,Pittsburgh,126.0,,1901
Runs,Jesse Burkett,St. Louis,142.0,,1901
Slugging Average,Jimmy Sheckard,Brooklyn,0.534,,1901
Stolen Bases,Honus Wagner,Pittsburgh,49.0,,1901
Total Bases,Jesse Burkett,St. Louis,306.0,,1901
Triples,Jimmy Sheckard,Brooklyn,19.0,,1901
1901 N.L. History | 1901 A.L. History | Year-by-Year History,1901 N.L. History | 1901 A.L. History | Year-by-Year History,1901 N.L. History | 1901 A.L. History | Year-by-Year History,,,1901
Complete Games,Noodles Hahn,Cincinnati,41.0,,1901
ERA,Jesse Tannehill,Pittsburgh,2.18,,1901
Games,Bill Donovan,Brooklyn,45.0,,1901
Games,Jack Powell,St.Louis,45.0,,1901
Games,Dummy Taylor,New York,45.0,,1901
Saves,Bill Donovan,Brooklyn,3.0,,1901
Saves,Jack Powell,St. Louis,3.0,,1901
Shutouts,Jack Chesbro,Pittsburgh,6.0,,1901
Shutouts,Al Orth,Philadelphia,6.0,,1901
Shutouts,Vic Willis,Boston,6.0,,1901
Strikeouts,Noodles Hahn,Cincinnati,239.0,,1901
Winning Percentage,Jack Chesbro,Pittsburgh,0.677,,1901
Wins,Bill Donovan,Brooklyn,25.0,,1901
1901 N.L. History | 1901 A.L. History | Year-by-Year History,1901 N.L. History | 1901 A.L. History | Year-by-Year History,1901 N.L. History | 1901 A.L. History | Year-by-Year History,,,1901
1901 National League Team Standings,1901 National League Team Standings,1901 National League Team Standings,,,1901
Team | Roster,W,L,,,1901
Pittsburgh Pirates,90,49,0.647,0.0,1901
Philadelphia Phillies,83,57,0.593,,1901
Brooklyn Superbas,79,57,0.581,,1901
St. Louis Cardinals,76,64,0.543,,1901
Boston Beaneaters,69,69,0.5,,1901
Chicago Orphans,53,86,0.381,37.0,1901
New York Giants,52,85,0.38,37.0,1901
Cincinnati Reds,52,87,0.374,38.0,1901
Team | Roster,W,L,,,1901
1901 National League Team Standings,1901 National League Team Standings,1901 National League Team Standings,,,1901
Base on Balls,Philadelphia,430,,,1901
Batting Average,Brooklyn,.287,,,1901
Doubles,Brooklyn,206,,,1901
Hits,St. Louis,1430,,,1901
Home Runs,St. Louis,39,,,1901
On Base Percentage,Pittsburgh,.345,,,1901
Runs,St. Louis,792,,,1901
Slugging Average,Brooklyn,.387,,,1901
Stolen Bases,Chicago,204,,,1901
Triples,St. Louis,94,,,1901
Complete Games,Chicago,131,,,1901
ERA,Pittsburgh,2.58,,,1901
Fewest Hits Allowed,Boston,1196,,,1901
Fewest Home Runs Allowed,Brooklyn,18,,,1901
Fewest Walks Allowed,Pittsburgh,244,,,1901
Saves,Brooklyn,5,,,1901
Saves,St. Louis,5,,,1901
Shutouts,Philadelphia,15,,,1901
Shutouts,Pittsburgh,15,,,1901
Strikeouts,Chicago,586,,,1901
Base on Balls,Roy Thomas,Philadelphia,107.0,,1902
Batting Average,Ginger Beaumont,Pittsburgh,0.357,,1902
Doubles,Honus Wagner,Pittsburgh,30.0,,1902
Hits,Ginger Beaumont,Pittsburgh,193.0,,1902
Home Runs,Tommy Leach,Pittsburgh,6.0,,1902
On Base Percentage,Roy Thomas,Philadelphia,0.414,,1902
RBI,Honus Wagner,Pittsburgh,91.0,,1902
Runs,Honus Wagner,Pittsburgh,105.0,,1902
Slugging Average,Honus Wagner,Pittsburgh,0.463,,1902
Stolen Bases,Honus Wagner,Pittsburgh,42.0,,1902
Total Bases,Sam Crawford,Cincinnati,256.0,,1902
Triples,Sam Crawford,Cincinnati,22.0,,1902
Triples,Tommy Leach,Pittsburgh,22.0,,1902
1902 N.L. History | 1902 A.L. History | Year-by-Year History,1902 N.L. History | 1902 A.L. History | Year-by-Year History,1902 N.L. History | 1902 A.L. History | Year-by-Year History,,,1902
Complete Games,Vic Willis,Boston,45.0,,1902
ERA,Jack Taylor,Chicago,1.33,,1902
Games,Vic Willis,Boston,51.0,,1902
Saves,Vic Willis,Boston,3.0,,1902
Shutouts,Jack Chesbro,Pittsburgh,8.0,,1902
Shutouts,Christy Mathewson,New York,8.0,,1902
Strikeouts,Vic Willis,Boston,225.0,,1902
Winning Percentage,Jack Chesbro,Pittsburgh,0.824,,1902
Wins,Jack Chesbro,Pittsburgh,28.0,,1902
1902 N.L. History | 1902 A.L. History | Year-by-Year History,1902 N.L. History | 1902 A.L. History | Year-by-Year History,1902 N.L. History | 1902 A.L. History | Year-by-Year History,,,1902
1902 National League Team Standings,1902 National League Team Standings,1902 National League Team Standings,,,1902
Team | Roster,W,L,,,1902
Pittsburgh Pirates,103,36,0.741,0.0,1902
Brooklyn Superbas,75,63,0.543,,1902
Boston Beaneaters,73,64,0.533,29.0,1902
Cincinnati Reds,70,70,0.5,,1902
Chicago Cubs,68,69,0.496,34.0,1902
St. Louis Cardinals,56,78,0.418,,1902
Philadelphia Phillies,56,81,0.409,46.0,1902
New York Giants,48,88,0.353,,1902
Team | Roster,W,L,,,1902
1902 National League Team Standings,1902 National League Team Standings,1902 National League Team Standings,,,1902
Base on Balls,Boston,398,,,1902
Batting Average,Pittsburgh,.286,,,1902
Doubles,Pittsburgh,189,,,1902
Hits,Pittsburgh,1410,,,1902
Home Runs,Brooklyn,19,,,1902
On Base Percentage,Pittsburgh,.344,,,1902
Runs,Pittsburgh,775,,,1902
Slugging Average,Pittsburgh,.374,,,1902
Stolen Bases,Chicago,222,,,1902
Stolen Bases,Pittsburgh,222,,,1902
Triples,Pittsburgh,95,,,1902
Complete Games,Chicago,132,,,1902
ERA,Chicago,2.21,,,1902
Fewest Hits Allowed,Brooklyn,1113,,,1902
Fewest Home Runs Allowed,Pittsburgh,4,,,1902
Fewest Walks Allowed,Pittsburgh,250,,,1902
Saves,Boston,4,,,1902
Saves,St. Louis,4,,,1902
Shutouts,Pittsburgh,21,,,1902
Strikeouts,Pittsburgh,564,,,1902
Base on Balls,Roy Thomas,Philadelphia,107.0,,1903
Batting Average,Honus Wagner,Pittsburgh,0.355,,1903
Doubles,Fred Clarke,Pittsburgh,32.0,,1903
Doubles,Sam Mertes,New York,32.0,,1903
Doubles,Harry Steinfeldt,Cincinnati,32.0,,1903
Hits,Ginger Beaumont,Pittsburgh,209.0,,1903
Home Runs,Jimmy Sheckard,Brooklyn,9.0,,1903
On Base Percentage,Roy Thomas,Philadelphia,0.453,,1903
RBI,Sam Mertes,New York,104.0,,1903
Runs,Ginger Beaumont,Pittsburgh,137.0,,1903
Slugging Average,Fred Clarke,Pittsburgh,0.532,,1903
Stolen Bases,Frank Chance,Chicago,67.0,,1903
Stolen Bases,Jimmy Sheckard,Brooklyn,67.0,,1903
Total Bases,Ginger Beaumont,Pittsburgh,272.0,,1903
Triples,Honus Wagner,Pittsburgh,19.0,,1903
1903 N.L. History | 1903 A.L. History | Year-by-Year History,1903 N.L. History | 1903 A.L. History | Year-by-Year History,1903 N.L. History | 1903 A.L. History | Year-by-Year History,,,1903
Complete Games,Joe McGinnity,New York,44.0,,1903
ERA,Sam Leever,Pittsburgh,2.06,,1903
Games,Joe McGinnity,New York,55.0,,1903
Saves,Carl Lundgren,Chicago,3.0,,1903
Saves,Roscoe Miller,New York,3.0,,1903
Shutouts,Sam Leever,Pittsburgh,7.0,,1903
Strikeouts,Christy Mathewson,New York,267.0,,1903
Winning Percentage,Sam Leever,Pittsburgh,0.781,,1903
Wins,Joe McGinnity,New York,31.0,,1903
1903 N.L. History | 1903 A.L. History | Year-by-Year History,1903 N.L. History | 1903 A.L. History | Year-by-Year History,1903 N.L. History | 1903 A.L. History | Year-by-Year History,,,1903
Team | Roster,W,L,,,1903
Pittsburgh Pirates,91,49,0.65,0.0,1903
New York Giants,84,55,0.604,,1903
Chicago Cubs,82,56,0.594,8.0,1903
Cincinnati Reds,74,65,0.532,,1903
Brooklyn Superbas,70,66,0.515,19.0,1903
Boston Beaneaters,58,80,0.42,32.0,1903
Philadelphia Phillies,49,86,0.363,,1903
St. Louis Cardinals,43,94,0.314,,1903
Team | Roster,W,L,,,1903
1903 National League Team Standings,1903 National League Team Standings,1903 National League Team Standings,,,1903
Base on Balls,Brooklyn,522,,,1903
Batting Average,Cincinnati,.288,,,1903
Doubles,Cincinnati,228,,,1903
Hits,Pittsburgh,1429,,,1903
Home Runs,Pittsburgh,34,,,1903
On Base Percentage,Brooklyn,.348,,,1903
Runs,Pittsburgh,793,,,1903
Slugging Average,Pittsburgh,.393,,,1903
Stolen Bases,Brooklyn,273,,,1903
Triples,Pittsburgh,110,,,1903
Complete Games,Cincinnati,126,,,1903
Complete Games,Philadelphia,126,,,1903
ERA,Chicago,2.77,,,1903
Fewest Hits Allowed,Chicago,1182,,,1903
Fewest Home Runs Allowed,Pittsburgh,9,,,1903
Fewest Walks Allowed,Chicago,354,,,1903
Saves,New York,8,,,1903
Shutouts,Pittsburgh,16,,,1903
Strikeouts,New York,628,,,1903
Base on Balls,Roy Thomas,Philadelphia,102.0,,1904
Batting Average,Honus Wagner,Pittsburgh,0.349,,1904
Doubles,Honus Wagner,Pittsburgh,44.0,,1904
Hits,Ginger Beaumont,Pittsburgh,185.0,,1904
Home Runs,Harry Lumley,Brooklyn,9.0,,1904
On Base Percentage,Honus Wagner,Pittsburgh,0.423,,1904
RBI,Bill Dahlen,New York,80.0,,1904
Runs,George Browne,New York,99.0,,1904
Slugging Average,Honus Wagner,Pittsburgh,0.52,,1904
Stolen Bases,Honus Wagner,Pittsburgh,53.0,,1904
Total Bases,Honus Wagner,Pittsburgh,255.0,,1904
Triples,Harry Lumley,Brooklyn,18.0,,1904
1904 N.L. History | 1904 A.L. History | Year-by-Year History,1904 N.L. History | 1904 A.L. History | Year-by-Year History,1904 N.L. History | 1904 A.L. History | Year-by-Year History,,,1904
Complete Games,Jack Taylor,St. Louis,39.0,,1904
Complete Games,Vic Willis,Boston,39.0,,1904
ERA,Joe McGinnity,New York,1.61,,1904
Games,Joe McGinnity,New York,51.0,,1904
Saves,Joe McGinnity,New York,5.0,,1904
Shutouts,Joe McGinnity,New York,9.0,,1904
Strikeouts,Christy Mathewson,New York,212.0,,1904
Winning Percentage,Joe McGinnity,New York,0.814,,1904
Wins,Joe McGinnity,New York,35.0,,1904
1904 N.L. History | 1904 A.L. History | Year-by-Year History,1904 N.L. History | 1904 A.L. History | Year-by-Year History,1904 N.L. History | 1904 A.L. History | Year-by-Year History,,,1904
1904 National League Team Standings,1904 National League Team Standings,1904 National League Team Standings,,,1904
Team | Roster,W,L,,,1904
New York Giants,106,47,0.693,0.0,1904
Chicago Cubs,93,60,0.608,13.0,1904
Cincinnati Reds,88,65,0.575,18.0,1904
Pittsburgh Pirates,87,66,0.569,19.0,1904
St. Louis Cardinals,75,79,0.487,,1904
Brooklyn Superbas,56,97,0.366,50.0,1904
Boston Beaneaters,55,98,0.359,51.0,1904
Philadelphia Phillies,52,100,0.342,,1904
Team | Roster,W,L,,,1904
1904 National League Team Standings,1904 National League Team Standings,1904 National League Team Standings,,,1904
Base on Balls,New York,434,,,1904
Batting Average,New York,.262,,,1904
Doubles,New York,202,,,1904
Hits,New York,1347,,,1904
Home Runs,New York,31,,,1904
On Base Percentage,New York,.328,,,1904
Runs,New York,744,,,1904
Slugging Average,New York,.344,,,1904
Stolen Bases,New York,283,,,1904
Triples,Pittsburgh,102,,,1904
Complete Games,St. Louis,146,,,1904
ERA,New York,2.17,,,1904
Fewest Hits Allowed,Chicago,1150,,,1904
Fewest Home Runs Allowed,Cincinnati,13,,,1904
Fewest Home Runs Allowed,Pittsburgh,13,,,1904
Fewest Walks Allowed,St. Louis,319,,,1904
Saves,New York,15,,,1904
Shutouts,New York,21,,,1904
Strikeouts,New York,707,,,1904
Base on Balls,Miller Huggins,Cincinnati,103.0,,1905
Batting Average,Cy Seymour,Cincinnati,0.377,,1905
Doubles,Cy Seymour,Cincinnati,40.0,,1905
Hits,Cy Seymour,Cincinnati,219.0,,1905
Home Runs,Fred Odwell,Cincinnati,9.0,,1905
On Base Percentage,Frank Chance,Chicago,0.45,,1905
RBI,Cy Seymour,Cincinnati,121.0,,1905
Runs,Mike Donlin,New York,124.0,,1905
Slugging Average,Cy Seymour,Cincinnati,0.325,,1905
Stolen Bases,Art Devlin,New York,59.0,,1905
Stolen Bases,Billy Maloney,Chicago,59.0,,1905
Total Bases,Cy Seymour,Cincinnati,325.0,,1905
Triples,Cy Seymour,Cincinnati,21.0,,1905
Complete Games,Irv Young,Boston,41.0,,1905
ERA,Christy Mathewson,New York,1.28,,1905
Games,Joe McGinnity,New York,46.0,,1905
Games,Togie Pittinger,Philadelphia,46.0,,1905
Saves,Claud Elliott,New York,6.0,,1905
Shutouts,Christy Mathewson,New York,8.0,,1905
Strikeouts,Christy Mathewson,New York,206.0,,1905
Winning Percentage,Sam Leever,Pittsburgh,0.8,,1905
Wins,Christy Mathewson,New York,31.0,,1905
1905 National League Team Standings,1905 National League Team Standings,1905 National League Team Standings,,,1905
Team [Click for roster],Wins,Losses,,,1905
New York Giants,105,48,0.686,0.0,1905
Pittsburgh Pirates,96,57,0.627,9.0,1905
Chicago Cubs,92,61,0.601,13.0,1905
Philadelphia Phillies,83,69,0.546,,1905
Cincinnati Reds,79,74,0.516,26.0,1905
St. Louis Cardinals,58,96,0.377,,1905
Boston Beaneaters,51,103,0.331,,1905
Brooklyn Superbas,48,104,0.316,,1905
Base on Balls,New York,517,,,1905
Batting Average,New York,.273,,,1905
Doubles,New York,191,,,1905
Hits,Cincinnati,1401,,,1905
Home Runs,New York,39,,,1905
On Base Percentage,New York,.351,,,1905
Runs,New York,780,,,1905
Slugging Average,New York,.368,,,1905
Stolen Bases,New York,291,,,1905
Triples,Cincinnati,101,,,1905
Complete Games,Boston,139,,,1905
ERA,Chicago,2.04,,,1905
Fewest Hits Allowed,Chicago,1135,,,1905
Fewest Home Runs Allowed,Pittsburgh,12,,,1905
Fewest Walks Allowed,New York,364,,,1905
Saves,New York,15,,,1905
Shutouts,Chicago,23,,,1905
Strikeouts,New York,760,,,1905
Base on Balls,Roy Thomas,Philadelphia,107.0,,1906
Batting Average,Honus Wagner,Pittsburgh,0.339,,1906
Doubles,Honus Wagner,Pittsburgh,38.0,,1906
Hits,Harry Steinfeldt,Chicago,176.0,,1906
Home Runs,Tim Jordan,Brooklyn,12.0,,1906
On Base Percentage,Roger Bresnahan,New York,0.419,,1906
RBI,Jim Nealon,Pittsburgh,83.0,,1906
RBI,Harry Steinfeldt,Chicago,83.0,,1906
Runs,Frank Chance,Chicago,103.0,,1906
Runs,Honus Wagner,Pittsburgh,103.0,,1906
Slugging Average,Harry Lumley,Brooklyn,0.477,,1906
Stolen Bases,Frank Chance,Chicago,57.0,,1906
Total Bases,Honus Wagner,Pittsburgh,237.0,,1906
Triples,Fred Clarke,Pittsburgh,13.0,,1906
Triples,Frank Schulte,Chicago,13.0,,1906
1906 N.L. History | 1906 A.L. History | Year-by-Year History,1906 N.L. History | 1906 A.L. History | Year-by-Year History,1906 N.L. History | 1906 A.L. History | Year-by-Year History,,,1906
Complete Games,Irv Young,Boston,37.0,,1906
ERA,Mordecai Brown,Chicago,1.04,,1906
Games,Joe McGinnity,New York,45.0,,1906
Saves,George Ferguson,New York,7.0,,1906
Shutouts,Mordecai Brown,Chicago,9.0,,1906
Strikeouts,Fred Beebe,Chicago,171.0,,1906
Strikeouts,Fred Beebe,St. Louis,171.0,,1906
Winning Percentage,Ed Reulbach,Chicago,0.826,,1906
Wins,Joe McGinnity,New York,27.0,,1906
1906 N.L. History | 1906 A.L. History | Year-by-Year History,1906 N.L. History | 1906 A.L. History | Year-by-Year History,1906 N.L. History | 1906 A.L. History | Year-by-Year History,,,1906
Team | Roster,W,L,,,1906
Chicago Cubs,116,36,0.763,0.0,1906
New York Giants,96,56,0.632,20.0,1906
Pittsburgh Pirates,93,60,0.608,,1906
Philadelphia Phillies,71,82,0.464,,1906
Brooklyn Superbas,66,86,0.434,50.0,1906
Cincinnati Reds,64,87,0.424,,1906
St. Louis Cardinals,52,98,0.347,63.0,1906
Boston Beaneaters,49,102,0.325,,1906
Team | Roster,W,L,,,1906
1906 National League Team Standings,1906 National League Team Standings,1906 National League Team Standings,,,1906
Base on Balls,New York,563,,,1906
Batting Average,Chicago,.262,,,1906
Doubles,Philadelphia,197,,,1906
Hits,Chicago,1316,,,1906
Home Runs,Brooklyn,25,,,1906
On Base Percentage,New York,.343,,,1906
Runs,Chicago,705,,,1906
Slugging Average,Chicago,.339,,,1906
Stolen Bases,New York,288,,,1906
Triples,Chicago,71,,,1906
Triples,Cincinnati,71,,,1906
Complete Games,Boston,137,,,1906
ERA,Chicago,1.75,,,1906
Fewest Hits Allowed,Chicago,1018,,,1906
Fewest Home Runs Allowed,Chicago,12,,,1906
Fewest Walks Allowed,Pittsburgh,309,,,1906
Saves,New York,18,,,1906
Shutouts,Chicago,30,,,1906
Strikeouts,Chicago,702,,,1906
Base on Balls,Miller Huggins,Cincinnati,83.0,,1907
Base on Balls,Roy Thomas,Philadelphia,83.0,,1907
Batting Average,Honus Wagner,Pittsburgh,0.35,,1907
Doubles,Honus Wagner,Pittsburgh,38.0,,1907
Hits,Ginger Beaumont,Boston,187.0,,1907
Home Runs,Dave Brain,Boston,10.0,,1907
On Base Percentage,Honus Wagner,Pittsburgh,0.408,,1907
RBI,Sherry Magee,Philadelphia,85.0,,1907
Runs,Spike Shannon,New York,104.0,,1907
Slugging Average,Honus Wagner,Pittsburgh,0.513,,1907
Stolen Bases,Honus Wagner,Pittsburgh,61.0,,1907
Total Bases,Honus Wagner,Pittsburgh,264.0,,1907
Triples,Whitey Alperman,Brooklyn,16.0,,1907
Triples,John Ganzel,Cincinnati,16.0,,1907
1907 A.L. | A.L. Retirements | A.L. Rookies | Year-by-Year,1907 A.L. | A.L. Retirements | A.L. Rookies | Year-by-Year,1907 A.L. | A.L. Retirements | A.L. Rookies | Year-by-Year,,,1907
Complete Games,Stoney McGlynn,St. Louis,33.0,,1907
ERA,Jack Pfiester,Chicago,1.15,,1907
Games,Joe McGinnity,New York,47.0,,1907
Saves,Joe McGinnity,New York,4.0,,1907
Shutouts,Christy Mathewson,New York,8.0,,1907
Shutouts,Orval Overall,Chicago,8.0,,1907
Strikeouts,Christy Mathewson,New York,178.0,,1907
Winning Percentage,Ed Reulbach,Chicago,0.81,,1907
Wins,Christy Mathewson,New York,24.0,,1907
1907 A.L. | A.L. Retirements | A.L. Rookies | Year-by-Year,1907 A.L. | A.L. Retirements | A.L. Rookies | Year-by-Year,1907 A.L. | A.L. Retirements | A.L. Rookies | Year-by-Year,,,1907
Team | Roster,W,L,,,1907
Chicago Cubs,107,45,3.0,0.704,1907
Pittsburgh Pirates,91,63,3.0,0.591,1907
Philadelphia Phillies,83,64,2.0,0.565,1907
New York Giants,82,71,2.0,0.536,1907
Brooklyn Superbas,65,83,5.0,0.439,1907
Cincinnati Reds,66,87,3.0,0.431,1907
Boston Doves,58,90,4.0,0.392,1907
St. Louis Cardinals,52,101,2.0,0.34,1907
Team | Roster,W,L,,,1907
1907 National League Team Standings,1907 National League Team Standings,1907 National League Team Standings,,,1907
Base on Balls,New York,516,,,1907
Batting Average,Pittsburgh,.254,,,1907
Doubles,Chicago,162,,,1907
Doubles,Philadelphia,162,,,1907
Hits,Pittsburgh,1261,,,1907
Home Runs,New York,23,,,1907
On Base Percentage,New York,.331,,,1907
Runs,Pittsburgh,634,,,1907
Slugging Average,Pittsburgh,.324,,,1907
Stolen Bases,Pittsburgh,264,,,1907
Triples,Cincinnati,90,,,1907
Complete Games,St. Louis,127,,,1907
ERA,Chicago,1.73,,,1907
Fewest Hits Allowed,Chicago,1054,,,1907
Fewest Home Runs Allowed,Chicago,11,,,1907
Fewest Walks Allowed,Pittsburgh,368,,,1907
Saves,New York,13,,,1907
Shutouts,Chicago,32,,,1907
Strikeouts,New York,655,,,1907
Base on Balls,Roger Bresnahan,New York,83.0,,1908
Batting Average,Honus Wagner,Pittsburgh,0.354,,1908
Doubles,Honus Wagner,Pittsburgh,39.0,,1908
Hits,Honus Wagner,Pittsburgh,201.0,,1908
Home Runs,Tim Jordan,Brooklyn,12.0,,1908
On Base Percentage,Honus Wagner,Pittsburgh,0.415,,1908
RBI,Honus Wagner,Pittsburgh,109.0,,1908
Runs,Fred Tenney,New York,101.0,,1908
Slugging Average,Honus Wagner,Pittsburgh,0.542,,1908
Stolen Bases,Honus Wagner,Pittsburgh,53.0,,1908
Total Bases,Honus Wagner,Pittsburgh,308.0,,1908
Triples,Honus Wagner,Pittsburgh,19.0,,1908
1908 A.L. | N.L. Retirements | N.L. Rookies | Year-by-Year,1908 A.L. | N.L. Retirements | N.L. Rookies | Year-by-Year,1908 A.L. | N.L. Retirements | N.L. Rookies | Year-by-Year,,,1908
Complete Games,Christy Mathewson,New York,34.0,,1908
ERA,Christy Mathewson,New York,1.43,,1908
Games,Christy Mathewson,New York,56.0,,1908
Saves,Mordecai Brown,Chicago,5.0,,1908
Saves,Christy Mathewson,New York,5.0,,1908
Saves,Joe McGinnity,New York,5.0,,1908
Shutouts,Christy Mathewson,New York,11.0,,1908
Strikeouts,Christy Mathewson,New York,259.0,,1908
Winning Percentage,Ed Reulbach,Chicago,0.774,,1908
Wins,Christy Mathewson,New York,37.0,,1908
1908 A.L. | N.L. Retirements | N.L. Rookies | Year-by-Year,1908 A.L. | N.L. Retirements | N.L. Rookies | Year-by-Year,1908 A.L. | N.L. Retirements | N.L. Rookies | Year-by-Year,,,1908
Team | Roster,W,L,,,1908
Chicago Cubs,99,55,0.643,0.0,1908
Pittsburgh Pirates,98,56,0.636,1.0,1908
New York Giants,98,56,0.636,1.0,1908
Philadelphia Phillies,83,71,0.539,16.0,1908
Cincinnati Reds,73,81,0.474,26.0,1908
Boston Doves,63,91,0.409,36.0,1908
Brooklyn Superbas,53,101,0.344,46.0,1908
St. Louis Cardinals,49,105,0.318,50.0,1908
Team | Roster,W,L,,,1908
1908 National League Team Standings,1908 National League Team Standings,1908 National League Team Standings,,,1908
Base on Balls,New York,494,,,1908
Batting Average,New York,.267,,,1908
Doubles,Chicago,196,,,1908
Hits,New York,1339,,,1908
Home Runs,Brooklyn,28,,,1908
On Base Percentage,New York,.342,,,1908
Runs,New York,652,,,1908
Slugging Average,New York,.333,,,1908
Stolen Bases,Chicago,212,,,1908
Triples,Pittsburgh,98,,,1908
Complete Games,Brooklyn,118,,,1908
ERA,Philadelphia,2.10,,,1908
Fewest Hits Allowed,Chicago,1137,,,1908
Fewest Home Runs Allowed,Philadelphia,8,,,1908
Fewest Walks Allowed,New York,288,,,1908
Saves,New York,18,,,1908
Shutouts,Chicago,29,,,1908
Strikeouts,Chicago,668,,,1908
Base on Balls,Fred Clarke,Pittsburgh,80.0,,1909
Batting Average,Honus Wagner,Pittsburgh,0.339,,1909
Doubles,Honus Wagner,Pittsburgh,39.0,,1909
Hits,Larry Doyle,New York,172.0,,1909
Home Runs,Red Murray,New York,7.0,,1909
On Base Percentage,Honus Wagner,Pittsburgh,0.42,,1909
RBI,Honus Wagner,Pittsburgh,100.0,,1909
Runs,Tommy Leach,Pittsburgh,126.0,,1909
Slugging Average,Honus Wagner,Pittsburgh,0.489,,1909
Stolen Bases,Bob Bescher,Cincinnati,54.0,,1909
Total Bases,Honus Wagner,Pittsburgh,242.0,,1909
Triples,Mike Mitchell,Pittsburgh,17.0,,1909
1909 A.L. | N.L. Retirements | N.L. Rookies | Year-by-Year,1909 A.L. | N.L. Retirements | N.L. Rookies | Year-by-Year,1909 A.L. | N.L. Retirements | N.L. Rookies | Year-by-Year,,,1909
Complete Games,Mordecai Brown,Chicago,32.0,,1909
ERA,Christy Mathewson,New York,1.14,,1909
Games,Mordecai Brown,Chicago,50.0,,1909
Saves,Mordecai Brown,Chicago,7.0,,1909
Shutouts,Orval Overall,Chicago,9.0,,1909
Strikeouts,Orval Overall,Chicago,205.0,,1909
Winning Percentage,Howie Camnitz,Pittsburgh,0.806,,1909
Winning Percentage,Christy Mathewson,New York,0.806,,1909
Wins,Mordecai Brown,Chicago,27.0,,1909
1909 A.L. | N.L. Retirements | N.L. Rookies | Year-by-Year,1909 A.L. | N.L. Retirements | N.L. Rookies | Year-by-Year,1909 A.L. | N.L. Retirements | N.L. Rookies | Year-by-Year,,,1909
Team | Roster,W,L,,,1909
Pittsburgh Pirates,110,42,0.724,0.0,1909
Chicago Cubs,104,49,0.68,,1909
New York Giants,92,61,0.601,,1909
Cincinnati Reds,77,76,0.503,,1909
Philadelphia Phillies,74,79,0.484,,1909
Brooklyn Superbas,55,98,0.359,,1909
St. Louis Cardinals,54,98,0.355,56.0,1909
Boston Doves,45,108,0.294,,1909
Team | Roster,W,L,,,1909
1909 National League Team Standings,1909 National League Team Standings,1909 National League Team Standings,,,1909
Base on Balls,St. Louis,568,,,1909
Batting Average,Pittsburgh,.260,,,1909
Doubles,Pittsburgh,218,,,1909
Hits,Pittsburgh,1332,,,1909
Home Runs,New York,26,,,1909
On Base Percentage,New York,.329,,,1909
Runs,Pittsburgh,699,,,1909
Slugging Average,Pittsburgh,.353,,,1909
Stolen Bases,Cincinnati,280,,,1909
Triples,Pittsburgh,92,,,1909
Complete Games,Brooklyn,126,,,1909
ERA,Chicago,1.75,,,1909
Fewest Hits Allowed,Chicago,1094,,,1909
Fewest Home Runs Allowed,Cincinnati,5,,,1909
Fewest Walks Allowed,Pittsburgh,320,,,1909
Saves,New York,15,,,1909
Shutouts,Chicago,32,,,1909
Strikeouts,New York,735,,,1909
Base on Balls,Miller Huggins,St. Louis,116.0,,1910
Batting Average,Sherry Magee,Philadelphia,0.331,,1910
Doubles,Bobby Byrne,Pittsburgh,43.0,,1910
Hits,Bobby Byrne,Pittsburgh,178.0,,1910
Hits,Honus Wagner,Pittsburgh,178.0,,1910
Home Runs,Fred Beck,Boston,10.0,,1910
Home Runs,Frank Schulte,Chicago,10.0,,1910
On Base Percentage,Sherry Magee,Philadelphia,0.445,,1910
RBI,Sherry Magee,Philadelphia,123.0,,1910
Runs,Sherry Magee,Philadelphia,110.0,,1910
Slugging Average,Sherry Magee,Philadelphia,0.507,,1910
Stolen Bases,Bob Bescher,Cincinnati,70.0,,1910
Total Bases,Sherry Magee,Philadelphia,263.0,,1910
Triples,Mike Mitchell,Cincinnati,18.0,,1910
1910 A.L. | N.L. Retirements | N.L. Rookies | Year-by-Year,1910 A.L. | N.L. Retirements | N.L. Rookies | Year-by-Year,1910 A.L. | N.L. Retirements | N.L. Rookies | Year-by-Year,,,1910
Complete Games,Mordecai Brown,Chicago,27.0,,1910
Complete Games,Christy Mathewson,New York,27.0,,1910
Complete Games,Nap Rucker,Brooklyn,27.0,,1910
ERA,King Cole,Chicago,1.8,,1910
Games,Al Mattern,Boston,51.0,,1910
Saves,Mordecai Brown,Chicago,7.0,,1910
Saves,Harry Gaspar,Cincinnati,7.0,,1910
Shutouts,Mordecai Brown,Chicago,6.0,,1910
Shutouts,Al Mattern,Boston,6.0,,1910
Shutouts,Earl Moore,Philadelphia,6.0,,1910
Shutouts,Nap Rucker,Brooklyn,6.0,,1910
Strikeouts,Earl Moore,Philadelphia,185.0,,1910
Winning Percentage,King Cole,Chicago,0.833,,1910
Wins,Christy Mathewson,New York,27.0,,1910
1910 A.L. | N.L. Retirements | N.L. Rookies | Year-by-Year,1910 A.L. | N.L. Retirements | N.L. Rookies | Year-by-Year,1910 A.L. | N.L. Retirements | N.L. Rookies | Year-by-Year,,,1910
Team | Roster,W,L,,,1910
Chicago Cubs,104,50,0.675,0.0,1910
New York Giants,91,63,0.591,13.0,1910
Pittsburgh Pirates,86,67,0.562,,1910
Philadelphia Phillies,78,75,0.51,,1910
Cincinnati Reds,75,79,0.487,29.0,1910
Brooklyn Superbas,64,90,0.416,40.0,1910
St. Louis Cardinals,63,90,0.412,,1910
Boston Doves,53,100,0.346,,1910
Team | Roster,W,L,,,1910
1910 National League Team Standings,1910 National League Team Standings,1910 National League Team Standings,,,1910
Base on Balls,St. Louis,655,,,1910
Batting Average,New York,.275,,,1910
Doubles,Philadelphia,223,,,1910
Hits,New York,1391,,,1910
Home Runs,Chicago,34,,,1910
On Base Percentage,New York,.354,,,1910
Runs,New York,715,,,1910
Slugging Average,Chicago,.366,,,1910
Slugging Average,New York,.366,,,1910
Stolen Bases,Cincinnati,310,,,1910
Triples,Chicago,84,,,1910
Complete Games,Brooklyn,103,,,1910
ERA,Chicago,2.51,,,1910
Fewest Hits Allowed,Chicago,1171,,,1910
Fewest Home Runs Allowed,Brooklyn,17,,,1910
Fewest Walks Allowed,Pittsburgh,392,,,1910
Saves,St. Louis,14,,,1910
Shutouts,Chicago,25,,,1910
Strikeouts,New York,717,,,1910
Base on Balls,Jimmy Sheckard,Chicago,147.0,,1911
Batting Average,Honus Wagner,Pittsburgh,0.334,,1911
Doubles,Ed Konetchy,St. Louis,38.0,,1911
Hits,Doc Miller,Boston,192.0,,1911
Home Runs,Frank Schulte,Chicago,21.0,,1911
On Base Percentage,Jimmy Sheckard,Chicago,0.434,,1911
RBI,Frank Schulte,Chicago,107.0,,1911
RBI,Chief Wilson,Pittsburgh,107.0,,1911
Runs,Jimmy Sheckard,Chicago,121.0,,1911
Slugging Average,Frank Schulte,Chicago,0.534,,1911
Stolen Bases,Bob Bescher,Cincinnati,81.0,,1911
Total Bases,Frank Schulte,Chicago,308.0,,1911
Triples,Larry Doyle,New York,25.0,,1911
1911 A.L. | N.L. Retirements | N.L. Rookies | Year-by-Year,1911 A.L. | N.L. Retirements | N.L. Rookies | Year-by-Year,1911 A.L. | N.L. Retirements | N.L. Rookies | Year-by-Year,,,1911
Complete Games,Grover Alexander,Philadelphia,31.0,,1911
ERA,Christy Mathewson,New York,1.99,,1911
Games,Mordecai Brown,Chicago,53.0,,1911
Saves,Mordecai Brown,Chicago,13.0,,1911
Shutouts,Grover Alexander,Philadelphia,7.0,,1911
Strikeouts,Rube Marquard,New York,237.0,,1911
Winning Percentage,Rube Marquard,New York,0.774,,1911
Wins,Grover Alexander,Philadelphia,28.0,,1911
1911 A.L. | N.L. Retirements | N.L. Rookies | Year-by-Year,1911 A.L. | N.L. Retirements | N.L. Rookies | Year-by-Year,1911 A.L. | N.L. Retirements | N.L. Rookies | Year-by-Year,,,1911
Team | Roster,W,L,,,1911
New York Giants,99,54,0.647,0.0,1911
Chicago Cubs,92,62,0.597,,1911
Pittsburgh Pirates,85,69,0.552,,1911
Philadelphia Phillies,79,73,0.52,,1911
St. Louis Cardinals,75,74,0.503,22.0,1911
Cincinnati Reds,70,83,0.458,29.0,1911
Brooklyn Superbas,64,86,0.427,,1911
Boston Rustlers,44,107,0.291,54.0,1911
Team | Roster,W,L,,,1911
National League Team Standings,National League Team Standings,National League Team Standings,,,1911
Base on Balls,St. Louis,592,,,1911
Batting Average,New York,.279,,,1911
Doubles,Boston,249,,,1911
Hits,Boston,1417,,,1911
Home Runs,Philadelphia,60,,,1911
On Base Percentage,New York,.358,,,1911
Runs,Chicago,757,,,1911
Slugging Average,New York,.390,,,1911
Stolen Bases,New York,347,,,1911
Triples,Pittsburgh,106,,,1911
Complete Games,New York,95,,,1911
ERA,New York,2.70,,,1911
Fewest Hits Allowed,Pittsburgh,1249,,,1911
Fewest Home Runs Allowed,Chicago,26,,,1911
Fewest Walks Allowed,New York,369,,,1911
Saves,Chicago,16,,,1911
Shutouts,Philadelphia,20,,,1911
Strikeouts,New York,771,,,1911
Base on Balls,Jimmy Sheckard,Chicago,122.0,,1912
Batting Average,Heinie Zimmerman,Chicago,0.372,,1912
Doubles,Heinie Zimmerman,Chicago,41.0,,1912
Hits,Heinie Zimmerman,Chicago,207.0,,1912
Home Runs,Heinie Zimmerman,Chicago,14.0,,1912
On Base Percentage,Johnny Evers,Chicago,0.431,,1912
RBI,Honus Wagner,Pittsburgh,102.0,,1912
Runs,Bob Bescher,Cincinnati,120.0,,1912
Slugging Average,Heinie Zimmerman,Chicago,0.571,,1912
Stolen Bases,Bob Bescher,Cincinnati,67.0,,1912
Total Bases,Heinie Zimmerman,Chicago,318.0,,1912
Triples,Chief Wilson,Pittsburgh,36.0,,1912
1912 A.L. | N.L. Retirements | N.L. Rookies | Year-by-Year,1912 A.L. | N.L. Retirements | N.L. Rookies | Year-by-Year,1912 A.L. | N.L. Retirements | N.L. Rookies | Year-by-Year,,,1912
Complete Games,Larry Cheney,Chicago,28.0,,1912
ERA,Jeff Tesreau,New York,1.96,,1912
Games,Rube Benton,Cincinnati,50.0,,1912
Saves,Slim Sallee,St. Louis,6.0,,1912
Shutouts,Marty O'Toole,Pittsburgh,6.0,,1912
Shutouts,Nap Rucker,Brooklyn,6.0,,1912
Strikeouts,Grover Alexander,Philadelphia,195.0,,1912
Winning Percentage,Claude Hendrix,Pittsburgh,0.727,,1912
Wins,Larry Cheney,Chicago,26.0,,1912
Wins,Rube Marquard,New York,26.0,,1912
1912 A.L. | N.L. Retirements | N.L. Rookies | Year-by-Year,1912 A.L. | N.L. Retirements | N.L. Rookies | Year-by-Year,1912 A.L. | N.L. Retirements | N.L. Rookies | Year-by-Year,,,1912
Team | Roster,W,L,,,1912
New York Giants,103,48,0.682,0.0,1912
Pittsburgh Pirates,93,58,0.616,10.0,1912
Chicago Cubs,91,59,0.607,,1912
Cincinnati Reds,75,78,0.49,29.0,1912
Philadelphia Phillies,73,79,0.48,,1912
St. Louis Cardinals,63,90,0.412,41.0,1912
Brooklyn Superbas,58,95,0.379,46.0,1912
Boston Braves,52,101,0.34,52.0,1912
Team | Roster,W,L,,,1912
National League Team Standings,National League Team Standings,National League Team Standings,,,1912
Base on Balls,Chicago,560,,,1912
Batting Average,New York,.286,,,1912
Doubles,Chicago,245,,,1912
Hits,Pittsburgh,1493,,,1912
Home Runs,New York,47,,,1912
On Base Percentage,New York,.360,,,1912
Runs,New York,823,,,1912
Slugging Average,Pittsburgh,.398,,,1912
Stolen Bases,New York,319,,,1912
Triples,Pittsburgh,129,,,1912
Complete Games,Pittsburgh,94,,,1912
ERA,New York,2.59,,,1912
Fewest Hits Allowed,Pittsburgh,1268,,,1912
Fewest Home Runs Allowed,Cincinnati,28,,,1912
Fewest Home Runs Allowed,Pittsburgh,28,,,1912
Fewest Walks Allowed,New York,338,,,1912
Saves,New York,16,,,1912
Shutouts,Pittsburgh,18,,,1912
Strikeouts,Pittsburgh,664,,,1912
Base on Balls,Bob Bescher,Cincinnati,94.0,,1913
Batting Average,Jake Daubert,Brooklyn,0.35,,1913
Doubles,Red Smith,Brooklyn,40.0,,1913
Hits,Gavvy Cravath,Philadelphia,179.0,,1913
Home Runs,Gavvy Cravath,Philadelphia,19.0,,1913
On Base Percentage,Miller Huggins,St. Louis,0.432,,1913
RBI,Gavvy Cravath,Philadelphia,128.0,,1913
Runs,Max Carey,Pittsburgh,99.0,,1913
Runs,Tommy Leach,Chicago,99.0,,1913
Slugging Average,Gavvy Cravath,Philadelphia,0.568,,1913
Stolen Bases,Max Carey,Pittsburgh,61.0,,1913
Total Bases,Gavvy Cravath,Philadelphia,298.0,,1913
Triples,Vic Saier,Chicago,21.0,,1913
1913 A.L. | N.L. Retirements | N.L. Rookies | Year-by-Year,1913 A.L. | N.L. Retirements | N.L. Rookies | Year-by-Year,1913 A.L. | N.L. Retirements | N.L. Rookies | Year-by-Year,,,1913
Complete Games,Lefty Tyler,Boston,28.0,,1913
ERA,Christy Mathewson,New York,2.06,,1913
Games,Larry Cheney,Chicago,54.0,,1913
Saves,Larry Cheney,Chicago,11.0,,1913
Shutouts,Grover Alexander,Philadelphia,9.0,,1913
Strikeouts,Tom Seaton,Philadelphia,168.0,,1913
Winning Percentage,Bert Humphries,Chicago,0.8,,1913
Wins,Tom Seaton,Philadelphia,27.0,,1913
1913 A.L. | N.L. Retirements | N.L. Rookies | Year-by-Year,1913 A.L. | N.L. Retirements | N.L. Rookies | Year-by-Year,1913 A.L. | N.L. Retirements | N.L. Rookies | Year-by-Year,,,1913
Team | Roster,W,L,,,1913
New York Giants,101,51,0.664,0.0,1913
Philadelphia Phillies,88,63,0.583,,1913
Chicago Cubs,88,65,0.575,,1913
Pittsburgh Pirates,78,71,0.523,,1913
Boston Braves,69,82,0.457,,1913
Brooklyn Superbas,65,84,0.436,,1913
Cincinnati Reds,64,89,0.418,,1913
St. Louis Cardinals,51,99,0.34,49.0,1913
Team | Roster,W,L,,,1913
National League Team Standings,National League Team Standings,National League Team Standings,,,1913
Base on Balls,Chicago,554,,,1913
Batting Average,New York,.273,,,1913
Doubles,Philadelphia,257,,,1913
Hits,Philadelphia,1433,,,1913
Home Runs,Philadelphia,73,,,1913
On Base Percentage,New York,.338,,,1913
Runs,Chicago,720,,,1913
Slugging Average,Philadelphia,.382,,,1913
Stolen Bases,New York,296,,,1913
Triples,Chicago,96,,,1913
Triples,Cincinnati,96,,,1913
Complete Games,Boston,105,,,1913
ERA,New York,2.43,,,1913
Fewest Hits Allowed,New York,1276,,,1913
Fewest Home Runs Allowed,Pittsburgh,26,,,1913
Fewest Walks Allowed,New York,315,,,1913
Saves,New York,17,,,1913
Shutouts,Philadelphia,20,,,1913
Strikeouts,Philadelphia,667,,,1913
Base on Balls,Miller Huggins,St. Louis,105.0,,1914
Batting Average,Jake Daubert,Brooklyn,0.329,,1914
Doubles,Sherry Magee,Philadelphia,39.0,,1914
Hits,Sherry Magee,Philadelphia,171.0,,1914
Home Runs,Gavvy Cravath,Philadelphia,19.0,,1914
On Base Percentage,Casey Stengel,Brooklyn,0.404,,1914
RBI,Sherry Magee,Philadelphia,103.0,,1914
Runs,George Burns,New York,100.0,,1914
Slugging Average,Sherry Magee,Philadelphia,0.509,,1914
Stolen Bases,George Burns,New York,62.0,,1914
Total Bases,Sherry Magee,Philadelphia,277.0,,1914
Triples,Max Carey,Pittsburgh,17.0,,1914
1914 A.L. | N.L. Retirements | N.L. Rookies | Year-by-Year,1914 A.L. | N.L. Retirements | N.L. Rookies | Year-by-Year,1914 A.L. | N.L. Retirements | N.L. Rookies | Year-by-Year,,,1914
Complete Games,Grover Alexander,Philadelphia,32.0,,1914
ERA,Bill Doak,St. Louis,1.72,,1914
Games,Larry Cheney,Chicago,50.0,,1914
Saves,Red Ames,Cincinnati,6.0,,1914
Saves,Slim Sallee,St. Louis,6.0,,1914
Shutouts,Jeff Tesreau,New York,8.0,,1914
Strikeouts,Grover Alexander,Philadelphia,214.0,,1914
Winning Percentage,Bill James,Boston,0.788,,1914
Wins,Grover Alexander,Philadelphia,27.0,,1914
1914 A.L. | N.L. Retirements | N.L. Rookies | Year-by-Year,1914 A.L. | N.L. Retirements | N.L. Rookies | Year-by-Year,1914 A.L. | N.L. Retirements | N.L. Rookies | Year-by-Year,,,1914
Team | Roster,W,L,,,1914
Boston Braves,94,59,0.614,0.0,1914
New York Giants,84,70,0.545,,1914
St. Louis Cardinals,81,72,0.529,13.0,1914
Chicago Cubs,78,76,0.506,,1914
Brooklyn Robins,75,79,0.487,,1914
Philadelphia Phillies,74,80,0.481,,1914
Pittsburgh Pirates,69,85,0.448,,1914
Cincinnati Reds,60,94,0.39,,1914
Team | Roster,W,L,,,1914
Base on Balls,Boston,502,,,1914
Batting Average,Brooklyn,.269,,,1914
Doubles,New York,222,,,1914
Hits,Brooklyn,1386,,,1914
Home Runs,Philadelphia,62,,,1914
On Base Percentage,New York,.330,,,1914
Runs,New York,672,,,1914
Slugging Average,Philadelphia,.361,,,1914
Stolen Bases,New York,239,,,1914
Triples,Brooklyn,90,,,1914
Complete Games,Boston,104,,,1914
ERA,St. Louis,2.38,,,1914
Fewest Hits Allowed,Chicago,1169,,,1914
Fewest Home Runs Allowed,Philadelphia,26,,,1914
Fewest Home Runs Allowed,St. Louis,26,,,1914
Fewest Walks Allowed,New York,367,,,1914
Saves,Cincinnati,15,,,1914
Shutouts,New York,20,,,1914
Strikeouts,Chicago,651,,,1914
Base on Balls,Gavvy Cravath,Philadelphia,86.0,,1915
Batting Average,Larry Doyle,New York,0.32,,1915
Doubles,Larry Doyle,New York,40.0,,1915
Hits,Larry Doyle,New York,189.0,,1915
Home Runs,Gavvy Cravath,Philadelphia,24.0,,1915
On Base Percentage,Gavvy Cravath,Philadelphia,0.393,,1915
RBI,Gavvy Cravath,Philadelphia,115.0,,1915
Runs,Gavvy Cravath,Philadelphia,89.0,,1915
Slugging Average,Gavvy Cravath,Philadelphia,0.51,,1915
Stolen Bases,Max Carey,Pittsburgh,36.0,,1915
Total Bases,Gavvy Cravath,Philadelphia,266.0,,1915
Triples,Tom Long,St. Louis,25.0,,1915
1915 A.L. | N.L. Retirements | N.L. Rookies | Year-by-Year,1915 A.L. | N.L. Retirements | N.L. Rookies | Year-by-Year,1915 A.L. | N.L. Retirements | N.L. Rookies | Year-by-Year,,,1915
Complete Games,Grover Alexander,Philadelphia,36.0,,1915
ERA,Grover Alexander,Philadelphia,1.22,,1915
Games,Tom Hughes,Boston,50.0,,1915
Saves,Tom Hughes,Boston,9.0,,1915
Shutouts,Grover Alexander,Philadelphia,12.0,,1915
Strikeouts,Grover Alexander,Philadelphia,241.0,,1915
Winning Percentage,Grover Alexander,Philadelphia,0.756,,1915
Wins,Grover Alexander,Philadelphia,31.0,,1915
1915 A.L. | N.L. Retirements | N.L. Rookies | Year-by-Year,1915 A.L. | N.L. Retirements | N.L. Rookies | Year-by-Year,1915 A.L. | N.L. Retirements | N.L. Rookies | Year-by-Year,,,1915
Team | Roster,W,L,,,1915
Philadelphia Phillies,90,62,0.592,0.0,1915
Boston Braves,83,69,0.546,7.0,1915
Brooklyn Robins,80,72,0.526,10.0,1915
Chicago Cubs,73,80,0.477,,1915
Pittsburgh Pirates,73,81,0.474,18.0,1915
St. Louis Cardinals,72,81,0.471,,1915
Cincinnati Reds,71,83,0.461,20.0,1915
New York Giants,69,83,0.454,21.0,1915
Team | Roster,W,L,,,1915
Base on Balls,Boston,549,,,1915
Batting Average,St. Louis,.254,,,1915
Doubles,Boston,231,,,1915
Hits,Cincinnati,1323,,,1915
Home Runs,Philadelphia,58,,,1915
On Base Percentage,Boston,.321,,,1915
Runs,St. Louis,590,,,1915
Slugging Average,Chicago,.342,,,1915
Stolen Bases,Pittsburgh,182,,,1915
Triples,St. Louis,92,,,1915
Complete Games,Philadelphia,98,,,1915
ERA,Philadelphia,2.17,,,1915
Fewest Hits Allowed,Philadelphia,1161,,,1915
Fewest Home Runs Allowed,Pittsburgh,21,,,1915
Fewest Walks Allowed,New York,325,,,1915
Saves,Boston,13,,,1915
Shutouts,Philadelphia,20,,,1915
Strikeouts,Chicago,657,,,1915
Base on Balls,Heinie Groh,Cincinnati,84.0,,1916
Batting Average,Hal Chase,Cincinnati,0.339,,1916
Doubles,Bert Niehoff,Philadelphia,42.0,,1916
Hits,Hal Chase,Cincinnati,184.0,,1916
Home Runs,Dave Robertson,New York,12.0,,1916
Home Runs,Cy Williams,Chicago,12.0,,1916
On Base Percentage,Gavvy Cravath,Philadelphia,0.379,,1916
RBI,Heinie Zimmerman,Chicago,83.0,,1916
RBI,Heinie Zimmerman,New York,83.0,,1916
Runs,George Burns,New York,105.0,,1916
Slugging Average,Zack Wheat,Brooklyn,0.461,,1916
Stolen Bases,Max Carey,Pittsburgh,63.0,,1916
Total Bases,Zack Wheat,Brooklyn,262.0,,1916
Triples,Bill Hinchman,Pittsburgh,16.0,,1916
1916 A.L. | N.L. Retirements | N.L. Rookies | Year-by-Year,1916 A.L. | N.L. Retirements | N.L. Rookies | Year-by-Year,1916 A.L. | N.L. Retirements | N.L. Rookies | Year-by-Year,,,1916
Complete Games,Grover Alexander,Philadelphia,38.0,,1916
ERA,Grover Alexander,Philadelphia,1.55,,1916
Games,Lee Meadows,St. Louis,51.0,,1916
Saves,Red Ames,St. Louis,8.0,,1916
Shutouts,Grover Alexander,Philadelphia,16.0,,1916
Strikeouts,Grover Alexander,Philadelphia,167.0,,1916
Winning Percentage,Tom Hughes,Boston,0.842,,1916
Wins,Grover Alexander,Philadelphia,33.0,,1916
1916 A.L. | N.L. Retirements | N.L. Rookies | Year-by-Year,1916 A.L. | N.L. Retirements | N.L. Rookies | Year-by-Year,1916 A.L. | N.L. Retirements | N.L. Rookies | Year-by-Year,,,1916
Team | Roster,W,L,,,1916
Brooklyn Robins,94,60,0.61,0.0,1916
Philadelphia Phillies,91,62,0.595,,1916
Boston Braves,89,63,0.586,4.0,1916
New York Giants,86,66,0.566,7.0,1916
Chicago Cubs,67,86,0.438,,1916
Pittsburgh Pirates,65,89,0.422,29.0,1916
St. Louis Cardinals,60,93,0.392,,1916
Cincinnati Reds,60,93,0.392,,1916
Team | Roster,W,L,,,1916
Base on Balls,Boston,437,,,1916
Batting Average,Brooklyn,.261,,,1916
Doubles,Philadelphia,223,,,1916
Hits,Brooklyn,1366,,,1916
Home Runs,Chicago,46,,,1916
On Base Percentage,Brooklyn,.313,,,1916
Runs,New York,597,,,1916
Slugging Average,Brooklyn,.345,,,1916
Stolen Bases,New York,206,,,1916
Triples,Pittsburgh,91,,,1916
Complete Games,Boston,97,,,1916
Complete Games,Philadelphia,97,,,1916
ERA,Brooklyn,2.12,,,1916
Fewest Hits Allowed,Brooklyn,1201,,,1916
Fewest Home Runs Allowed,Boston,24,,,1916
Fewest Home Runs Allowed,Brooklyn,24,,,1916
Fewest Home Runs Allowed,Pittsburgh,24,,,1916
Fewest Walks Allowed,Philadelphia,295,,,1916
Saves,St. Louis,15,,,1916
Shutouts,Philadelphia,25,,,1916
Strikeouts,Boston,644,,,1916
Base on Balls,George Burns,New York,75.0,,1917
Batting Average,Edd Roush,Cincinnati,0.341,,1917
Doubles,Heinie Groh,Cincinnati,39.0,,1917
Hits,Heinie Groh,Cincinnati,182.0,,1917
Home Runs,Gavvy Cravath,Philadelphia,12.0,,1917
Home Runs,Dave Robertson,New York,12.0,,1917
On Base Percentage,Heinie Groh,Cincinnati,0.385,,1917
RBI,Heinie Zimmerman,New York,102.0,,1917
Runs,George Burns,New York,103.0,,1917
Slugging Average,Rogers Hornsby,St. Louis,0.484,,1917
Stolen Bases,Max Carey,Pittsburgh,46.0,,1917
Total Bases,Rogers Hornsby,St. Louis,253.0,,1917
Triples,Rogers Hornsby,St. Louis,17.0,,1917
1917 A.L. | N.L. Retirements | N.L. Rookies | Year-by-Year,1917 A.L. | N.L. Retirements | N.L. Rookies | Year-by-Year,1917 A.L. | N.L. Retirements | N.L. Rookies | Year-by-Year,,,1917
Complete Games,Grover Alexander,Philadelphia,34.0,,1917
ERA,Fred Anderson,New York,1.44,,1917
Games,Phil Douglas,Chicago,51.0,,1917
Saves,Slim Sallee,New York,4.0,,1917
Shutouts,Grover Alexander,Philadelphia,8.0,,1917
Strikeouts,Grover Alexander,Philadelphia,200.0,,1917
Winning Percentage,Ferdie Schupp,New York,0.75,,1917
Wins,Grover Alexander,Philadelphia,30.0,,1917
1917 A.L. | N.L. Retirements | N.L. Rookies | Year-by-Year,1917 A.L. | N.L. Retirements | N.L. Rookies | Year-by-Year,1917 A.L. | N.L. Retirements | N.L. Rookies | Year-by-Year,,,1917
Team | Roster,W,L,,,1917
New York Giants,98,56,0.636,0.0,1917
Philadelphia Phillies,87,65,0.572,10.0,1917
St. Louis Cardinals,82,70,0.539,15.0,1917
Cincinnati Reds,78,76,0.506,20.0,1917
Chicago Cubs,74,80,0.481,24.0,1917
Boston Braves,72,81,0.471,,1917
Brooklyn Robins,70,81,0.464,,1917
Pittsburgh Pirates,51,103,0.331,47.0,1917
Team | Roster,W,L,,,1917
Base on Balls,Philadelphia,435,,,1917
Batting Average,Cincinnati,.264,,,1917
Doubles,Philadelphia,225,,,1917
Hits,Cincinnati,1385,,,1917
Home Runs,New York,39,,,1917
On Base Percentage,New York,.317,,,1917
Runs,New York,635,,,1917
Slugging Average,Cincinnati,.354,,,1917
Stolen Bases,New York,162,,,1917
Triples,Cincinnati,100,,,1917
Complete Games,Boston,103,,,1917
ERA,New York,2.27,,,1917
Fewest Hits Allowed,New York,1221,,,1917
Fewest Home Runs Allowed,Pittsburgh,14,,,1917
Fewest Walks Allowed,Philadelphia,325,,,1917
Saves,New York,14,,,1917
Shutouts,Philadelphia,22,,,1917
Strikeouts,Chicago,654,,,1917
Base on Balls,Max Carey,Pittsburgh,62.0,,1918
Batting Average,Zack Wheat,Brooklyn,0.335,,1918
Doubles,Heinie Groh,Cincinnati,28.0,,1918
Hits,Charlie Hollocher,Chicago,161.0,,1918
Home Runs,Gavvy Cravath,Philadelphia,8.0,,1918
On Base Percentage,Heinie Groh,Cincinnati,0.395,,1918
RBI,Sherry Magee,Cincinnati,76.0,,1918
Runs,Heinie Groh,Cincinnati,86.0,,1918
Slugging Average,Edd Roush,Cincinnati,0.455,,1918
Stolen Bases,Max Carey,Pittsburgh,58.0,,1918
Total Bases,Charlie Hollocher,Chicago,202.0,,1918
Triples,Jake Daubert,Brooklyn,15.0,,1918
1918 A.L. | N.L. Retirements | N.L. Rookies | Year-by-Year,1918 A.L. | N.L. Retirements | N.L. Rookies | Year-by-Year,1918 A.L. | N.L. Retirements | N.L. Rookies | Year-by-Year,,,1918
Complete Games,Art Nehf,Boston,28.0,,1918
ERA,Hippo Vaughn,Chicago,1.74,,1918
Games,Burleigh Grimes,Brooklyn,40.0,,1918
Saves,Fred Anderson,New York,3.0,,1918
Saves,Wilbur Cooper,Pittsburgh,3.0,,1918
Saves,Joe Oeschger,Philadelphia,3.0,,1918
Saves,Fred Toney,Cincinnati,3.0,,1918
Saves,Fred Toney,New York,3.0,,1918
Shutouts,Hippo Vaughn,Chicago,8.0,,1918
Strikeouts,Hippo Vaughn,Chicago,148.0,,1918
Winning Percentage,Claude Hendrix,Chicago,0.741,,1918
Wins,Hippo Vaughn,Chicago,22.0,,1918
1918 A.L. | N.L. Retirements | N.L. Rookies | Year-by-Year,1918 A.L. | N.L. Retirements | N.L. Rookies | Year-by-Year,1918 A.L. | N.L. Retirements | N.L. Rookies | Year-by-Year,,,1918
Team | Roster,W,L,,,1918
Chicago Cubs,84,45,2.0,0.651,1918
New York Giants,71,53,0.0,0.573,1918
Cincinnati Reds,68,60,1.0,0.531,1918
Pittsburgh Pirates,65,60,1.0,0.52,1918
Brooklyn Robins,57,69,0.0,0.452,1918
Philadelphia Phillies,55,68,2.0,0.447,1918
Boston Braves,53,71,0.0,0.427,1918
St. Louis Cardinals,51,78,2.0,0.395,1918
Team | Roster,W,L,,,1918
Final 1918 NL Official Standings,Final 1918 NL Official Standings,Final 1918 NL Official Standings,,,1918
Base on Balls,Pittsburgh,371,,,1918
Batting Average,Cincinnati,.278,,,1918
Doubles,Cincinnati,165,,,1918
Hits,Cincinnati,1185,,,1918
Home Runs,St. Louis,27,,,1918
On Base Percentage,Cincinnati,.330,,,1918
Runs,Chicago,538,,,1918
Slugging Average,Cincinnati,.366,,,1918
Stolen Bases,Pittsburgh,200,,,1918
Triples,Cincinnati,84,,,1918
Complete Games,Boston,96,,,1918
ERA,Chicago,2.18,,,1918
Fewest Hits Allowed,New York,1002,,,1918
Fewest Home Runs Allowed,Chicago,13,,,1918
Fewest Home Runs Allowed,Pittsburgh,13,,,1918
Fewest Walks Allowed,New York,228,,,1918
Saves,New York,11,,,1918
Shutouts,Chicago,23,,,1918
Strikeouts,Chicago,472,,,1918
Base on Balls,George Burns,New York,82.0,,1919
Batting Average,Edd Roush,Cincinnati,0.321,,1919
Doubles,Ross Youngs,New York,31.0,,1919
Hits,Ivy Olson,Brooklyn,164.0,,1919
Home Runs,Gavvy Cravath,Philadelphia,12.0,,1919
On Base Percentage,George Burns,New York,0.396,,1919
RBI,Hy Myers,Brooklyn,73.0,,1919
Runs,George Burns,New York,86.0,,1919
Slugging Average,Hy Myers,Brooklyn,0.436,,1919
Stolen Bases,George Burns,New York,40.0,,1919
Total Bases,Hy Myers,Brooklyn,223.0,,1919
Triples,Hy Myers,Brooklyn,14.0,,1919
Triples,Billy Southworth,Pittsburgh,14.0,,1919
1919 A.L. | N.L. Retirements | N.L. Rookies | Year-by-Year,1919 A.L. | N.L. Retirements | N.L. Rookies | Year-by-Year,1919 A.L. | N.L. Retirements | N.L. Rookies | Year-by-Year,,,1919
Complete Games,Wilbur Cooper,Pittsburgh,27.0,,1919
ERA,Grover Alexander,Chicago,1.72,,1919
Games,Oscar Tuero,St. Louis,45.0,,1919
Saves,Oscar Tuero,St. Louis,4.0,,1919
Shutouts,Grover Alexander,Chicago,9.0,,1919
Strikeouts,Hippo Vaughn,Chicago,141.0,,1919
Winning Percentage,Dutch Ruether,Cincinnati,0.76,,1919
Wins,Jesse Barnes,New York,25.0,,1919
1919 A.L. | N.L. Retirements | N.L. Rookies | Year-by-Year,1919 A.L. | N.L. Retirements | N.L. Rookies | Year-by-Year,1919 A.L. | N.L. Retirements | N.L. Rookies | Year-by-Year,,,1919
Team | Roster,W,L,,,1919
Cincinnati Reds,96,44,0.686,0.0,1919
New York Giants,87,53,0.621,9.0,1919
Chicago Cubs,75,65,0.536,21.0,1919
Pittsburgh Pirates,71,68,0.511,,1919
Brooklyn Robins,69,71,0.493,27.0,1919
Boston Braves,57,82,0.41,,1919
St. Louis Cardinals,54,83,0.394,,1919
Philadelphia Phillies,47,90,0.343,,1919
Team | Roster,W,L,,,1919
Final 1919 NL Official Standings,Final 1919 NL Official Standings,Final 1919 NL Official Standings,,,1919
Base on Balls,Cincinnati,405,,,1919
Batting Average,New York,.269,,,1919
Doubles,Philadelphia,208,,,1919
Hits,Brooklyn,1272,,,1919
Home Runs,Philadelphia,42,,,1919
On Base Percentage,Cincinnati,.327,,,1919
Runs,New York,605,,,1919
Slugging Average,New York,.366,,,1919
Stolen Bases,Pittsburgh,196,,,1919
Triples,Cincinnati,83,,,1919
Complete Games,Brooklyn,98,,,1919
ERA,Chicago,2.21,,,1919
Fewest Hits Allowed,Cincinnati,1104,,,1919
Fewest Home Runs Allowed,Chicago,14,,,1919
Fewest Walks Allowed,Pittsburgh,263,,,1919
Saves,New York,13,,,1919
Shutouts,Cincinnati,23,,,1919
Strikeouts,Chicago,495,,,1919
Base on Balls,George Burns,New York,76.0,,1920
Batting Average,Rogers Hornsby,St. Louis,0.37,,1920
Doubles,Rogers Hornsby,St. Louis,44.0,,1920
Hits,Rogers Hornsby,St. Louis,218.0,,1920
Home Runs,Cy Williams,Philadelphia,15.0,,1920
On Base Percentage,Rogers Hornsby,St. Louis,0.431,,1920
RBI,Rogers Hornsby,St. Louis,94.0,,1920
RBI,George Kelly,New York,94.0,,1920
Runs,George Burns,New York,115.0,,1920
Slugging Average,Rogers Hornsby,St. Louis,0.559,,1920
Stolen Bases,Max Carey,Pittsburgh,52.0,,1920
Total Bases,Rogers Hornsby,St. Louis,329.0,,1920
Triples,Hy Myers,Brooklyn,22.0,,1920
1920 A.L. | N.L. Retirements | N.L. Rookies | Year-by-Year,1920 A.L. | N.L. Retirements | N.L. Rookies | Year-by-Year,1920 A.L. | N.L. Retirements | N.L. Rookies | Year-by-Year,,,1920
Complete Games,Grover Alexander,Chicago,33.0,,1920
ERA,Grover Alexander,Chicago,1.91,,1920
Games,Jesse Haines,St. Louis,47.0,,1920
Saves,Bill Sherdel,St. Louis,6.0,,1920
Shutouts,Babe Adams,Pittsburgh,8.0,,1920
Strikeouts,Grover Alexander,Chicago,173.0,,1920
Winning Percentage,Burleigh Grimes,Brooklyn,0.676,,1920
Wins,Grover Alexander,Chicago,27.0,,1920
1920 A.L. | N.L. Retirements | N.L. Rookies | Year-by-Year,1920 A.L. | N.L. Retirements | N.L. Rookies | Year-by-Year,1920 A.L. | N.L. Retirements | N.L. Rookies | Year-by-Year,,,1920
Team | Roster,W,L,,,1920
Brooklyn Robins,93,61,0.604,0.0,1920
New York Giants,86,68,0.558,7.0,1920
Cincinnati Reds,82,71,0.536,,1920
Pittsburgh Pirates,79,75,0.513,14.0,1920
St. Louis Cardinals,75,79,0.487,18.0,1920
Chicago Cubs,75,79,0.487,18.0,1920
Boston Braves,62,90,0.408,30.0,1920
Philadelphia Phillies,62,91,0.405,,1920
Team | Roster,W,L,,,1920
Final 1920 NL Official Standings,Final 1920 NL Official Standings,Final 1920 NL Official Standings,,,1920
Base on Balls,New York,432,,,1920
Batting Average,St. Louis,.289,,,1920
Doubles,St. Louis,238,,,1920
Hits,St. Louis,1589,,,1920
Home Runs,Philadelphia,64,,,1920
On Base Percentage,St. Louis,.337,,,1920
Runs,New York,682,,,1920
Slugging Average,St. Louis,.385,,,1920
Stolen Bases,Pittsburgh,181,,,1920
Triples,Brooklyn,99,,,1920
Complete Games,Chicago,95,,,1920
ERA,Brooklyn,2.62,,,1920
Fewest Hits Allowed,Cincinnati,1327,,,1920
Fewest Home Runs Allowed,Brooklyn,25,,,1920
Fewest Home Runs Allowed,Pittsburgh,25,,,1920
Fewest Walks Allowed,Pittsburgh,280,,,1920
Saves,St. Louis,12,,,1920
Shutouts,New York,18,,,1920
Strikeouts,Brooklyn,553,,,1920
Base on Balls,George Burns,New York,80.0,,1921
Batting Average,Rogers Hornsby,St. Louis,0.397,,1921
Doubles,Rogers Hornsby,St. Louis,44.0,,1921
Hits,Rogers Hornsby,St. Louis,235.0,,1921
Home Runs,George Kelly,New York,23.0,,1921
On Base Percentage,Rogers Hornsby,St. Louis,0.458,,1921
RBI,Rogers Hornsby,St. Louis,126.0,,1921
Runs,Rogers Hornsby,St. Louis,131.0,,1921
Slugging Average,Rogers Hornsby,St. Louis,0.639,,1921
Stolen Bases,Frankie Frisch,New York,49.0,,1921
Total Bases,Rogers Hornsby,St. Louis,378.0,,1921
Triples,Rogers Hornsby,St. Louis,18.0,,1921
Triples,Ray Powell,Boston,18.0,,1921
1921 A.L. | N.L. Retirements | N.L. Rookies | Year-by-Year,1921 A.L. | N.L. Retirements | N.L. Rookies | Year-by-Year,1921 A.L. | N.L. Retirements | N.L. Rookies | Year-by-Year,,,1921
Complete Games,Burleigh Grimes,Brooklyn,30.0,,1921
ERA,Bill Doak,St. Louis,2.59,,1921
Games,Jack Scott,Boston,47.0,,1921
Saves,Lou North,St. Louis,7.0,,1921
Shutouts,Grover Alexander,Chicago,3.0,,1921
Shutouts,Phil Douglas,New York,3.0,,1921
Shutouts,Dana Fillingim,Boston,3.0,,1921
Shutouts,Jesse Haines,St. Louis,3.0,,1921
Shutouts,Dolf Luque,Cincinnati,3.0,,1921
Shutouts,Clarence Mitchell,Brooklyn,3.0,,1921
Shutouts,Johnny Morrison,Pittsburgh,3.0,,1921
Shutouts,Joe Oeschger,Boston,3.0,,1921
Strikeouts,Burleigh Grimes,Brooklyn,136.0,,1921
Winning Percentage,Babe Adams,Pittsburgh,0.737,,1921
Winning Percentage,Whitey Glazner,Pittsburgh,0.737,,1921
Wins,Wilbur Cooper,Pittsburgh,22.0,,1921
Wins,Burleigh Grimes,Brooklyn,22.0,,1921
1921 A.L. | N.L. Retirements | N.L. Rookies | Year-by-Year,1921 A.L. | N.L. Retirements | N.L. Rookies | Year-by-Year,1921 A.L. | N.L. Retirements | N.L. Rookies | Year-by-Year,,,1921
Team | Roster,W,L,,,1921
New York Giants,94,59,0.614,0.0,1921
Pittsburgh Pirates,90,63,0.588,4.0,1921
St. Louis Cardinals,87,66,0.569,7.0,1921
Boston Braves,79,74,0.516,15.0,1921
Brooklyn Robins,77,75,0.507,,1921
Cincinnati Reds,70,83,0.458,24.0,1921
Chicago Cubs,64,89,0.418,30.0,1921
Philadelphia Phillies,51,103,0.331,,1921
Team | Roster,W,L,,,1921
Final 1921 NL Official Standings,Final 1921 NL Official Standings,Final 1921 NL Official Standings,,,1921
Base on Balls,New York,469,,,1921
Batting Average,St. Louis,.308,,,1921
Doubles,St. Louis,260,,,1921
Hits,St. Louis,1635,,,1921
Home Runs,Philadelphia,88,,,1921
On Base Percentage,New York,.359,,,1921
Runs,New York,840,,,1921
Slugging Average,St. Louis,.437,,,1921
Stolen Bases,New York,137,,,1921
Triples,Pittsburgh,104,,,1921
Complete Games,Pittsburgh,88,,,1921
ERA,Pittsburgh,3.17,,,1921
Fewest Hits Allowed,Pittsburgh,1448,,,1921
Fewest Home Runs Allowed,Pittsburgh,37,,,1921
Fewest Walks Allowed,New York,295,,,1921
Saves,New York,18,,,1921
Shutouts,Boston,11,,,1921
Strikeouts,Pittsburgh,500,,,1921
Base on Balls,Max Carey,Pittsburgh,80.0,,1922
Batting Average,Rogers Hornsby,St. Louis,0.401,,1922
Doubles,Rogers Hornsby,St. Louis,46.0,,1922
Hits,Rogers Hornsby,St. Louis,250.0,,1922
Home Runs,Rogers Hornsby,St. Louis,42.0,,1922
On Base Percentage,Rogers Hornsby,St. Louis,0.459,,1922
RBI,Rogers Hornsby,St. Louis,152.0,,1922
Runs,Rogers Hornsby,St. Louis,141.0,,1922
Slugging Average,Rogers Hornsby,St. Louis,0.722,,1922
Stolen Bases,Max Carey,Pittsburgh,51.0,,1922
Total Bases,Rogers Hornsby,St. Louis,450.0,,1922
Triples,Jake Daubert,Cincinnati,22.0,,1922
1922 N.L. History | 1922 A.L. History | Year-by-Year History,1922 N.L. History | 1922 A.L. History | Year-by-Year History,1922 N.L. History | 1922 A.L. History | Year-by-Year History,,,1922
Complete Games,Wilbur Cooper,Pittsburgh,27.0,,1922
ERA,Phil Douglas,New York,2.63,,1922
Games,Lou North,St. Louis,53.0,,1922
Saves,Claude Jonnard,New York,5.0,,1922
Shutouts,Johnny Morrison,Pittsburgh,5.0,,1922
Shutouts,Dazzy Vance,Brooklyn,5.0,,1922
Strikeouts,Dazzy Vance,Brooklyn,134.0,,1922
Winning Percentage,Pete Donohue,Cincinnati,0.667,,1922
Wins,Eppa Rixey,Cincinnati,25.0,,1922
1922 N.L. History | 1922 A.L. History | Year-by-Year History,1922 N.L. History | 1922 A.L. History | Year-by-Year History,1922 N.L. History | 1922 A.L. History | Year-by-Year History,,,1922
Team | Roster,W,L,,,1922
New York Giants,93,61,0.604,0.0,1922
Cincinnati Reds,86,68,0.558,7.0,1922
St. Louis Cardinals,85,69,0.552,8.0,1922
Pittsburgh Pirates,85,69,0.552,8.0,1922
Chicago Cubs,80,74,0.519,13.0,1922
Brooklyn Robins,76,78,0.494,17.0,1922
Philadelphia Phillies,57,96,0.373,,1922
Boston Braves,53,100,0.346,,1922
Team | Roster,W,L,,,1922
National League Team Standings,National League Team Standings,National League Team Standings,,,1922
Base on Balls,Chicago,525,,,1922
Batting Average,Pittsburgh,.308,,,1922
Doubles,St. Louis,280,,,1922
Hits,Pittsburgh,1698,,,1922
Home Runs,Philadelphia,116,,,1922
On Base Percentage,New York,.363,,,1922
Runs,Pittsburgh,865,,,1922
Slugging Average,St. Louis,.444,,,1922
Stolen Bases,Pittsburgh,145,,,1922
Triples,Pittsburgh,110,,,1922
Complete Games,Cincinnati,88,,,1922
Complete Games,Pittsburgh,88,,,1922
ERA,New York,3.45,,,1922
Fewest Hits Allowed,New York,1454,,,1922
Fewest Home Runs Allowed,Cincinnati,49,,,1922
Fewest Walks Allowed,Cincinnati,326,,,1922
Saves,New York,15,,,1922
Shutouts,Pittsburgh,15,,,1922
Strikeouts,Brooklyn,499,,,1922
Base on Balls,George Burns,Cincinnati,101.0,,1923
Batting Average,Rogers Hornsby,St. Louis,0.384,,1923
Doubles,Edd Roush,Cincinnati,41.0,,1923
Hits,Frankie Frisch,New York,223.0,,1923
Home Runs,Cy Williams,Philadelphia,41.0,,1923
On Base Percentage,Rogers Hornsby,St. Louis,0.459,,1923
RBI,Irish Meusel,New York,125.0,,1923
Runs,Ross Youngs,New York,121.0,,1923
Slugging Average,Rogers Hornsby,St. Louis,0.627,,1923
Stolen Bases,Max Carey,Pittsburgh,51.0,,1923
Total Bases,Frankie Frisch,New York,311.0,,1923
Triples,Max Carey,Pittsburgh,19.0,,1923
Triples,Pie Traynor,Pittsburgh,19.0,,1923
Complete Games,Burleigh Grimes,Brooklyn,33.0,,1923
ERA,Dolf Luque,Cincinnati,1.93,,1923
Games,Claude Jonnard,New York,45.0,,1923
Games,Rosy Ryan,New York,45.0,,1923
Saves,Claude Jonnard,New York,5.0,,1923
Shutouts,Dolf Luque,Cincinnati,5.0,,1923
Strikeouts,Dazzy Vance,Brooklyn,197.0,,1923
Winning Percentage,Dolf Luque,Cincinnati,0.771,,1923
Wins,Dolf Luque,Cincinnati,27.0,,1923
1923 National League Team Standings,1923 National League Team Standings,1923 National League Team Standings,,,1923
Team [Click for roster],Wins,Losses,,,1923
New York Giants,95,58,0.621,0.0,1923
Cincinnati Reds,91,63,0.591,,1923
Pittsburgh Pirates,87,67,0.565,,1923
Chicago Cubs,83,71,0.539,,1923
St. Louis Cardinals,79,74,0.516,16.0,1923
Brooklyn Robins,76,78,0.494,,1923
Boston Braves,54,100,0.351,,1923
Philadelphia Phillies,50,104,0.325,,1923
Base on Balls,New York,487,,,1923
Batting Average,New York,.295,,,1923
Doubles,St. Louis,274,,,1923
Hits,New York,1610,,,1923
Home Runs,Philadelphia,112,,,1923
On Base Percentage,New York,.356,,,1923
Runs,New York,854,,,1923
Slugging Average,New York,.415,,,1923
Stolen Bases,Chicago,181,,,1923
Triples,Pittsburgh,111,,,1923
Complete Games,Brooklyn,94,,,1923
ERA,Cincinnati,3.22,,,1923
Fewest Hits Allowed,Chicago,1419,,,1923
Fewest Home Runs Allowed,Cincinnati,28,,,1923
Fewest Walks Allowed,Cincinnati,359,,,1923
Saves,New York,18,,,1923
Shutouts,Boston,13,,,1923
Strikeouts,Brooklyn,548,,,1923
Base on Balls,Rogers Hornsby,St. Louis,89.0,,1924
Batting Average,Rogers Hornsby,St. Louis,0.424,,1924
Doubles,Rogers Hornsby,St. Louis,43.0,,1924
Hits,Rogers Hornsby,St. Louis,227.0,,1924
Home Runs,Jack Fournier,Brooklyn,27.0,,1924
On Base Percentage,Rogers Hornsby,St. Louis,0.507,,1924
RBI,George Kelly,New York,136.0,,1924
Runs,Frankie Frisch,New York,121.0,,1924
Runs,Rogers Hornsby,St. Louis,121.0,,1924
Slugging Average,Rogers Hornsby,St. Louis,0.696,,1924
Stolen Bases,Max Carey,Pittsburgh,49.0,,1924
Total Bases,Rogers Hornsby,St. Louis,373.0,,1924
Triples,Edd Roush,Cincinnati,21.0,,1924
1924 N.L. History | 1924 N.L. History | Year-by-Year History,1924 N.L. History | 1924 N.L. History | Year-by-Year History,1924 N.L. History | 1924 N.L. History | Year-by-Year History,,,1924
Complete Games,Burleigh Grimes,Brooklyn,30.0,,1924
Complete Games,Dazzy Vance,Brooklyn,30.0,,1924
ERA,Dazzy Vance,Brooklyn,2.16,,1924
Games,Ray Kremer,Pittsburgh,41.0,,1924
Games,Johnny Morrison,Pittsburgh,41.0,,1924
Saves,Jakie May,Cincinnati,6.0,,1924
Shutouts,Jesse Barnes,Boston,4.0,,1924
Shutouts,Wilbur Cooper,Pittsburgh,4.0,,1924
Shutouts,Ray Kremer,Pittsburgh,4.0,,1924
Shutouts,Eppa Rixey,Cincinnati,4.0,,1924
Shutouts,Allen Sothoron,St. Louis,4.0,,1924
Shutouts,Emil Yde,Pittsburgh,4.0,,1924
Strikeouts,Dazzy Vance,Brooklyn,262.0,,1924
Winning Percentage,Emil Yde,Pittsburgh,0.842,,1924
Wins,Dazzy Vance,Brooklyn,28.0,,1924
1924 N.L. History | 1924 N.L. History | Year-by-Year History,1924 N.L. History | 1924 N.L. History | Year-by-Year History,1924 N.L. History | 1924 N.L. History | Year-by-Year History,,,1924
Team | Roster,W,L,,,1924
New York Giants,93,60,0.0,0.608,1924
Brooklyn Robins,92,62,0.0,0.597,1924
Pittsburgh Pirates,90,63,0.0,0.588,1924
Cincinnati Reds,83,70,0.0,0.542,1924
Chicago Cubs,81,72,0.0,0.529,1924
St. Louis Cardinals,65,89,0.0,0.422,1924
Philadelphia Phillies,55,96,1.0,0.364,1924
Boston Braves,53,100,1.0,0.346,1924
Team | Roster,W,L,,,1924
National League Team Standings,National League Team Standings,National League Team Standings,,,1924
Base on Balls,Chicago,469,,,1924
Batting Average,New York,.300,,,1924
Doubles,St. Louis,270,,,1924
Hits,New York,1634,,,1924
Home Runs,New York,95,,,1924
On Base Percentage,New York,.358,,,1924
Runs,New York,857,,,1924
Slugging Average,New York,.432,,,1924
Stolen Bases,Pittsburgh,181,,,1924
Triples,Pittsburgh,122,,,1924
Complete Games,Brooklyn,97,,,1924
ERA,Cincinnati,3.12,,,1924
Fewest Hits Allowed,Pittsburgh,1387,,,1924
Fewest Home Runs Allowed,Cincinnati,30,,,1924
Fewest Walks Allowed,Cincinnati,293,,,1924
Saves,New York,21,,,1924
Shutouts,Pittsburgh,15,,,1924
Strikeouts,Brooklyn,638,,,1924
Base on Balls,Jack Fournier,Brooklyn,86.0,,1925
Batting Average,Rogers Hornsby,St. Louis,0.403,,1925
Doubles,Jim Bottomley,St. Louis,44.0,,1925
Hits,Jim Bottomley,St. Louis,227.0,,1925
Home Runs,Rogers Hornsby,St. Louis,39.0,,1925
On Base Percentage,Rogers Hornsby,St. Louis,0.489,,1925
RBI,Rogers Hornsby,St. Louis,143.0,,1925
Runs,Kiki Cuyler,Pittsburgh,144.0,,1925
Slugging Average,Rogers Hornsby,St. Louis,0.756,,1925
Stolen Bases,Max Carey,Pittsburgh,46.0,,1925
Total Bases,Rogers Hornsby,St. Louis,381.0,,1925
Triples,Kiki Cuyler,Pittsburgh,26.0,,1925
Complete Games,Pete Donohue,Cincinnati,27.0,,1925
ERA,Dolf Luque,Cincinnati,2.63,,1925
Games,Johnny Morrison,Pittsburgh,44.0,,1925
Saves,Guy Bush,Chicago,4.0,,1925
Saves,Johnny Morrison,Pittsburgh,4.0,,1925
Shutouts,Hal Carlson,Philadelphia,4.0,,1925
Shutouts,Dolf Luque,Cincinnati,4.0,,1925
Shutouts,Dazzy Vance,Brooklyn,4.0,,1925
Strikeouts,Dazzy Vance,Brooklyn,221.0,,1925
Winning Percentage,Bill Sherdel,St. Louis,0.714,,1925
Wins,Dazzy Vance,Brooklyn,22.0,,1925
1925 National League Team Standings,1925 National League Team Standings,1925 National League Team Standings,,,1925
Team [Click for roster],Wins,Losses,,,1925
Pittsburgh Pirates,95,58,0.621,0.0,1925
New York Giants,86,66,0.566,,1925
Cincinnati Reds,80,73,0.523,15.0,1925
St. Louis Cardinals,77,76,0.503,18.0,1925
Boston Braves,70,83,0.458,25.0,1925
Philadelphia Phillies,68,85,0.444,27.0,1925
Brooklyn Robins,68,85,0.444,27.0,1925
Chicago Cubs,68,86,0.442,,1925
Base on Balls,Pittsburgh,499,,,1925
Batting Average,Pittsburgh,.307,,,1925
Doubles,Pittsburgh,316,,,1925
Hits,Pittsburgh,1651,,,1925
Home Runs,New York,114,,,1925
On Base Percentage,Pittsburgh,.369,,,1925
Runs,Pittsburgh,912,,,1925
Slugging Average,Pittsburgh,.449,,,1925
Stolen Bases,Pittsburgh,159,,,1925
Triples,Pittsburgh,105,,,1925
Complete Games,Cincinnati,92,,,1925
ERA,Cincinnati,3.39,,,1925
Fewest Hits Allowed,Cincinnati,1447,,,1925
Fewest Home Runs Allowed,Cincinnati,35,,,1925
Fewest Walks Allowed,Cincinnati,324,,,1925
Saves,Pittsburgh,13,,,1925
Shutouts,Cincinnati,11,,,1925
Strikeouts,Brooklyn,518,,,1925
Base on Balls,Hack Wilson,Chicago,69.0,,1926
Batting Average,Bubbles Hargrave,Cincinnati,0.353,,1926
Doubles,Jim Bottomley,St. Louis,40.0,,1926
Hits,Eddie Brown,Boston,201.0,,1926
Home Runs,Hack Wilson,Chicago,21.0,,1926
On Base Percentage,Paul Waner,Pittsburgh,0.413,,1926
RBI,Jim Bottomley,St. Louis,120.0,,1926
Runs,Kiki Cuyler,Pittsburgh,113.0,,1926
Slugging Average,Cy Williams,Philadelphia,0.568,,1926
Stolen Bases,Kiki Cuyler,Pittsburgh,35.0,,1926
Total Bases,Jim Bottomley,St. Louis,305.0,,1926
Triples,Paul Waner,Pittsburgh,22.0,,1926
Complete Games,Carl Mays,Cincinnati,24.0,,1926
ERA,Ray Kremer,Pittsburgh,2.61,,1926
Games,Jack Scott,New York,50.0,,1926
Saves,Chick Davies,New York,6.0,,1926
Shutouts,Pete Donohue,Cincinnati,5.0,,1926
Strikeouts,Dazzy Vance,Brooklyn,184.0,,1926
Winning Percentage,Ray Kremer,Pittsburgh,0.769,,1926
Wins,Pete Donohue,Cincinnati,20.0,,1926
Wins,Ray Kremer,Pittsburgh,20.0,,1926
Wins,Lee Meadows,Pittsburgh,20.0,,1926
Wins,Flint Rhem,St. Louis,20.0,,1926
1926 National League Team Standings,1926 National League Team Standings,1926 National League Team Standings,,,1926
Team [Click for roster],Wins,Losses,,,1926
St. Louis Cardinals,89,65,0.578,0.0,1926
Cincinnati Reds,87,67,0.565,2.0,1926
Pittsburgh Pirates,84,69,0.549,,1926
Chicago Cubs,82,72,0.532,7.0,1926
New York Giants,74,77,0.49,,1926
Brooklyn Robins,71,82,0.464,,1926
Boston Braves,66,86,0.434,22.0,1926
Philadelphia Phillies,58,93,0.384,,1926
Base on Balls,St. Louis,478,,,1926
Batting Average,Cincinnati,.290,,,1926
Doubles,Chicago,291,,,1926
Hits,Cincinnati,1541,,,1926
Hits,St. Louis,1541,,,1926
Home Runs,St. Louis,90,,,1926
On Base Percentage,Cincinnati,.349,,,1926
Runs,St. Louis,817,,,1926
Slugging Average,St. Louis,.415,,,1926
Stolen Bases,New York,94,,,1926
Triples,Cincinnati,120,,,1926
Complete Games,St. Louis,90,,,1926
ERA,Chicago,3.26,,,1926
Fewest Hits Allowed,New York,1370,,,1926
Fewest Home Runs Allowed,Chicago,39,,,1926
Fewest Walks Allowed,Cincinnati,324,,,1926
Saves,Pittsburgh,18,,,1926
Shutouts,Cincinnati,14,,,1926
Strikeouts,Brooklyn,517,,,1926
Base on Balls,Rogers Hornsby,Boston,86.0,,1927
Batting Average,Paul Waner,Pittsburgh,0.38,,1927
Doubles,Riggs Stephenson,Chicago,46.0,,1927
Hits,Paul Waner,Pittsburgh,237.0,,1927
Home Runs,Cy Williams,Philadelphia,30.0,,1927
Home Runs,Hack Wilson,Chicago,30.0,,1927
On Base Percentage,Rogers Hornsby,New York,0.448,,1927
RBI,Paul Waner,Pittsburgh,131.0,,1927
Runs,Rogers Hornsby,New York,133.0,,1927
Runs,Lloyd Waner,Pittsburgh,133.0,,1927
Slugging Average,Chick Hafey,St. Louis,0.59,,1927
Stolen Bases,Frankie Frisch,St. Louis,48.0,,1927
Total Bases,Paul Waner,Pittsburgh,342.0,,1927
Triples,Paul Waner,Pittsburgh,18.0,,1927
1927 N.L. History | 1927 A.L. History | Year-by-Year History,1927 N.L. History | 1927 A.L. History | Year-by-Year History,1927 N.L. History | 1927 A.L. History | Year-by-Year History,,,1927
Complete Games,Jesse Haines,St. Louis,25.0,,1927
Complete Games,Lee Meadows,Pittsburgh,25.0,,1927
Complete Games,Dazzy Vance,Brooklyn,25.0,,1927
ERA,Ray Kremer,Pittsburgh,2.47,,1927
Games,Charlie Root,Chicago,48.0,,1927
Games,Jack Scott,Philadelphia,48.0,,1927
Saves,Bill Sherdel,St. Louis,6.0,,1927
Shutouts,Jesse Haines,St. Louis,6.0,,1927
Strikeouts,Dazzy Vance,Brooklyn,184.0,,1927
Winning Percentage,Larry Benton,Boston,0.708,,1927
Winning Percentage,Larry Benton,New York,0.708,,1927
Wins,Charlie Root,Chicago,26.0,,1927
1927 N.L. History | 1927 A.L. History | Year-by-Year History,1927 N.L. History | 1927 A.L. History | Year-by-Year History,1927 N.L. History | 1927 A.L. History | Year-by-Year History,,,1927
Team | Roster,W,L,,,1927
Pittsburgh Pirates,94,60,0.61,0.0,1927
St.Louis Cardinals,92,61,0.601,,1927
New York Giants,92,62,0.597,2.0,1927
Chicago Cubs,85,68,0.556,,1927
Cincinnati Reds,75,78,0.49,,1927
Brooklyn Robins,65,88,0.425,,1927
Boston Braves,60,94,0.39,34.0,1927
Philadelphia Phillies,51,103,0.331,43.0,1927
Team | Roster,W,L,,,1927
National League Team Standings,National League Team Standings,National League Team Standings,,,1927
Base on Balls,St. Louis,484,,,1927
Batting Average,Pittsburgh,.305,,,1927
Doubles,Chicago,266,,,1927
Hits,Pittsburgh,1648,,,1927
Home Runs,New York,109,,,1927
On Base Percentage,Pittsburgh,.361,,,1927
Runs,New York,817,,,1927
Runs,Pittsburgh,817,,,1927
Slugging Average,New York,.427,,,1927
Stolen Bases,St. Louis,110,,,1927
Triples,St. Louis,79,,,1927
Complete Games,Pittsburgh,90,,,1927
ERA,Brooklyn,3.36,,,1927
Fewest Hits Allowed,Brooklyn,1382,,,1927
Fewest Home Runs Allowed,Cincinnati,36,,,1927
Fewest Walks Allowed,Cincinnati,316,,,1927
Saves,New York,16,,,1927
Shutouts,St. Louis,14,,,1927
Strikeouts,Brooklyn,574,,,1927
Base on Balls,Rogers Hornsby,Boston,107.0,,1928
Batting Average,Rogers Hornsby,Boston,0.387,,1928
Doubles,Paul Waner,Pittsburgh,50.0,,1928
Hits,Freddie Lindstrom,New York,231.0,,1928
Home Runs,Jim Bottomley,St. Louis,31.0,,1928
Home Runs,Hack Wilson,Chicago,31.0,,1928
On Base Percentage,Rogers Hornsby,Boston,0.498,,1928
RBI,Jim Bottomley,St. Louis,136.0,,1928
Runs,Paul Waner,Pittsburgh,142.0,,1928
Slugging Average,Rogers Hornsby,Boston,0.632,,1928
Stolen Bases,Kiki Cuyler,Chicago,37.0,,1928
Total Bases,Jim Bottomley,St. Louis,362.0,,1928
Triples,Jim Bottomley,St. Louis,20.0,,1928
Complete Games,Larry Benton,New York,28.0,,1928
Complete Games,Burleigh Grimes,Pittsburgh,28.0,,1928
ERA,Dazzy Vance,Brooklyn,2.09,,1928
Games,Burleigh Grimes,Pittsburgh,48.0,,1928
Saves,Hal Haid,St. Louis,5.0,,1928
Saves,Bill Sherdel,St. Louis,5.0,,1928
Shutouts,Sheriff Blake,Chicago,4.0,,1928
Shutouts,Burleigh Grimes,Pittsburgh,4.0,,1928
Shutouts,Red Lucas,Cincinnati,4.0,,1928
Shutouts,Doug McWeeny,Brooklyn,4.0,,1928
Shutouts,Dazzy Vance,Brooklyn,4.0,,1928
Strikeouts,Dazzy Vance,Brooklyn,200.0,,1928
Winning Percentage,Larry Benton,New York,0.735,,1928
Wins,Larry Benton,New York,25.0,,1928
Wins,Burleigh Grimes,Pittsburgh,25.0,,1928
1928 National League Team Standings,1928 National League Team Standings,1928 National League Team Standings,,,1928
Team [Click for roster],Wins,Losses,,,1928
St.Louis Cardinals,95,59,0.617,0.0,1928
New York Giants,93,61,0.604,2.0,1928
Chicago Cubs,91,63,0.591,4.0,1928
Pittsburgh Pirates,85,67,0.559,9.0,1928
Cincinnati Reds,78,74,0.513,16.0,1928
Brooklyn Robins,77,76,0.503,,1928
Boston Braves,50,103,0.327,,1928
Philadelphia Phillies,43,109,0.283,51.0,1928
Base on Balls,St. Louis,568,,,1928
Batting Average,Pittsburgh,.309,,,1928
Doubles,St. Louis,292,,,1928
Hits,Pittsburgh,1659,,,1928
Home Runs,New York,118,,,1928
On Base Percentage,Pittsburgh,.364,,,1928
Runs,Pittsburgh,837,,,1928
Slugging Average,New York,.430,,,1928
Stolen Bases,Chicago,83,,,1928
Stolen Bases,Cincinnati,83,,,1928
Triples,Pittsburgh,100,,,1928
Complete Games,St. Louis,83,,,1928
ERA,Brooklyn,3.25,,,1928
Fewest Hits Allowed,Brooklyn,1378,,,1928
Fewest Home Runs Allowed,Chicago,56,,,1928
Fewest Walks Allowed,St. Louis,399,,,1928
Saves,St. Louis,21,,,1928
Shutouts,Brooklyn,16,,,1928
Strikeouts,Brooklyn,551,,,1928
Base on Balls,Mel Ott,New York,113.0,,1929
Batting Average,Lefty O'Doul,Philadelphia,0.398,,1929
Doubles,Johnny Frederick,Brooklyn,52.0,,1929
Hits,Lefty O'Doul,Philadelphia,254.0,,1929
Home Runs,Chuck Klein,Philadelphia,43.0,,1929
On Base Percentage,Lefty O'Doul,Philadelphia,0.465,,1929
RBI,Hack Wilson,Chicago,159.0,,1929
Runs,Rogers Hornsby,Chicago,156.0,,1929
Slugging Average,Rogers Hornsby,Chicago,0.679,,1929
Stolen Bases,Kiki Cuyler,Chicago,43.0,,1929
Total Bases,Rogers Hornsby,Chicago,409.0,,1929
Triples,Lloyd Waner,Pittsburgh,20.0,,1929
Complete Games,Red Lucas,Cincinnati,28.0,,1929
ERA,Bill Walker,New York,3.09,,1929
Games,Guy Bush,Chicago,50.0,,1929
Saves,Guy Bush,Chicago,8.0,,1929
Saves,Johnny Morrison,Brooklyn,8.0,,1929
Shutouts,Pat Malone,Chicago,5.0,,1929
Strikeouts,Pat Malone,Chicago,166.0,,1929
Winning Percentage,Charlie Root,Chicago,0.76,,1929
Wins,Pat Malone,Chicago,22.0,,1929
1929 National League Team Standings,1929 National League Team Standings,1929 National League Team Standings,,,1929
Team [Click for roster],Wins,Losses,,,1929
Chicago Cubs,98,54,0.645,0.0,1929
Pittsburgh Pirates,88,65,0.575,,1929
New York Giants,84,67,0.556,,1929
St.Louis Cardinals,78,74,0.513,20.0,1929
Philadelphia Phillies,71,82,0.464,,1929
Brooklyn Robins,70,83,0.458,,1929
Cincinnati Reds,66,88,0.429,33.0,1929
Boston Braves,56,98,0.364,43.0,1929
Base on Balls,Chicago,589,,,1929
Batting Average,Philadelphia,.309,,,1929
Doubles,Chicago,310,,,1929
Doubles,St. Louis,310,,,1929
Hits,Philadelphia,1693,,,1929
Home Runs,Philadelphia,153,,,1929
On Base Percentage,Philadelphia,.377,,,1929
Runs,Chicago,982,,,1929
Slugging Average,Philadelphia,.467,,,1929
Stolen Bases,Cincinnati,134,,,1929
Triples,Pittsburgh,116,,,1929
Complete Games,St. Louis,83,,,1929
ERA,New York,3.97,,,1929
Fewest Hits Allowed,Pittsburgh,1530,,,1929
Fewest Home Runs Allowed,Cincinnati,61,,,1929
Fewest Walks Allowed,New York,387,,,1929
Saves,Philadelphia,24,,,1929
Shutouts,Chicago,14,,,1929
Strikeouts,Brooklyn,549,,,1929
Base on Balls,Hack Wilson,Chicago,105.0,,1930
Batting Average,Bill Terry,New York,0.401,,1930
Doubles,Chuck Klein,Philadelphia,59.0,,1930
Hits,Bill Terry,New York,254.0,,1930
Home Runs,Hack Wilson,Chicago,56.0,,1930
On Base Percentage,Mel Ott,New York,0.458,,1930
RBI,Hack Wilson,Chicago,191.0,,1930
Runs,Chuck Klein,Philadelphia,158.0,,1930
Slugging Average,Hack Wilson,Chicago,0.723,,1930
Stolen Bases,Kiki Cuyler,Chicago,37.0,,1930
Total Bases,Chuck Klein,Philadelphia,445.0,,1930
Triples,Adam Comorosky,Pittsburgh,23.0,,1930
1930N.L. History | 1930 A.L. History | Year-by-Year History,1930N.L. History | 1930 A.L. History | Year-by-Year History,1930N.L. History | 1930 A.L. History | Year-by-Year History,,,1930
Complete Games,Erv Brame,Pittsburgh,22.0,,1930
Complete Games,Pat Malone,Chicago,22.0,,1930
ERA,Dazzy Vance,Brooklyn,2.61,,1930
Games,Hal Elliott,Philadelphia,48.0,,1930
Saves,Hi Bell,St. Louis,8.0,,1930
Shutouts,Charlie Root,Chicago,4.0,,1930
Shutouts,Dazzy Vance,Brooklyn,4.0,,1930
Strikeouts,Bill Hallahan,St. Louis,177.0,,1930
Winning Percentage,Freddie Fitzsimmons,New York,0.731,,1930
Wins,Ray Kremer,Pittsburgh,20.0,,1930
Wins,Pat Malone,Chicago,20.0,,1930
1930N.L. History | 1930 A.L. History | Year-by-Year History,1930N.L. History | 1930 A.L. History | Year-by-Year History,1930N.L. History | 1930 A.L. History | Year-by-Year History,,,1930
Team | Roster,W,L,,,1930
St. Louis Cardinals,92,62,0.597,0.0,1930
Chicago Cubs,90,64,0.584,2.0,1930
New York Giants,87,67,0.565,5.0,1930
Brooklyn Robins,86,68,0.558,6.0,1930
Pittsburgh Pirates,80,74,0.519,12.0,1930
Boston Braves,70,84,0.455,22.0,1930
Cincinnati Reds,59,95,0.383,33.0,1930
Philadelphia Phillies,52,102,0.338,40.0,1930
Team | Roster,W,L,,,1930
National League Team Standings,National League Team Standings,National League Team Standings,,,1930
Base on Balls,Chicago,588,,,1930
Batting Average,New York,.319,,,1930
Doubles,St. Louis,373,,,1930
Hits,Philadelphia,1783,,,1930
Home Runs,Chicago,171,,,1930
On Base Percentage,Chicago,.378,,,1930
Runs,St. Louis,1004,,,1930
Slugging Average,Chicago,.481,,,1930
Stolen Bases,Pittsburgh,76,,,1930
Triples,Pittsburgh,119,,,1930
Complete Games,New York,90,,,1930
ERA,New York,3.31,,,1930
Fewest Hits Allowed,New York,1341,,,1930
Fewest Home Runs Allowed,Cincinnati,51,,,1930
Fewest Walks Allowed,Brooklyn,351,,,1930
Saves,St. Louis,20,,,1930
Shutouts,New York,17,,,1930
Shutouts,St. Louis,17,,,1930
Strikeouts,St. Louis,626,,,1930
Base on Balls,Mel Ott,New York,80.0,,1931
Batting Average,Chick Hafey,St. Louis,0.349,,1931
Doubles,Sparky Adams,St. Louis,46.0,,1931
Hits,Lloyd Waner,Pittsburgh,214.0,,1931
Home Runs,Chuck Klein,Philadelphia,31.0,,1931
On Base Percentage,Chick Hafey,St. Louis,0.404,,1931
RBI,Chuck Klein,Philadelphia,121.0,,1931
Runs,Chuck Klein,Philadelphia,121.0,,1931
Runs,Bill Terry,New York,121.0,,1931
Slugging Average,Chuck Klein,Philadelphia,0.584,,1931
Stolen Bases,Frankie Frisch,St. Louis,28.0,,1931
Total Bases,Chuck Klein,Philadelphia,347.0,,1931
Triples,Bill Terry,New York,20.0,,1931
Complete Games,Red Lucas,Cincinnati,24.0,,1931
ERA,Bill Walker,New York,2.26,,1931
Games,Jumbo Elliott,Philadelphia,52.0,,1931
Saves,Jack Quinn,Brooklyn,15.0,,1931
Shutouts,Bill Walker,New York,6.0,,1931
Strikeouts,Bill Hallahan,St. Louis,159.0,,1931
Winning Percentage,Paul Derringer,St. Louis,0.692,,1931
Wins,Jumbo Elliott,Philadelphia,19.0,,1931
Wins,Bill Hallahan,St. Louis,19.0,,1931
Wins,Heinie Meine,Pittsburgh,19.0,,1931
1931 National League Team Standings,1931 National League Team Standings,1931 National League Team Standings,,,1931
Team [Click for roster],Wins,Losses,,,1931
St.Louis Cardinals,101,53,0.656,0.0,1931
New York Giants,87,65,0.572,13.0,1931
Chicago Cubs,84,70,0.545,17.0,1931
Brooklyn Robins,79,73,0.52,21.0,1931
Pittsburgh Pirates,75,79,0.487,26.0,1931
Philadelphia Phillies,66,88,0.429,35.0,1931
Boston Braves,64,90,0.416,37.0,1931
Cincinnati Reds,58,96,0.377,43.0,1931
Base on Balls,Chicago,577,,,1931
Batting Average,Chicago,.289,,,1931
Doubles,St. Louis,353,,,1931
Hits,Chicago,1578,,,1931
Home Runs,New York,101,,,1931
On Base Percentage,Chicago,.360,,,1931
Runs,Chicago,828,,,1931
Slugging Average,Chicago,.422,,,1931
Stolen Bases,St. Louis,114,,,1931
Triples,Brooklyn,77,,,1931
Complete Games,Pittsburgh,80,,,1931
ERA,Brooklyn,4.03,,,1931
Fewest Hits Allowed,Brooklyn,1480,,,1931
Fewest Home Runs Allowed,Cincinnati,75,,,1931
Fewest Walks Allowed,Brooklyn,394,,,1931
Fewest Walks Allowed,Cincinnati,394,,,1931
Saves,St. Louis,21,,,1931
Shutouts,Brooklyn,13,,,1931
Strikeouts,St. Louis,639,,,1931
Base on Balls,Mel Ott,New York,100.0,,1932
Batting Average,Lefty O'Doul,Brooklyn,0.368,,1932
Doubles,Paul Waner,Pittsburgh,62.0,,1932
Hits,Chuck Klein,Philadelphia,226.0,,1932
Home Runs,Chuck Klein,Philadelphia,38.0,,1932
Home Runs,Mel Ott,New York,38.0,,1932
On Base Percentage,Mel Ott,New York,0.424,,1932
RBI,Don Hurst,Philadelphia,143.0,,1932
Runs,Chuck Klein,Philadelphia,152.0,,1932
Slugging Average,Chuck Klein,Philadelphia,0.646,,1932
Stolen Bases,Chuck Klein,Philadelphia,20.0,,1932
Total Bases,Chuck Klein,Philadelphia,420.0,,1932
Triples,Babe Herman,Cincinnati,19.0,,1932
1932 N.L. History | 1932 A.L. History | Year-by-Year History,1932 N.L. History | 1932 A.L. History | Year-by-Year History,1932 N.L. History | 1932 A.L. History | Year-by-Year History,,,1932
Complete Games,Red Lucas,Cincinnati,28.0,,1932
ERA,Lon Warneke,Chicago,2.37,,1932
Games,Larry French,Pittsburgh,47.0,,1932
Saves,Jack Quinn,Brooklyn,8.0,,1932
Shutouts,Dizzy Dean,St. Louis,4.0,,1932
Shutouts,Steve Swetonic,Pittsburgh,4.0,,1932
Shutouts,Lon Warneke,Chicago,4.0,,1932
Strikeouts,Dizzy Dean,St. Louis,191.0,,1932
Winning Percentage,Lon Warneke,Chicago,0.786,,1932
Wins,Lon Warneke,Chicago,22.0,,1932
1932 N.L. History | 1932 A.L. History | Year-by-Year History,1932 N.L. History | 1932 A.L. History | Year-by-Year History,1932 N.L. History | 1932 A.L. History | Year-by-Year History,,,1932
Team | Roster,Wins,Losses,,,1932
Chicago Cubs,90,64,0.584,0.0,1932
Pittsburgh Pirates,86,68,0.558,4.0,1932
Brooklyn Dodgers,81,73,0.526,9.0,1932
Philadelphia Phillies,78,76,0.506,12.0,1932
Boston Braves,77,77,0.5,13.0,1932
St.Louis Cardinals,72,82,0.468,18.0,1932
New York Giants,72,82,0.468,18.0,1932
Cincinnati Reds,60,94,0.39,30.0,1932
Team | Roster,Wins,Losses,,,1932
1932 National League Standings,1932 National League Standings,1932 National League Standings,,,1932
Base on Balls,Philadelphia,446,,,1932
Batting Average,Philadelphia,.292,,,1932
Doubles,Philadelphia,330,,,1932
Hits,Philadelphia,1608,,,1932
Home Runs,Philadelphia,122,,,1932
On Base Percentage,Philadelphia,.348,,,1932
Runs,Philadelphia,844,,,1932
Slugging Average,Philadelphia,.442,,,1932
Stolen Bases,St. Louis,92,,,1932
Triples,Pittsburgh,90,,,1932
1932 National League Team Review,1932 National League Team Review,1932 National League Team Review,,,1932
Complete Games,Cincinnati,83,,,1932
ERA,Chicago,3.45,,,1932
Fewest Hits Allowed,Chicago,1444,,,1932
Fewest Home Runs Allowed,Boston,61,,,1932
Fewest Walks Allowed,Cincinnati,276,,,1932
Saves,Philadelphia,17,,,1932
Shutouts,St. Louis,13,,,1932
Strikeouts,St. Louis,681,,,1932
1932 National League Team Review,1932 National League Team Review,1932 National League Team Review,,,1932
Base on Balls,Mel Ott,New York,75.0,,1933
Batting Average,Chuck Klein,Philadelphia,0.368,,1933
Doubles,Chuck Klein,Philadelphia,44.0,,1933
Hits,Chuck Klein,Philadelphia,223.0,,1933
Home Runs,Chuck Klein,Philadelphia,28.0,,1933
On Base Percentage,Chuck Klein,Philadelphia,0.422,,1933
RBI,Chuck Klein,Philadelphia,120.0,,1933
Runs,Pepper Martin,St. Louis,122.0,,1933
Slugging Average,Chuck Klein,Philadelphia,0.602,,1933
Stolen Bases,Pepper Martin,St. Louis,26.0,,1933
Total Bases,Chuck Klein,Philadelphia,365.0,,1933
Triples,Arky Vaughan,Pittsburgh,19.0,,1933
Complete Games,Lon Warneke,Chicago,26.0,,1933
Complete Games,Dizzy Dean,St. Louis,26.0,,1933
ERA,Carl Hubbell,New York,1.66,,1933
Games,Dizzy Dean,St. Louis,48.0,,1933
Saves,Phil Collins,Philadelphia,6.0,,1933
Shutouts,Carl Hubbell,New York,10.0,,1933
Strikeouts,Dizzy Dean,St. Louis,199.0,,1933
Winning Percentage,Ben Cantwell,Boston,0.667,,1933
Wins,Carl Hubbell,New York,23.0,,1933
1933 National League Team Standings,1933 National League Team Standings,1933 National League Team Standings,,,1933
Team [Click for roster],Wins,Losses,,,1933
New York Giants,91,61,0.599,0.0,1933
Pittsburgh Pirates,87,67,0.565,5.0,1933
Chicago Cubs,86,68,0.558,6.0,1933
Boston Braves,83,71,0.539,9.0,1933
St.Louis Cardinals,82,71,0.536,,1933
Brooklyn Dodgers,65,88,0.425,,1933
Philadelphia Phillies,60,92,0.395,31.0,1933
Cincinnati Reds,58,94,0.382,33.0,1933
Base on Balls,Brooklyn,397,,,1933
Batting Average,Pittsburgh,.285,,,1933
Doubles,Chicago,256,,,1933
Doubles,St. Louis,256,,,1933
Hits,Pittsburgh,1548,,,1933
Home Runs,New York,82,,,1933
On Base Percentage,Pittsburgh,.333,,,1933
Runs,St. Louis,687,,,1933
Slugging Average,Pittsburgh,.383,,,1933
Stolen Bases,St. Louis,99,,,1933
Triples,Pittsburgh,84,,,1933
Complete Games,Chicago,95,,,1933
ERA,New York,2.71,,,1933
Fewest Hits Allowed,New York,1280,,,1933
Fewest Home Runs Allowed,Cincinnati,47,,,1933
Fewest Walks Allowed,Cincinnati,257,,,1933
Saves,Boston,16,,,1933
Saves,St. Louis,16,,,1933
Shutouts,New York,23,,,1933
Strikeouts,St. Louis,635,,,1933
Base on Balls,Arky Vaughan,Pittsburgh,94.0,,1934
Batting Average,Paul Waner,Pittsburgh,0.362,,1934
Doubles,Kiki Cuyler,Chicago,42.0,,1934
Doubles,Ethan Allen,Philadelphia,42.0,,1934
Hits,Paul Waner,Pittsburgh,217.0,,1934
Home Runs,Mel Ott,New York,35.0,,1934
Home Runs,Ripper Collins,St. Louis,35.0,,1934
On Base Percentage,Arky Vaughan,Pittsburgh,0.431,,1934
RBI,Mel Ott,New York,135.0,,1934
Runs,Paul Waner,Pittsburgh,122.0,,1934
Slugging Average,Ripper Collins,St. Louis,0.615,,1934
Stolen Bases,Pepper Martin,St. Louis,23.0,,1934
Total Bases,Ripper Collins,St. Louis,369.0,,1934
Triples,Joe Medwick,St. Louis,18.0,,1934
Complete Games,Carl Hubbell,New York,25.0,,1934
ERA,Carl Hubbell,New York,2.3,,1934
Games,Curt Davis,Philadelphia,51.0,,1934
Saves,Carl Hubbell,New York,7.0,,1934
Shutouts,Dizzy Dean,St. Louis,7.0,,1934
Strikeouts,Dizzy Dean,St. Louis,195.0,,1934
Winning Percentage,Dizzy Dean,St. Louis,0.811,,1934
Wins,Dizzy Dean,St. Louis,30.0,,1934
1934 National League Team Standings,1934 National League Team Standings,1934 National League Team Standings,,,1934
Team [Click for roster],Wins,Losses,,,1934
St. Louis Cardinals,95,58,0.621,0.0,1934
New York Giants,93,60,0.608,2.0,1934
Chicago Cubs,86,65,0.57,8.0,1934
Boston Braves,78,73,0.517,16.0,1934
Pittsburgh Pirates,74,76,0.493,,1934
Brooklyn Dodgers,71,81,0.467,,1934
Philadelphia Phillies,56,93,0.376,37.0,1934
Cincinnati Reds,52,99,0.344,42.0,1934
Base on Balls,Brooklyn,548,,,1934
Batting Average,St. Louis,.288,,,1934
Doubles,St. Louis,294,,,1934
Hits,St. Louis,1582,,,1934
Home Runs,New York,126,,,1934
On Base Percentage,Brooklyn,.350,,,1934
Runs,St. Louis,799,,,1934
Slugging Average,St. Louis,.425,,,1934
Stolen Bases,St. Louis,69,,,1934
Triples,Brooklyn,548,,,1934
Complete Games,St. Louis,78,,,1934
ERA,New York,3.19,,,1934
Fewest Hits Allowed,New York,1384,,,1934
Fewest Home Runs Allowed,Cincinnati,61,,,1934
Fewest Walks Allowed,New York,351,,,1934
Saves,New York,30,,,1934
Shutouts,St. Louis,15,,,1934
Strikeouts,St. Louis,689,,,1934
Base on Balls,Arky Vaughan,Pittsburgh,97.0,,1935
Batting Average,Arky Vaughan,Pittsburgh,0.385,,1935
Doubles,Billy Herman,Chicago,57.0,,1935
Hits,Billy Herman,Chicago,227.0,,1935
Home Runs,Wally Berger,Boston,34.0,,1935
On Base Percentage,Arky Vaughan,Pittsburgh,0.491,,1935
RBI,Wally Berger,Boston,130.0,,1935
Runs,Augie Galan,Chicago,133.0,,1935
Slugging Average,Arky Vaughan,Pittsburgh,0.607,,1935
Stolen Bases,Augie Galan,Chicago,22.0,,1935
Total Bases,Joe Medwick,St. Louis,365.0,,1935
Triples,Ival Goodman,Cincinnati,18.0,,1935
1935 N.L. History | 1935 A.L. History | Year-by-Year History,1935 N.L. History | 1935 A.L. History | Year-by-Year History,1935 N.L. History | 1935 A.L. History | Year-by-Year History,,,1935
Complete Games,Dizzy Dean,St. Louis,29.0,,1935
ERA,Cy Blanton,Pittsburgh,2.58,,1935
Games,Orville Jorgens,Philadelphia,53.0,,1935
Saves,Dutch Leonard,Pittsburgh,8.0,,1935
Shutouts,Cy Blanton,Pittsburgh,4.0,,1935
Shutouts,Freddie Fitzsimmons,New York,4.0,,1935
Shutouts,Larry French,Chicago,4.0,,1935
Shutouts,Van Mungo,Brooklyn,4.0,,1935
Shutouts,Jim Weaver,Pittsburgh,4.0,,1935
Strikeouts,Dizzy Dean,St. Louis,190.0,,1935
Winning Percentage,Bill Lee,Chicago,0.769,,1935
Wins,Dizzy Dean,St. Louis,28.0,,1935
1935 N.L. History | 1935 A.L. History | Year-by-Year History,1935 N.L. History | 1935 A.L. History | Year-by-Year History,1935 N.L. History | 1935 A.L. History | Year-by-Year History,,,1935
Team | Roster,W,L,,,1935
Chicago Cubs,100,54,0.649,0.0,1935
St. Louis Cardinals,96,58,0.623,4.0,1935
New York Giants,91,62,0.595,,1935
Pittsburgh Pirates,86,67,0.562,,1935
Brooklyn Dodgers,70,83,0.458,,1935
Cincinnati Reds,68,85,0.444,,1935
Philadelphia Phillies,64,89,0.418,,1935
Boston Braves,38,115,0.248,,1935
Team | Roster,W,L,,,1935
1935 National League Team Standings,1935 National League Team Standings,1935 National League Team Standings,,,1935
Base on Balls,Chicago,464,,,1935
Batting Average,Chicago,.288,,,1935
Doubles,Chicago,303,,,1935
Hits,New York,1608,,,1935
Home Runs,New York,123,,,1935
On Base Percentage,Chicago,.347,,,1935
Runs,Chicago,847,,,1935
Slugging Average,New York,.416,,,1935
Stolen Bases,Cincinnati,72,,,1935
Triples,Pittsburgh,90,,,1935
Complete Games,Chicago,81,,,1935
ERA,Chicago,3.26,,,1935
Fewest Hits Allowed,Chicago,1417,,,1935
Fewest Home Runs Allowed,Pittsburgh,63,,,1935
Fewest Walks Allowed,Pittsburgh,312,,,1935
Saves,Brooklyn,20,,,1935
Shutouts,Pittsburgh,15,,,1935
Strikeouts,St. Louis,602,,,1935
Base on Balls,Arky Vaughan,Pittsburgh,118.0,,1936
Batting Average,Paul Waner,Pittsburgh,0.373,,1936
Doubles,Joe Medwick,St. Louis,64.0,,1936
Hits,Joe Medwick,St. Louis,223.0,,1936
Home Runs,Mel Ott,New York,33.0,,1936
On Base Percentage,Arky Vaughan,Pittsburgh,0.453,,1936
RBI,Joe Medwick,St. Louis,138.0,,1936
Runs,Arky Vaughan,Pittsburgh,122.0,,1936
Slugging Average,Mel Ott,New York,0.488,,1936
Stolen Bases,Pepper Martin,St. Louis,23.0,,1936
Total Bases,Joe Medwick,St. Louis,367.0,,1936
Triples,Ival Goodman,Cincinnati,14.0,,1936
1936 N.L. History | 1936 A.L. History | Year-by-Year History,1936 N.L. History | 1936 A.L. History | Year-by-Year History,1936 N.L. History | 1936 A.L. History | Year-by-Year History,,,1936
Complete Games,Dizzy Dean,St. Louis,28.0,,1936
ERA,Carl Hubbell,New York,2.31,,1936
Games,Dizzy Dean,St. Louis,51.0,,1936
Games,Paul Derringer,Cincinnati,51.0,,1936
Saves,Dizzy Dean,St. Louis,11.0,,1936
Shutouts,Cy Blanton,Pittsburgh,4.0,,1936
Shutouts,Tex Carleton,Chicago,4.0,,1936
Shutouts,Larry French,Chicago,4.0,,1936
Shutouts,Bill Lee,Chicago,4.0,,1936
Shutouts,Al Smith,New York,4.0,,1936
Shutouts,Bucky Walters,Philadelphia,4.0,,1936
Shutouts,Lon Warneke,Chicago,4.0,,1936
Strikeouts,Van Mungo,Brooklyn,238.0,,1936
Winning Percentage,Carl Hubbell,New York,0.813,,1936
Wins,Carl Hubbell,New York,26.0,,1936
1936 N.L. History | 1936 A.L. History | Year-by-Year History,1936 N.L. History | 1936 A.L. History | Year-by-Year History,1936 N.L. History | 1936 A.L. History | Year-by-Year History,,,1936
Team | Roster,Wins,Losses,,,1936
New York Giants,92,62,0.597,0.0,1936
St. Louis Cardinals,87,67,0.565,5.0,1936
Chicago Cubs,87,67,0.565,5.0,1936
Pittsburgh Pirates,84,70,0.545,8.0,1936
Cincinnati Reds,74,80,0.481,18.0,1936
Boston Bees,71,83,0.461,21.0,1936
Brooklyn Dodgers,67,87,0.435,25.0,1936
Philadelphia Phillies,54,100,0.351,38.0,1936
Team | Roster,Wins,Losses,,,1936
1936 National League Standings,1936 National League Standings,1936 National League Standings,,,1936
Base on Balls,Pittsburgh,517,,,1936
Batting Average,Pittsburgh,.286,,,1936
Doubles,St. Louis,332,,,1936
Hits,Pittsburgh,1596,,,1936
Home Runs,Philadelphia,103,,,1936
On Base Percentage,Pittsburgh,.349,,,1936
Runs,Pittsburgh,804,,,1936
Slugging Average,St. Louis,.410,,,1936
Stolen Bases,St. Louis,69,,,1936
Triples,Pittsburgh,80,,,1936
1936 National League Team Review,1936 National League Team Review,1936 National League Team Review,,,1936
Complete Games,Chicago,77,,,1936
ERA,New York,3.46,,,1936
Fewest Hits Allowed,Chicago,1413,,,1936
Fewest Home Runs Allowed,Cincinnati,51,,,1936
Fewest Walks Allowed,Pittsburgh,379,,,1936
Saves,St. Louis,24,,,1936
Shutouts,Chicago,18,,,1936
Strikeouts,Brooklyn,651,,,1936
1936 National League Team Review,1936 National League Team Review,1936 National League Team Review,,,1936
Base on Balls,Mel Ott,New York,102.0,,1937
Batting Average,Joe Medwick,St. Louis,0.374,,1937
Doubles,Joe Medwick,St. Louis,56.0,,1937
Hits,Joe Medwick,St. Louis,237.0,,1937
Home Runs,Joe Medwick,St. Louis,31.0,,1937
On Base Percentage,Mel Ott,New York,0.442,,1937
On Base Percentage,Joe Medwick,St. Louis,0.442,,1937
RBI,Joe Medwick,St. Louis,154.0,,1937
Runs,Joe Medwick,St. Louis,111.0,,1937
Slugging Average,Joe Medwick,St. Louis,0.641,,1937
Stolen Bases,Augie Galan,Chicago,23.0,,1937
Total Bases,Joe Medwick,St. Louis,406.0,,1937
Triples,Arky Vaughan,Pittsburgh,17.0,,1937
Complete Games,Jim Turner,Boston,24.0,,1937
ERA,Jim Turner,Boston,2.38,,1937
Games,Hugh Mulcahy,Philadelphia,56.0,,1937
Saves,Mace Brown,Pittsburgh,7.0,,1937
Saves,Cliff Melton,New York,7.0,,1937
Shutouts,Lou Fette,Boston,5.0,,1937
Shutouts,Lee Grissom,Cincinnati,5.0,,1937
Shutouts,Jim Turner,Boston,5.0,,1937
Strikeouts,Carl Hubbell,New York,159.0,,1937
Winning Percentage,Carl Hubbell,New York,0.733,,1937
Wins,Carl Hubbell,New York,22.0,,1937
1937 National League Team Standings,1937 National League Team Standings,1937 National League Team Standings,,,1937
Team [Click for roster],Wins,Losses,,,1937
New York Giants,95,57,0.625,0.0,1937
Chicago Cubs,93,61,0.604,3.0,1937
Pittsburgh Pirates,86,68,0.558,10.0,1937
St. Louis Cardinals,81,73,0.526,15.0,1937
Boston Bees,79,73,0.52,16.0,1937
Brooklyn Dodgers,62,91,0.405,,1937
Philadelphia Phillies,61,92,0.399,,1937
Cincinnati Reds,56,98,0.364,40.0,1937
Base on Balls,Chicago,538,,,1937
Batting Average,Chicago,.287,,,1937
Doubles,St. Louis,264,,,1937
Hits,Pittsburgh,1550,,,1937
Home Runs,New York,111,,,1937
On Base Percentage,Chicago,.355,,,1937
Runs,Chicago,811,,,1937
Slugging Average,Chicago,.416,,,1937
Stolen Bases,St. Louis,78,,,1937
Triples,Pittsburgh,86,,,1937
Complete Games,Boston,85,,,1937
ERA,Boston,3.22,,,1937
Fewest Hits Allowed,New York,1341,,,1937
Fewest Home Runs Allowed,Cincinnati,38,,,1937
Fewest Walks Allowed,Boston,372,,,1937
Saves,Cincinnati,18,,,1937
Shutouts,Boston,16,,,1937
Strikeouts,New York,653,,,1937
Base on Balls,Dolph Camilli,Brooklyn,119.0,,1938
Batting Average,Ernie Lombardi,Cincinnati,0.342,,1938
Doubles,Joe Medwick,St. Louis,47.0,,1938
Hits,Frank McCormick,Cincinnati,209.0,,1938
Home Runs,Mel Ott,New York,36.0,,1938
On Base Percentage,Mel Ott,New York,0.442,,1938
RBI,Joe Medwick,St. Louis,122.0,,1938
Runs,Mel Ott,New York,116.0,,1938
Slugging Average,Johnny Mize,St. Louis,0.614,,1938
Stolen Bases,Stan Hack,Chicago,16.0,,1938
Total Bases,Johnny Mize,St. Louis,326.0,,1938
Triples,Johnny Mize,St. Louis,16.0,,1938
Complete Games,Paul Derringer,Cincinnati,26.0,,1938
ERA,Bill Lee,Chicago,2.66,,1938
Games,Mace Brown,Pittsburgh,51.0,,1938
Games,Dick Coffman,New York,51.0,,1938
Saves,Dick Coffman,New York,12.0,,1938
Shutouts,Bill Lee,Chicago,9.0,,1938
Strikeouts,Clay Bryant,Chicago,135.0,,1938
Winning Percentage,Bill Lee,Chicago,0.71,,1938
Wins,Bill Lee,Chicago,22.0,,1938
1938 National League Team Standings,1938 National League Team Standings,1938 National League Team Standings,,,1938
Team [Click for roster],Wins,Losses,,,1938
Chicago Cubs,89,63,0.586,0.0,1938
Pittsburgh Pirates,86,64,0.573,2.0,1938
New York Giants,83,67,0.553,5.0,1938
Cincinnati Reds,82,68,0.547,6.0,1938
Boston Bees,77,75,0.507,12.0,1938
St. Louis Cardinals,71,80,0.47,,1938
Brooklyn Dodgers,69,80,0.463,,1938
Philadelphia Phillies,45,105,0.3,43.0,1938
Base on Balls,Brooklyn,611,,,1938
Batting Average,Pittsburgh,.279,,,1938
Doubles,St. Louis,288,,,1938
Hits,St. Louis,1542,,,1938
Home Runs,New York,125,,,1938
On Base Percentage,Pittsburgh,.340,,,1938
Runs,St. Louis,725,,,1938
Slugging Average,St. Louis,.407,,,1938
Stolen Bases,Brooklyn,66,,,1938
Triples,Brooklyn,79,,,1938
Complete Games,Boston,83,,,1938
ERA,Chicago,3.38,,,1938
Fewest Hits Allowed,Cincinnati,1329,,,1938
Fewest Home Runs Allowed,Boston,66,,,1938
Fewest Walks Allowed,New York,389,,,1938
Saves,Chicago,18,,,1938
Saves,New York,18,,,1938
Shutouts,Chicago,16,,,1938
Strikeouts,Chicago,583,,,1938
Base on Balls,Dolph Camilli,Brooklyn,110.0,,1939
Batting Average,Johnny Mize,St. Louis,0.349,,1939
Doubles,Enos Slaughter,St. Louis,52.0,,1939
Hits,Frank McCormick,Cincinnati,209.0,,1939
Home Runs,Johnny Mize,St. Louis,28.0,,1939
On Base Percentage,Mel Ott,New York,0.449,,1939
RBI,Frank McCormick,Cincinnati,128.0,,1939
Runs,Billy Werber,Cincinnati,115.0,,1939
Slugging Average,Johnny Mize,St. Louis,0.626,,1939
Stolen Bases,Stan Hack,Chicago,17.0,,1939
Stolen Bases,Lee Handley,Pittsburgh,17.0,,1939
Total Bases,Johnny Mize,St. Louis,353.0,,1939
Triples,Billy Herman,Chicago,18.0,,1939
Complete Games,Bucky Walters,Cincinnati,31.0,,1939
ERA,Bucky Walters,Cincinnati,2.29,,1939
Games,Clyde Shoun,St. Louis,53.0,,1939
Saves,Bob Bowman,St. Louis,9.0,,1939
Saves,Clyde Shoun,St. Louis,9.0,,1939
Shutouts,Lou Fette,Boston,6.0,,1939
Strikeouts,Claude Passeau,Philadelphia,137.0,,1939
Strikeouts,Claude Passeau,Chicago,137.0,,1939
Strikeouts,Bucky Walters,Cincinnati,137.0,,1939
Winning Percentage,Paul Derringer,Cincinnati,0.781,,1939
Wins,Bucky Walters,Cincinnati,27.0,,1939
1939 National League Team Standings,1939 National League Team Standings,1939 National League Team Standings,,,1939
Team [Click for roster],Wins,Losses,,,1939
Cincinnati Reds,97,57,0.63,0.0,1939
St. Louis Cardinals,92,61,0.601,,1939
Brooklyn Dodgers,84,69,0.549,,1939
Chicago Cubs,84,70,0.545,13.0,1939
New York Giants,77,74,0.51,,1939
Pittsburgh Pirates,68,85,0.444,,1939
Boston Bees,63,88,0.417,,1939
Philadelphia Phillies,45,106,0.298,,1939
Base on Balls,Brooklyn,564,,,1939
Batting Average,St. Louis,.294,,,1939
Doubles,St. Louis,332,,,1939
Hits,St. Louis,1601,,,1939
Home Runs,New York,116,,,1939
On Base Percentage,St. Louis,.354,,,1939
Runs,St. Louis,779,,,1939
Slugging Average,St. Louis,.432,,,1939
Stolen Bases,Chicago,61,,,1939
Triples,Chicago,62,,,1939
Triples,St. Louis,62,,,1939
Complete Games,Cincinnati,86,,,1939
ERA,Cincinnati,3.28,,,1939
Fewest Hits Allowed,Cincinnati,1340,,,1939
Fewest Home Runs Allowed,Boston,63,,,1939
Fewest Walks Allowed,Brooklyn,399,,,1939
Saves,St. Louis,32,,,1939
Shutouts,St. Louis,18,,,1939
Strikeouts,Cincinnati,637,,,1939
Base on Balls,Elbie Fletcher,Pittsburgh,119.0,,1940
Batting Average,Stan Hack,Chicago,0.317,,1940
Doubles,Frank McCormick,Cincinnati,44.0,,1940
Hits,Stan Hack,Chicago,191.0,,1940
Hits,Frank McCormick,Cincinnati,191.0,,1940
Home Runs,Johnny Mize,St. Louis,43.0,,1940
On Base Percentage,Elbie Fletcher,Pittsburgh,0.418,,1940
RBI,Johnny Mize,St. Louis,137.0,,1940
Runs,Arky Vaughan,Pittsburgh,113.0,,1940
Slugging Average,Johnny Mize,St. Louis,0.636,,1940
Stolen Bases,Lonny Frey,Cincinnati,22.0,,1940
Total Bases,Johnny Mize,St. Louis,368.0,,1940
Triples,Arky Vaughan,Pittsburgh,15.0,,1940
Complete Games,Bucky Walters,Cincinnati,29.0,,1940
ERA,Bucky Walters,Cincinnati,2.48,,1940
Games,Clyde Shoun,St. Louis,54.0,,1940
Saves,Joe Beggs,Cincinnati,7.0,,1940
Saves,Jumbo Brown,New York,7.0,,1940
Saves,Mace Brown,Pittsburgh,7.0,,1940
Shutouts,Manny Salvo,Boston,5.0,,1940
Shutouts,Whit Wyatt,Brooklyn,5.0,,1940
Strikeouts,Kirby Higbe,Philadelphia,137.0,,1940
Winning Percentage,Freddie Fitzsimmons,Brooklyn,0.889,,1940
Wins,Bucky Walters,Cincinnati,22.0,,1940
1940 National League Team Standings,1940 National League Team Standings,1940 National League Team Standings,,,1940
Team [Click for roster],Wins,Losses,,,1940
Cincinnati Reds,100,53,0.654,0.0,1940
Brooklyn Dodgers,88,65,0.575,12.0,1940
St. Louis Cardinals,84,69,0.549,16.0,1940
Pittsburgh Pirates,78,76,0.506,,1940
Chicago Cubs,75,79,0.487,,1940
New York Giants,72,80,0.474,,1940
Boston Bees,65,87,0.428,,1940
Philadelphia Phillies,50,103,0.327,50.0,1940
Base on Balls,Pittsburgh,553,,,1940
Batting Average,Pittsburgh,.276,,,1940
Doubles,Pittsburgh,276,,,1940
Hits,St. Louis,1514,,,1940
Home Runs,St. Louis,119,,,1940
On Base Percentage,Pittsburgh,.346,,,1940
Runs,Pittsburgh,809,,,1940
Slugging Average,St. Louis,.411,,,1940
Stolen Bases,St. Louis,97,,,1940
Triples,Brooklyn,70,,,1940
Complete Games,Cincinnati,91,,,1940
ERA,Cincinnati,3.05,,,1940
Fewest Hits Allowed,Cincinnati,1263,,,1940
Fewest Home Runs Allowed,Pittsburgh,72,,,1940
Fewest Walks Allowed,Brooklyn,393,,,1940
Saves,Pittsburgh,24,,,1940
Shutouts,Brooklyn,17,,,1940
Strikeouts,Brooklyn,639,,,1940
Base on Balls,Elbie Fletcher,Pittsburgh,118.0,,1941
Batting Average,Pete Reiser,Brooklyn,0.343,,1941
Doubles,Johnny Mize,St. Louis,39.0,,1941
Doubles,Pete Reiser,Brooklyn,39.0,,1941
Hits,Stan Hack,Chicago,186.0,,1941
Home Runs,Dolph Camilli,Brooklyn,34.0,,1941
On Base Percentage,Elbie Fletcher,Pittsburgh,0.421,,1941
RBI,Dolph Camilli,Brooklyn,120.0,,1941
Runs,Pete Reiser,Brooklyn,117.0,,1941
Slugging Average,Pete Reiser,Brooklyn,0.558,,1941
Stolen Bases,Danny Murtaugh,Pittsburgh,18.0,,1941
Total Bases,Pete Reiser,Brooklyn,299.0,,1941
Triples,Pete Reiser,Brooklyn,17.0,,1941
1941 N.L. History | 1941 A.L. History | Year-by-Year History,1941 N.L. History | 1941 A.L. History | Year-by-Year History,1941 N.L. History | 1941 A.L. History | Year-by-Year History,,,1941
Complete Games,Bucky Walters,Cincinnati,27.0,,1941
ERA,Elmer Riddle,Cincinnati,2.24,,1941
Games,Kirby Higbe,Brooklyn,48.0,,1941
Saves,Jumbo Brown,New York,8.0,,1941
Shutouts,Whit Wyatt,Brooklyn,7.0,,1941
Strikeouts,Johnny Vander Meer,Cincinnati,202.0,,1941
Winning Percentage,Elmer Riddle,Cincinnati,0.826,,1941
Wins,Kirby Higbe,Brooklyn,22.0,,1941
Wins,Whit Wyatt,Brooklyn,22.0,,1941
1941 N.L. History | 1941 A.L. History | Year-by-Year History,1941 N.L. History | 1941 A.L. History | Year-by-Year History,1941 N.L. History | 1941 A.L. History | Year-by-Year History,,,1941
Team | Roster,W,L,,,1941
Brooklyn Dodgers,100,54,0.649,0.0,1941
St. Louis Cardinals,97,56,0.634,,1941
Cincinnati Reds,88,66,0.571,12.0,1941
Pittsburgh Pirates,81,73,0.526,19.0,1941
New York Giants,74,79,0.484,,1941
Chicago Cubs,70,84,0.455,30.0,1941
Boston Braves,62,92,0.403,38.0,1941
Philadelphia Phillies,43,111,0.279,57.0,1941
Team | Roster,W,L,,,1941
1941 National League Team Standings,1941 National League Team Standings,1941 National League Team Standings,,,1941
Base on Balls,Brooklyn,600,,,1941
Batting Average,Brooklyn,.272,,,1941
Doubles,Brooklyn,286,,,1941
Hits,Brooklyn,1494,,,1941
Home Runs,Brooklyn,101,,,1941
On Base Percentage,Brooklyn,.347,,,1941
Runs,Brooklyn,800,,,1941
Slugging Average,Brooklyn,.405,,,1941
Stolen Bases,Cincinnati,68,,,1941
Triples,Brooklyn,69,,,1941
Complete Games,Cincinnati,89,,,1941
ERA,Brooklyn,3.15,,,1941
Fewest Hits Allowed,Brooklyn,1236,,,1941
Fewest Home Runs Allowed,Chicago,60,,,1941
Fewest Walks Allowed,Chicago,449,,,1941
Saves,Brooklyn,22,,,1941
Shutouts,Cincinnati,19,,,1941
Strikeouts,St. Louis,659,,,1941
Base on Balls,Mel Ott,New York,109.0,,1942
Batting Average,Ernie Lombardi *,Boston,0.33,,1942
Doubles,Marty Marion,St. Louis,38.0,,1942
Hits,Enos Slaughter,St. Louis,188.0,,1942
Home Runs,Mel Ott,New York,30.0,,1942
On Base Percentage,Elbie Fletcher,Pittsburgh,0.417,,1942
RBI,Johnny Mize,New York,110.0,,1942
Runs,Mel Ott,New York,118.0,,1942
Slugging Average,Johnny Mize,New York,0.521,,1942
Stolen Bases,Pete Reiser,Brooklyn,20.0,,1942
Total Bases,Enos Slaughter,St. Louis,292.0,,1942
Triples,Enos Slaughter,St. Louis,17.0,,1942
* Batting Title Awarded Due to 100 Games Played,* Batting Title Awarded Due to 100 Games Played,* Batting Title Awarded Due to 100 Games Played,,,1942
Complete Games,Jim Tobin,Boston,28.0,,1942
ERA,Mort Cooper,St. Louis,1.78,,1942
Games,Ace Adams,New York,61.0,,1942
Saves,Hugh Casey,Brooklyn,13.0,,1942
Shutouts,Mort Cooper,St. Louis,10.0,,1942
Strikeouts,Johnny Vander Meer,Cincinnati,186.0,,1942
Winning Percentage,Larry French,Brooklyn,0.789,,1942
Wins,Mort Cooper,St. Louis,22.0,,1942
1942 National League Team Standings,1942 National League Team Standings,1942 National League Team Standings,,,1942
Team [Click for roster],Wins,Losses,,,1942
St. Louis Cardinals,106,48,0.688,0.0,1942
Brooklyn Dodgers,104,50,0.675,2.0,1942
New York Giants,85,67,0.559,20.0,1942
Cincinnati Reds,76,76,0.5,29.0,1942
Pittsburgh Pirates,66,81,0.449,,1942
Chicago Cubs,68,86,0.442,38.0,1942
Boston Braves,59,89,0.399,44.0,1942
Philadelphia Phillies,42,109,0.278,,1942
Base on Balls,Brooklyn,572,,,1942
Batting Average,St. Louis,.268,,,1942
Doubles,St. Louis,282,,,1942
Hits,St. Louis,1454,,,1942
Home Runs,New York,109,,,1942
On Base Percentage,St. Louis,.338,,,1942
Runs,St. Louis,755,,,1942
Slugging Average,St. Louis,.379,,,1942
Stolen Bases,Brooklyn,81,,,1942
Triples,St. Louis,69,,,1942
Complete Games,Cincinnati,80,,,1942
ERA,St. Louis,2.55,,,1942
Fewest Hits Allowed,St. Louis,1192,,,1942
Fewest Home Runs Allowed,Cincinnati,47,,,1942
Fewest Walks Allowed,Pittsburgh,435,,,1942
Saves,Brooklyn,24,,,1942
Shutouts,St. Louis,18,,,1942
Strikeouts,St. Louis,651,,,1942
Base on Balls,Augie Galan,Brooklyn,103.0,,1943
Batting Average,Stan Musial,St. Louis,0.357,,1943
Doubles,Stan Musial,St. Louis,48.0,,1943
Hits,Stan Musial,St. Louis,220.0,,1943
Home Runs,Bill Nicholson,Chicago,29.0,,1943
On Base Percentage,Stan Musial,St. Louis,0.425,,1943
RBI,Bill Nicholson,Chicago,128.0,,1943
Runs,Arky Vaughan,Brooklyn,112.0,,1943
Slugging Average,Stan Musial,St. Louis,0.562,,1943
Stolen Bases,Arky Vaughan,Brooklyn,20.0,,1943
Total Bases,Stan Musial,St. Louis,347.0,,1943
Triples,Stan Musial,St. Louis,20.0,,1943
Complete Games,Rip Sewell,Pittsburgh,25.0,,1943
ERA,Max Lanier,St. Louis,1.94,,1943
Games,Ace Adams,New York,70.0,,1943
Saves,Les Webber,Brooklyn,10.0,,1943
Shutouts,Hi Bithorn,Chicago,7.0,,1943
Strikeouts,Johnny Vander Meer,Cincinnati,174.0,,1943
Winning Percentage,Mort Cooper,St. Louis,0.724,,1943
Wins,Mort Cooper,St. Louis,21.0,,1943
Wins,Elmer Riddle,Cincinnati,21.0,,1943
Wins,Rip Sewell,Pittsburgh,21.0,,1943
1943 National League Team Standings,1943 National League Team Standings,1943 National League Team Standings,,,1943
Team [Click for roster],Wins,Losses,,,1943
St. Louis Cardinals,105,49,0.682,0.0,1943
Cincinnati Reds,87,67,0.565,18.0,1943
Brooklyn Dodgers,81,72,0.529,,1943
Pittsburgh Pirates,80,74,0.519,25.0,1943
Chicago Cubs,74,79,0.484,,1943
Boston Braves,68,85,0.444,,1943
Philadelphia Phillies,64,90,0.416,41.0,1943
New York Giants,55,98,0.359,,1943
Base on Balls,Brooklyn,580,,,1943
Batting Average,St. Louis,.279,,,1943
Doubles,Brooklyn,263,,,1943
Hits,St. Louis,1515,,,1943
Home Runs,New York,81,,,1943
On Base Percentage,Brooklyn,.346,,,1943
Runs,Brooklyn,716,,,1943
Slugging Average,St. Louis,.391,,,1943
Stolen Bases,Pittsburgh,64,,,1943
Triples,Pittsburgh,73,,,1943
Complete Games,St. Louis,94,,,1943
ERA,St. Louis,2.57,,,1943
Fewest Hits Allowed,St. Louis,1246,,,1943
Fewest Home Runs Allowed,St. Louis,33,,,1943
Fewest Walks Allowed,Chicago,394,,,1943
Saves,Brooklyn,22,,,1943
Shutouts,St. Louis,21,,,1943
Strikeouts,St. Louis,639,,,1943
Base on Balls,Augie Galan,Brooklyn,101.0,,1944
Batting Average,Dixie Walker,Brooklyn,0.357,,1944
Doubles,Stan Musial,St. Louis,51.0,,1944
Hits,Phil Cavarretta,Chicago,197.0,,1944
Hits,Stan Musial,St. Louis,197.0,,1944
Home Runs,Bill Nicholson,Chicago,33.0,,1944
On Base Percentage,Stan Musial,St. Louis,0.44,,1944
RBI,Bill Nicholson,Chicago,122.0,,1944
Runs,Bill Nicholson,Chicago,116.0,,1944
Slugging Average,Stan Musial,St. Louis,0.549,,1944
Stolen Bases,Johnny Barrett,Pittsburgh,28.0,,1944
Total Bases,Bill Nicholson,Chicago,317.0,,1944
Triples,Johnny Barrett,Pittsburgh,19.0,,1944
1944 A.L. | N.L. Retirements | N.L. Rookies | Year-by-Year,1944 A.L. | N.L. Retirements | N.L. Rookies | Year-by-Year,1944 A.L. | N.L. Retirements | N.L. Rookies | Year-by-Year,,,1944
Complete Games,Jim Tobin,Boston,28.0,,1944
ERA,Ed Heusser,Cincinnati,2.38,,1944
Games,Ace Adams,New York,65.0,,1944
Saves,Ace Adams,New York,13.0,,1944
Shutouts,Mort Cooper,St. Louis,7.0,,1944
Strikeouts,Bill Voiselle,New York,161.0,,1944
Winning Percentage,Ted Wilks,St. Louis,0.81,,1944
Wins,Bucky Walters,Cincinnati,23.0,,1944
1944 A.L. | N.L. Retirements | N.L. Rookies | Year-by-Year,1944 A.L. | N.L. Retirements | N.L. Rookies | Year-by-Year,1944 A.L. | N.L. Retirements | N.L. Rookies | Year-by-Year,,,1944
Team | Roster,Wins,Losses,,,1944
St. Louis Cardinals,105,49,0.682,0.0,1944
Pittsburgh Pirates,90,63,0.588,,1944
Cincinnati Reds,89,65,0.578,16.0,1944
Chicago Cubs,75,79,0.487,30.0,1944
New York Giants,67,87,0.435,38.0,1944
Boston Braves,65,89,0.422,40.0,1944
Brooklyn Dodgers,63,91,0.409,42.0,1944
Philadelphia Phillies,61,92,0.399,,1944
Team | Roster,Wins,Losses,,,1944
1944 National League Final Standings,1944 National League Final Standings,1944 National League Final Standings,,,1944
Base on Balls,Pittsburgh,573,,,1944
Batting Average,St. Louis,.275,,,1944
Doubles,St. Louis,274,,,1944
Hits,St. Louis,1507,,,1944
Home Runs,St. Louis,100,,,1944
On Base Percentage,St. Louis,.344,,,1944
Runs,St. Louis,772,,,1944
Slugging Average,St. Louis,.402,,,1944
Stolen Bases,Pittsburgh,87,,,1944
Triples,Pittsburgh,80,,,1944
1944 National League Team Review,1944 National League Team Review,1944 National League Team Review,,,1944
Complete Games,Cincinnati,93,,,1944
ERA,St. Louis,2.68,,,1944
Fewest Hits Allowed,St. Louis,1228,,,1944
Fewest Home Runs Allowed,Philadelphia,49,,,1944
Fewest Walks Allowed,Cincinnati,390,,,1944
Saves,New York,21,,,1944
Shutouts,St. Louis,26,,,1944
Strikeouts,St. Louis,637,,,1944
Base on Balls,Eddie Stanky,Brooklyn,148.0,,1945
Batting Average,Phil Cavarretta,Chicago,0.355,,1945
Doubles,Tommy Holmes,Boston,47.0,,1945
Hits,Tommy Holmes,Boston,224.0,,1945
Home Runs,Tommy Holmes,Boston,28.0,,1945
On Base Percentage,Phil Cavarretta,Chicago,0.449,,1945
RBI,Dixie Walker,Brooklyn,124.0,,1945
Runs,Eddie Stanky,Brooklyn,128.0,,1945
Slugging Average,Tommy Holmes,Boston,0.577,,1945
Stolen Bases,Red Schoendienst,St. Louis,26.0,,1945
Total Bases,Tommy Holmes,Boston,367.0,,1945
Triples,Luis Olmo,Brooklyn,13.0,,1945
1945 A.L. | N.L. Retirements | N.L. Rookies | Year-by-Year,1945 A.L. | N.L. Retirements | N.L. Rookies | Year-by-Year,1945 A.L. | N.L. Retirements | N.L. Rookies | Year-by-Year,,,1945
Complete Games,Red Barrett,Boston,24.0,,1945
Complete Games,Red Barrett,St. Louis,24.0,,1945
ERA,Hank Borowy,Chicago,2.13,,1945
Games,Andy Karl,Philadelphia,67.0,,1945
Saves,Ace Adams,New York,15.0,,1945
Saves,Andy Karl,Philadelphia,15.0,,1945
Shutouts,Claude Passeau,Chicago,5.0,,1945
Strikeouts,Preacher Roe,Pittsburgh,148.0,,1945
Winning Percentage,Harry Brecheen,St. Louis,0.789,,1945
Wins,Red Barrett,Boston,23.0,,1945
Wins,Red Barrett,St. Louis,23.0,,1945
1945 A.L. | N.L. Retirements | N.L. Rookies | Year-by-Year,1945 A.L. | N.L. Retirements | N.L. Rookies | Year-by-Year,1945 A.L. | N.L. Retirements | N.L. Rookies | Year-by-Year,,,1945
Team | Roster,Wins,Losses,,,1945
Chicago Cubs,98,56,0.636,0.0,1945
St. Louis Cardinals,95,59,0.617,3.0,1945
Brooklyn Dodgers,87,67,0.565,11.0,1945
Pittsburgh Pirates,82,72,0.532,16.0,1945
New York Giants,78,74,0.513,19.0,1945
Boston Braves,67,85,0.441,30.0,1945
Cincinnati Reds,61,93,0.396,37.0,1945
Philadelphia Phillies,46,108,0.299,52.0,1945
Team | Roster,Wins,Losses,,,1945
1945 American League Final Standings,1945 American League Final Standings,1945 American League Final Standings,,,1945
Base on Balls,Brooklyn,629,,,1945
Batting Average,Chicago,.277,,,1945
Doubles,Pittsburgh,259,,,1945
Hits,St. Louis,1498,,,1945
Home Runs,New York,114,,,1945
On Base Percentage,Chicago,.349,,,1945
Runs,Brooklyn,795,,,1945
Slugging Average,New York,.379,,,1945
Stolen Bases,Boston,82,,,1945
Triples,Brooklyn,71,,,1945
Complete Games,Chicago,86,,,1945
ERA,Chicago,2.98,,,1945
Fewest Hits Allowed,Chicago,1301,,,1945
Fewest Home Runs Allowed,Chicago,57,,,1945
Fewest Walks Allowed,Chicago,385,,,1945
Saves,Philadelphia,26,,,1945
Shutouts,St. Louis,18,,,1945
Strikeouts,Brooklyn,557,,,1945
Base on Balls,Eddie Stanky,Brooklyn,137.0,,1946
Batting Average,Stan Musial,St. Louis,0.365,,1946
Doubles,Stan Musial,St. Louis,50.0,,1946
Hits,Stan Musial,St. Louis,228.0,,1946
Home Runs,Ralph Kiner,Pittsburgh,23.0,,1946
On Base Percentage,Eddie Stanky,Brooklyn,0.436,,1946
RBI,Enos Slaughter,St. Louis,130.0,,1946
Runs,Stan Musial,St. Louis,124.0,,1946
Slugging Average,Stan Musial,St. Louis,0.587,,1946
Stolen Bases,Pete Reiser,Brooklyn,34.0,,1946
Total Bases,Stan Musial,St. Louis,366.0,,1946
Triples,Stan Musial,St. Louis,20.0,,1946
Complete Games,Johnny Sain,Boston,24.0,,1946
ERA,Howie Pollet,St. Louis,2.1,,1946
Games,Ken Trinkle,New York,48.0,,1946
Saves,Ken Raffensberger,Philadelphia,6.0,,1946
Shutouts,Ewell Blackwell,Cincinnati,5.0,,1946
Shutouts,Harry Brecheen,St. Louis,5.0,,1946
Strikeouts,Johnny Schmitz,Chicago,135.0,,1946
Winning Percentage,Murry Dickson,St. Louis,0.714,,1946
Wins,Howie Pollet,St. Louis,21.0,,1946
1946 National League Team Standings,1946 National League Team Standings,1946 National League Team Standings,,,1946
Team [Click for roster],Wins,Losses,,,1946
St. Louis Cardinals,98,58,0.628,0.0,1946
Brooklyn Dodgers,96,60,0.615,2.0,1946
Chicago Cubs,82,71,0.536,,1946
Boston Braves,81,72,0.529,,1946
Philadelphia Phillies,69,85,0.448,28.0,1946
Cincinnati Reds,67,87,0.435,30.0,1946
Pittsburgh Pirates,63,91,0.409,34.0,1946
New York Giants,61,93,0.396,36.0,1946
Base on Balls,Brooklyn,691,,,1946
Batting Average,St. Louis,.265,,,1946
Doubles,St. Louis,265,,,1946
Hits,St. Louis,1426,,,1946
Home Runs,New York,121,,,1946
On Base Percentage,Brooklyn,.348,,,1946
Runs,St. Louis,712,,,1946
Slugging Average,St. Louis,.381,,,1946
Stolen Bases,Brooklyn,100,,,1946
Triples,Brooklyn,66,,,1946
Complete Games,St. Louis,75,,,1946
ERA,St. Louis,3.01,,,1946
Fewest Hits Allowed,Brooklyn,1280,,,1946
Fewest Home Runs Allowed,Pittsburgh,50,,,1946
Fewest Walks Allowed,Cincinnati,467,,,1946
Saves,Brooklyn,28,,,1946
Shutouts,St. Louis,18,,,1946
Strikeouts,Brooklyn,467,,,1946
Base on Balls,Hank Greenberg,Pittsburgh,104.0,,1947
Base on Balls,Pee Wee Reese,Brooklyn,104.0,,1947
Batting Average,Harry Walker,St. Louis,0.363,,1947
Batting Average,Harry Walker,Philadelphia,0.363,,1947
Doubles,Eddie Miller,Cincinnati,38.0,,1947
Hits,Tommy Holmes,Boston,191.0,,1947
Home Runs,Ralph Kiner,Pittsburgh,51.0,,1947
Home Runs,Johnny Mize,New York,51.0,,1947
On Base Percentage,Augie Galan,Cincinnati,0.449,,1947
RBI,Johnny Mize,New York,138.0,,1947
Runs,Johnny Mize,New York,137.0,,1947
Slugging Average,Ralph Kiner,Pittsburgh,0.639,,1947
Stolen Bases,Jackie Robinson,Brooklyn,29.0,,1947
Total Bases,Ralph Kiner,Pittsburgh,361.0,,1947
Triples,Harry Walker,St. Louis,16.0,,1947
Triples,Harry Walker,Philadelphia,16.0,,1947
Complete Games,Ewell Blackwell,Cincinnati,23.0,,1947
ERA,Warren Spahn,Boston,2.33,,1947
Games,Ken Trinkle,New York,62.0,,1947
Saves,Hugh Casey,Brooklyn,18.0,,1947
Shutouts,Warren Spahn,Boston,7.0,,1947
Strikeouts,Ewell Blackwell,Cincinnati,193.0,,1947
Winning Percentage,Larry Jansen,New York,0.808,,1947
Wins,Ewell Blackwell,Cincinnati,22.0,,1947
1947 National League Team Standings,1947 National League Team Standings,1947 National League Team Standings,,,1947
Team [Click for roster],Wins,Losses,,,1947
Brooklyn Dodgers,94,60,0.61,0.0,1947
St. Louis Cardinals,89,65,0.578,5.0,1947
Boston Braves,86,68,0.558,8.0,1947
New York Giants,81,73,0.526,13.0,1947
Cincinnati Reds,73,81,0.474,21.0,1947
Chicago Cubs,69,85,0.448,25.0,1947
Philadelphia Phillies,62,92,0.403,32.0,1947
Pittsburgh Pirates,62,92,0.403,32.0,1947
Base on Balls,Brooklyn,732,,,1947
Batting Average,Boston,.275,,,1947
Doubles,Boston,265,,,1947
Hits,St. Louis,1462,,,1947
Home Runs,New York,221,,,1947
On Base Percentage,Brooklyn,.364,,,1947
Runs,New York,830,,,1947
Slugging Average,New York,.454,,,1947
Stolen Bases,Brooklyn,88,,,1947
Triples,St. Louis,65,,,1947
Complete Games,Boston,74,,,1947
ERA,St. Louis,3.53,,,1947
Fewest Hits Allowed,Brooklyn,1299,,,1947
Fewest Home Runs Allowed,Boston,93,,,1947
Fewest Walks Allowed,Boston,453,,,1947
Saves,Brooklyn,34,,,1947
Shutouts,Boston,14,,,1947
Shutouts,Brooklyn,14,,,1947
Strikeouts,St. Louis,642,,,1947
Base on Balls,Bob Elliott,Boston,131.0,,1948
Batting Average,Stan Musial,St. Louis,0.376,,1948
Doubles,Stan Musial,St. Louis,46.0,,1948
Hits,Stan Musial,St. Louis,230.0,,1948
Home Runs,Ralph Kiner,Pittsburgh,40.0,,1948
Home Runs,Johnny Mize,New York,40.0,,1948
On Base Percentage,Stan Musial,St. Louis,0.45,,1948
RBI,Stan Musial,St. Louis,131.0,,1948
Runs,Stan Musial,St. Louis,135.0,,1948
Slugging Average,Stan Musial,St. Louis,0.702,,1948
Stolen Bases,Richie Ashburn,Philadelphia,32.0,,1948
Total Bases,Stan Musial,St. Louis,429.0,,1948
Triples,Stan Musial,St. Louis,18.0,,1948
Complete Games,Johnny Sain,Boston,28.0,,1948
ERA,Harry Brecheen,St. Louis,2.24,,1948
Games,Harry Gumbert,Cincinnati,61.0,,1948
Saves,Harry Gumbert,Cincinnati,17.0,,1948
Shutouts,Harry Brecheen,St. Louis,7.0,,1948
Strikeouts,Harry Brecheen,St. Louis,149.0,,1948
Winning Percentage,Harry Brecheen,St. Louis,0.741,,1948
Wins,Johnny Sain,Boston,24.0,,1948
1948 National League Team Standings,1948 National League Team Standings,1948 National League Team Standings,,,1948
Team [Click for roster],Wins,Losses,,,1948
Boston Braves,91,62,0.595,0.0,1948
St. Louis Cardinals,85,69,0.552,,1948
Brooklyn Dodgers,84,70,0.545,,1948
Pittsburgh Pirates,83,71,0.539,,1948
New York Giants,78,76,0.506,,1948
Philadelphia Phillies,66,88,0.429,,1948
Cincinnati Reds,64,89,0.418,27.0,1948
Chicago Cubs,64,90,0.416,,1948
Base on Balls,Boston,671,,,1948
Batting Average,Boston,.275,,,1948
Doubles,Boston,272,,,1948
Hits,Boston,1458,,,1948
Home Runs,New York,164,,,1948
On Base Percentage,Boston,.359,,,1948
Runs,New York,780,,,1948
Slugging Average,New York,.408,,,1948
Stolen Bases,Brooklyn,114,,,1948
Triples,St. Louis,58,,,1948
Complete Games,Boston,70,,,1948
ERA,Boston,3.38,,,1948
Fewest Hits Allowed,Brooklyn,1328,,,1948
Fewest Home Runs Allowed,Chicago,89,,,1948
Fewest Walks Allowed,Boston,430,,,1948
Saves,Brooklyn,22,,,1948
Shutouts,New York,15,,,1948
Strikeouts,Brooklyn,670,,,1948
Base on Balls,Ralph Kiner,Pittsburgh,117.0,,1949
Batting Average,Jackie Robinson,Brooklyn,0.342,,1949
Doubles,Stan Musial,St. Louis,41.0,,1949
Hits,Stan Musial,St. Louis,207.0,,1949
Home Runs,Ralph Kiner,Pittsburgh,54.0,,1949
On Base Percentage,Stan Musial,St. Louis,0.438,,1949
RBI,Ralph Kiner,Pittsburgh,127.0,,1949
Runs,Pee Wee Reese,Brooklyn,132.0,,1949
Slugging Average,Ralph Kiner,Pittsburgh,0.658,,1949
Stolen Bases,Jackie Robinson,Brooklyn,37.0,,1949
Total Bases,Stan Musial,St. Louis,382.0,,1949
Triples,Stan Musial,St. Louis,13.0,,1949
Triples,Enos Slaughter,St. Louis,13.0,,1949
Complete Games,Warren Spahn,Boston,25.0,,1949
ERA,Dave Koslo,New York,2.5,,1949
Games,Ted Wilks,St. Louis,59.0,,1949
Saves,Ted Wilks,St. Louis,9.0,,1949
Shutouts,Ken Heintzelman,Philadelphia,5.0,,1949
Shutouts,Don Newcombe,Brooklyn,5.0,,1949
Shutouts,Howie Pollet,St. Louis,5.0,,1949
Shutouts,Ken Raffensberger,Cincinnati,5.0,,1949
Strikeouts,Warren Spahn,Boston,151.0,,1949
Winning Percentage,Preacher Roe,Brooklyn,0.714,,1949
Wins,Warren Spahn,Boston,21.0,,1949
1949 National League Team Standings,1949 National League Team Standings,1949 National League Team Standings,,,1949
Team [Click for roster],Wins,Losses,,,1949
Brooklyn Dodgers,97,57,0.63,0.0,1949
St. Louis Cardinals,96,58,0.623,1.0,1949
Philadelphia Phillies,81,73,0.526,16.0,1949
Boston Braves,75,79,0.487,22.0,1949
New York Giants,73,81,0.474,24.0,1949
Pittsburgh Pirates,71,83,0.461,26.0,1949
Cincinnati Reds,62,92,0.403,35.0,1949
Chicago Cubs,61,93,0.396,36.0,1949
Base on Balls,Boston,684,,,1949
Batting Average,St. Louis,.277,,,1949
Doubles,St. Louis,281,,,1949
Hits,St. Louis,1513,,,1949
Home Runs,Brooklyn,152,,,1949
On Base Percentage,Brooklyn,.354,,,1949
Runs,Brooklyn,879,,,1949
Slugging Average,Brooklyn,.419,,,1949
Stolen Bases,Brooklyn,117,,,1949
Triples,Philadelphia,55,,,1949
Complete Games,Boston,68,,,1949
Complete Games,New York,68,,,1949
ERA,St. Louis,3.44,,,1949
Fewest Hits Allowed,Brooklyn,1306,,,1949
Fewest Home Runs Allowed,St. Louis,87,,,1949
Fewest Walks Allowed,Philadelphia,502,,,1949
Saves,St. Louis,19,,,1949
Shutouts,Brooklyn,15,,,1949
Strikeouts,Brooklyn,743,,,1949
Base on Balls,Eddie Stanky,New York,144.0,,1950
Batting Average,Stan Musial,St. Louis,0.346,,1950
Doubles,Red Schoendienst,St. Louis,43.0,,1950
Hits,Duke Snider,Brooklyn,199.0,,1950
Home Runs,Ralph Kiner,Pittsburgh,47.0,,1950
On Base Percentage,Eddie Stanky,New York,0.46,,1950
RBI,Del Ennis,Philadelphia,126.0,,1950
Runs,Earl Torgeson,Boston,120.0,,1950
Slugging Average,Stan Musial,St. Louis,0.596,,1950
Stolen Bases,Sam Jethroe,Boston,35.0,,1950
Total Bases,Duke Snider,Brooklyn,343.0,,1950
Triples,Richie Ashburn,Philadelphia,14.0,,1950
1950 N.L. History | 1950 A.L. History | Year-by-Year History,1950 N.L. History | 1950 A.L. History | Year-by-Year History,1950 N.L. History | 1950 A.L. History | Year-by-Year History,,,1950
Complete Games,Vern Bickford,Boston,27.0,,1950
ERA,Jim Hearn,St. Louis,2.49,,1950
ERA,Jim Hearn,New York,2.49,,1950
Games,Jim Konstanty,Philadelphia,74.0,,1950
Saves,Jim Konstanty,Philadelphia,22.0,,1950
Shutouts,Jim Hearn,St. Louis,5.0,,1950
Shutouts,Jim Hearn,New York,5.0,,1950
Shutouts,Larry Jansen,New York,5.0,,1950
Shutouts,Sal Maglie,New York,5.0,,1950
Shutouts,Robin Roberts,Philadelphia,5.0,,1950
Strikeouts,Warren Spahn,Boston,191.0,,1950
Winning Percentage,Sal Maglie,New York,0.818,,1950
Wins,Warren Spahn,Boston,21.0,,1950
1950 N.L. History | 1950 A.L. History | Year-by-Year History,1950 N.L. History | 1950 A.L. History | Year-by-Year History,1950 N.L. History | 1950 A.L. History | Year-by-Year History,,,1950
Team [Click for roster],Wins,Losses,,,1950
Philadelphia Phillies,91,63,0.591,0.0,1950
Brooklyn Dodgers,89,65,0.578,2.0,1950
New York Giants,86,68,0.558,5.0,1950
Boston Braves,83,71,0.539,8.0,1950
St. Louis Cardinals,78,75,0.51,,1950
Cincinnati Reds,66,87,0.431,,1950
Chicago Cubs,64,89,0.418,,1950
Pittsburgh Pirates,57,96,0.373,,1950
Base on Balls,New York,627,,,1950
Batting Average,Brooklyn,.272,,,1950
Doubles,Cincinnati,257,,,1950
Hits,Brooklyn,1461,,,1950
Home Runs,Brooklyn,194,,,1950
On Base Percentage,Brooklyn,.349,,,1950
Runs,Brooklyn,847,,,1950
Slugging Average,Brooklyn,.444,,,1950
Stolen Bases,Brooklyn,77,,,1950
Triples,Pittsburgh,59,,,1950
Complete Games,Boston,88,,,1950
ERA,Philadelphia,3.50,,,1950
Fewest Hits Allowed,New York,1268,,,1950
Fewest Home Runs Allowed,St. Louis,119,,,1950
Fewest Walks Allowed,Philadelphia,530,,,1950
Saves,Philadelphia,27,,,1950
Shutouts,New York,19,,,1950
Strikeouts,Brooklyn,772,,,1950
Base on Balls,Ralph Kiner,Pittsburgh,137.0,,1951
Batting Average,Stan Musial,St. Louis,0.355,,1951
Doubles,Alvin Dark,New York,41.0,,1951
Hits,Richie Ashburn,Philadelphia,221.0,,1951
Home Runs,Ralph Kiner,Pittsburgh,42.0,,1951
On Base Percentage,Ralph Kiner,Pittsburgh,0.452,,1951
RBI,Monte Irvin,New York,121.0,,1951
Runs,Ralph Kiner,Pittsburgh,124.0,,1951
Runs,Stan Musial,St. Louis,124.0,,1951
Slugging Average,Ralph Kiner,Pittsburgh,0.627,,1951
Stolen Bases,Sam Jethroe,Boston,35.0,,1951
Total Bases,Stan Musial,St. Louis,355.0,,1951
Triples,Gus Bell,Pittsburgh,12.0,,1951
Triples,Stan Musial,St. Louis,12.0,,1951
1951 N.L. History | 1951 A.L. History | Year-by-Year History,1951 N.L. History | 1951 A.L. History | Year-by-Year History,1951 N.L. History | 1951 A.L. History | Year-by-Year History,,,1951
Complete Games,Warren Spahn,Boston,26.0,,1951
ERA,Chet Nichols,Boston,2.88,,1951
Games,Ted Wilks,St. Louis,65.0,,1951
Games,Ted Wilks,Pittsburgh,65.0,,1951
Saves,Ted Wilks,St. Louis,13.0,,1951
Saves,Ted Wilks,Pittsburgh,13.0,,1951
Shutouts,Warren Spahn,Boston,7.0,,1951
Strikeouts,Don Newcombe,Brooklyn,164.0,,1951
Strikeouts,Warren Spahn,Boston,164.0,,1951
Winning Percentage,Preacher Roe,Brooklyn,0.88,,1951
Wins,Larry Jansen,New York,23.0,,1951
Wins,Sal Maglie,New York,23.0,,1951
1951 N.L. History | 1951 A.L. History | Year-by-Year History,1951 N.L. History | 1951 A.L. History | Year-by-Year History,1951 N.L. History | 1951 A.L. History | Year-by-Year History,,,1951
Team [Click for roster],Wins,Losses,,,1951
New York Giants,98,59,0.624,0.0,1951
Brooklyn Dodgers,97,60,0.618,1.0,1951
St. Louis Cardinals,81,73,0.526,,1951
Boston Braves,76,78,0.494,,1951
Philadelphia Phillies,73,81,0.472,,1951
Cincinnati Reds,68,86,0.442,,1951
Pittsburgh Pirates,64,90,0.416,,1951
Chicago Cubs,62,92,0.403,,1951
Base on Balls,New York,671,,,1951
Batting Average,Brooklyn,.275,,,1951
Doubles,Brooklyn,249,,,1951
Hits,Brooklyn,1511,,,1951
Home Runs,Brooklyn,184,,,1951
On Base Percentage,Brooklyn,.352,,,1951
Runs,Brooklyn,855,,,1951
Slugging Average,Brooklyn,.434,,,1951
Stolen Bases,Brooklyn,89,,,1951
Triples,St. Louis,57,,,1951
Complete Games,Boston,73,,,1951
ERA,New York,3.48,,,1951
Fewest Hits Allowed,New York,1334,,,1951
Fewest Home Runs Allowed,Boston,96,,,1951
Fewest Walks Allowed,New York,482,,,1951
Saves,Cincinnati,23,,,1951
Saves,St. Louis,23,,,1951
Shutouts,Philadelphia,19,,,1951
Strikeouts,Brooklyn,693,,,1951
Base on Balls,Ralph Kiner,Pittsburgh,110.0,,1952
Batting Average,Stan Musial,St. Louis,0.336,,1952
Doubles,Stan Musial,St. Louis,42.0,,1952
Hits,Stan Musial,St. Louis,194.0,,1952
Home Runs,Ralph Kiner,Pittsburgh,37.0,,1952
Home Runs,Hank Sauer,Chicago,37.0,,1952
On Base Percentage,Jackie Robinson,Brooklyn,0.44,,1952
RBI,Hank Sauer,Chicago,121.0,,1952
Runs,Solly Hemus,St. Louis,105.0,,1952
Runs,Stan Musial,St. Louis,105.0,,1952
Slugging Average,Stan Musial,St. Louis,0.538,,1952
Stolen Bases,Pee Wee Reese,Brooklyn,30.0,,1952
Total Bases,Stan Musial,St. Louis,311.0,,1952
Triples,Bobby Thomson,New York,14.0,,1952
1952 N.L. History | 1952 A.L. History | Year-by-Year History,1952 N.L. History | 1952 A.L. History | Year-by-Year History,1952 N.L. History | 1952 A.L. History | Year-by-Year History,,,1952
Complete Games,Robin Roberts,Philadelphia,30.0,,1952
ERA,Hoyt Wilhelm,New York,2.43,,1952
Games,Hoyt Wilhelm,New York,71.0,,1952
Saves,Al Brazle,St. Louis,16.0,,1952
Shutouts,Ken Raffensberger,Cincinnati,6.0,,1952
Shutouts,Curt Simmons,Philadelphia,6.0,,1952
Strikeouts,Warren Spahn,Boston,183.0,,1952
Winning Percentage,Hoyt Wilhelm,New York,0.833,,1952
Wins,Robin Roberts,Philadelphia,28.0,,1952
1952 N.L. History | 1952 A.L. History | Year-by-Year History,1952 N.L. History | 1952 A.L. History | Year-by-Year History,1952 N.L. History | 1952 A.L. History | Year-by-Year History,,,1952
Team [Click for roster],Wins,Losses,,,1952
Brooklyn Dodgers,96,57,0.627,0.0,1952
New York Giants,92,62,0.597,,1952
St. Louis Cardinals,88,66,0.571,,1952
Philadelphia Phillies,87,67,0.565,,1952
Chicago Cubs,77,77,0.5,,1952
Cincinnati Reds,69,85,0.448,,1952
Boston Braves,64,89,0.418,32.0,1952
Pittsburgh Pirates,42,112,0.273,,1952
Base on Balls,Brooklyn,663,,,1952
Batting Average,St. Louis,.267,,,1952
Doubles,St. Louis,247,,,1952
Hits,Chicago,1408,,,1952
Home Runs,Brooklyn,153,,,1952
On Base Percentage,Brooklyn,.348,,,1952
Runs,Brooklyn,775,,,1952
Slugging Average,Brooklyn,.399,,,1952
Stolen Bases,Brooklyn,90,,,1952
Triples,New York,56,,,1952
Complete Games,Philadelphia,80,,,1952
ERA,Philadelphia,3.07,,,1952
Fewest Hits Allowed,Chicago,1265,,,1952
Fewest Home Runs Allowed,Philadelphia,96,,,1952
Fewest Walks Allowed,Philadelphia,373,,,1952
Saves,New York,31,,,1952
Shutouts,Philadelphia,17,,,1952
Strikeouts,Brooklyn,773,,,1952
Base on Balls,Stan Musial,St. Louis,105.0,,1953
Batting Average,Carl Furillo,Brooklyn,0.344,,1953
Doubles,Stan Musial,St. Louis,53.0,,1953
Hits,Richie Ashburn,Philadelphia,205.0,,1953
Home Runs,Eddie Mathews,Milwaukee,47.0,,1953
On Base Percentage,Stan Musial,St. Louis,0.437,,1953
RBI,Roy Campanella,Brooklyn,142.0,,1953
Runs,Duke Snider,Brooklyn,132.0,,1953
Slugging Average,Duke Snider,Brooklyn,0.627,,1953
Stolen Bases,Bill Bruton,Milwaukee,26.0,,1953
Total Bases,Duke Snider,Brooklyn,370.0,,1953
Triples,Jim Gilliam,Brooklyn,17.0,,1953
1953 N.L. History | 1953 A.L. History | Year-by-Year History,1953 N.L. History | 1953 A.L. History | Year-by-Year History,1953 N.L. History | 1953 A.L. History | Year-by-Year History,,,1953
Complete Games,Robin Roberts,Philadelphia,33.0,,1953
ERA,Warren Spahn,Milwaukee,2.1,,1953
Games,Hoyt Wilhelm,New York,68.0,,1953
Saves,Al Brazle,St. Louis,18.0,,1953
Shutouts,Harvey Haddix,St. Louis,6.0,,1953
Strikeouts,Robin Roberts,Philadelphia,198.0,,1953
Winning Percentage,Carl Erskine,Brooklyn,0.769,,1953
Wins,Robin Roberts,Philadelphia,23.0,,1953
Wins,Warren Spahn,Milwaukee,23.0,,1953
1953 N.L. History | 1953 A.L. History | Year-by-Year History,1953 N.L. History | 1953 A.L. History | Year-by-Year History,1953 N.L. History | 1953 A.L. History | Year-by-Year History,,,1953
Team | Roster,Wins,Losses,,,1953
Brooklyn Dodgers,105,49,0.682,0.0,1953
Milwaukee Braves,92,62,0.597,13.0,1953
Philadelphia Phillies,83,71,0.539,22.0,1953
St. Louis Cardinals,83,71,0.539,22.0,1953
New York Giants,70,84,0.455,35.0,1953
Cincinnati Redlegs,68,86,0.442,37.0,1953
Chicago Cubs,65,89,0.422,40.0,1953
Pittsburgh Pirates,50,104,0.325,55.0,1953
Team | Roster,Wins,Losses,,,1953
1953 National League Final Standings,1953 National League Final Standings,1953 National League Final Standings,,,1953
Base on Balls,Brooklyn,655,,,1953
Batting Average,Brooklyn,.285,,,1953
Doubles,St. Louis,281,,,1953
Hits,Brooklyn,1529,,,1953
Home Runs,Brooklyn,208,,,1953
On Base Percentage,Brooklyn,.366,,,1953
Runs,Brooklyn,955,,,1953
Slugging Average,Brooklyn,.474,,,1953
Stolen Bases,Brooklyn,90,,,1953
Triples,Philadelphia,62,,,1953
1953 National League Team Review,1953 National League Team Review,1953 National League Team Review,,,1953
Complete Games,Philadelphia,76,,,1953
ERA,Milwaukee,3.30,,,1953
Fewest Hits Allowed,Milwaukee,1282,,,1953
Fewest Home Runs Allowed,Milwaukee,107,,,1953
Fewest Walks Allowed,Philadelphia,410,,,1953
Saves,St. Louis,36,,,1953
Shutouts,Milwaukee,14,,,1953
Strikeouts,Brooklyn,817,,,1953
1953 National League Team Review,1953 National League Team Review,1953 National League Team Review,,,1953
Base on Balls,Richie Ashburn,Philadelphia,125.0,,1954
Batting Average,Willie Mays,New York,0.345,,1954
Doubles,Stan Musial,St. Louis,41.0,,1954
Hits,Don Mueller,New York,212.0,,1954
Home Runs,Ted Kluszewski,Cincinnati,49.0,,1954
On Base Percentage,Richie Ashburn,Philadelphia,0.442,,1954
RBI,Ted Kluszewski,Cincinnati,141.0,,1954
Runs,Stan Musial,St. Louis,120.0,,1954
Runs,Duke Snider,Brooklyn,120.0,,1954
Slugging Average,Willie Mays,New York,0.667,,1954
Stolen Bases,Bill Bruton,Milwaukee,34.0,,1954
Total Bases,Duke Snider,Brooklyn,378.0,,1954
Triples,Willie Mays,New York,13.0,,1954
1954 N.L. History | 1954 A.L. History | Year-by-Year History,1954 N.L. History | 1954 A.L. History | Year-by-Year History,1954 N.L. History | 1954 A.L. History | Year-by-Year History,,,1954
Complete Games,Robin Roberts,Philadelphia,29.0,,1954
ERA,Johnny Antonelli,New York,2.3,,1954
Games,Jim Hughes,Brooklyn,60.0,,1954
Saves,Jim Hughes,Brooklyn,24.0,,1954
Shutouts,Johnny Antonelli,New York,6.0,,1954
Strikeouts,Robin Roberts,Philadelphia,185.0,,1954
Winning Percentage,Johnny Antonelli,New York,0.75,,1954
Wins,Robin Roberts,Philadelphia,23.0,,1954
1954 N.L. History | 1954 A.L. History | Year-by-Year History,1954 N.L. History | 1954 A.L. History | Year-by-Year History,1954 N.L. History | 1954 A.L. History | Year-by-Year History,,,1954
Team [Click for roster],Wins,Losses,,,1954
New York Giants,97,57,0.63,0.0,1954
Brooklyn Dodgers,92,62,0.597,5.0,1954
Milwaukee Braves,89,65,0.578,8.0,1954
Philadelphia Phillies,75,79,0.487,22.0,1954
Cincinnati Redlegs,74,80,0.481,23.0,1954
St. Louis Cardinals,72,82,0.468,25.0,1954
Chicago Cubs,64,90,0.416,33.0,1954
Pittsburgh Pirates,53,101,0.344,44.0,1954
Base on Balls,Brooklyn,634,,,1954
Batting Average,St. Louis,.281,,,1954
Doubles,St. Louis,285,,,1954
Hits,St. Louis,1518,,,1954
Home Runs,Brooklyn,186,,,1954
Home Runs,New York,186,,,1954
On Base Percentage,St. Louis,.354,,,1954
Runs,St. Louis,799,,,1954
Slugging Average,Brooklyn,.444,,,1954
Stolen Bases,St. Louis,63,,,1954
Triples,Philadelphia,58,,,1954
Triples,St. Louis,58,,,1954
Complete Games,Philadelphia,78,,,1954
ERA,New York,3.10,,,1954
Fewest Hits Allowed,New York,1258,,,1954
Fewest Home Runs Allowed,Milwaukee,106,,,1954
Fewest Walks Allowed,Philadelphia,450,,,1954
Saves,Brooklyn,36,,,1954
Shutouts,New York,19,,,1954
Strikeouts,Brooklyn,762,,,1954
Base on Balls,Eddie Mathews,Milwaukee,109.0,,1955
Batting Average,Richie Ashburn,Philadelphia,0.338,,1955
Doubles,Hank Aaron,Milwaukee,37.0,,1955
Doubles,Johnny Logan,Milwaukee,37.0,,1955
Hits,Ted Kluszewski,Cincinnati,192.0,,1955
Home Runs,Willie Mays,New York,51.0,,1955
On Base Percentage,Richie Ashburn,Philadelphia,0.449,,1955
RBI,Duke Snider,Brooklyn,136.0,,1955
Runs,Duke Snider,Brooklyn,126.0,,1955
Slugging Average,Willie Mays,New York,0.659,,1955
Stolen Bases,Bill Bruton,Milwaukee,25.0,,1955
Total Bases,Willie Mays,New York,382.0,,1955
Triples,Dale Long,Pittsburgh,13.0,,1955
Triples,Willie Mays,New York,13.0,,1955
1955 N.L. History | 1955 A.L. History | Year-by-Year History,1955 N.L. History | 1955 A.L. History | Year-by-Year History,1955 N.L. History | 1955 A.L. History | Year-by-Year History,,,1955
Complete Games,Robin Roberts,Philadelphia,26.0,,1955
ERA,Bob Friend,Pittsburgh,2.83,,1955
Games,Clem Labine,Brooklyn,60.0,,1955
Saves,Jack Meyer,Philadelphia,16.0,,1955
Shutouts,Joe Nuxhall,Cincinnati,5.0,,1955
Strikeouts,Sam Jones,Chicago,198.0,,1955
Winning Percentage,Don Newcombe,Brooklyn,0.8,,1955
Wins,Robin Roberts,Philadelphia,23.0,,1955
1955 N.L. History | 1955 A.L. History | Year-by-Year History,1955 N.L. History | 1955 A.L. History | Year-by-Year History,1955 N.L. History | 1955 A.L. History | Year-by-Year History,,,1955
Team [Click for roster],Wins,Losses,,,1955
Brooklyn Dodgers,98,55,0.641,0.0,1955
Milwaukee Braves,85,69,0.552,,1955
New York Giants,80,74,0.519,,1955
Philadelphia Phillies,77,77,0.5,,1955
Cincinnati Redlegs,75,79,0.487,,1955
Chicago Cubs,72,81,0.471,26.0,1955
St. Louis Cardinals,68,86,0.442,,1955
Pittsburgh Pirates,60,94,0.39,,1955
Base on Balls,Brooklyn,674,,,1955
Batting Average,Brooklyn,.271,,,1955
Doubles,Brooklyn,230,,,1955
Hits,Cincinnati,1424,,,1955
Home Runs,Brooklyn,201,,,1955
On Base Percentage,Brooklyn,.359,,,1955
Runs,Brooklyn,857,,,1955
Slugging Average,Brooklyn,.448,,,1955
Stolen Bases,Brooklyn,79,,,1955
Triples,Pittsburgh,60,,,1955
Complete Games,Milwaukee,61,,,1955
ERA,Brooklyn,3.68,,,1955
Fewest Hits Allowed,Philadelphia,1291,,,1955
Fewest Home Runs Allowed,Milwaukee,138,,,1955
Fewest Walks Allowed,Cincinnati,443,,,1955
Saves,Brooklyn,37,,,1955
Shutouts,Cincinnati,12,,,1955
Strikeouts,Brooklyn,773,,,1955
Base on Balls,Duke Snider,Brooklyn,99.0,,1956
Batting Average,Hank Aaron,Milwaukee,0.328,,1956
Doubles,Hank Aaron,Milwaukee,34.0,,1956
Hits,Hank Aaron,Milwaukee,200.0,,1956
Home Runs,Duke Snider,Brooklyn,43.0,,1956
On Base Percentage,Duke Snider,Brooklyn,0.402,,1956
RBI,Stan Musial,St. Louis,109.0,,1956
Runs,Frank Robinson,Cincinnati,122.0,,1956
Slugging Average,Duke Snider,Brooklyn,0.598,,1956
Stolen Bases,Willie Mays,New York,40.0,,1956
Total Bases,Hank Aaron,Milwaukee,340.0,,1956
Triples,Bill Bruton,Milwaukee,15.0,,1956
1956 N.L. History | 1956 A.L. History | Year-by-Year History,1956 N.L. History | 1956 A.L. History | Year-by-Year History,1956 N.L. History | 1956 A.L. History | Year-by-Year History,,,1956
Complete Games,Robin Roberts,Philadelphia,22.0,,1956
ERA,Lew Burdette,Milwaukee,2.7,,1956
Games,Roy Face,Pittsburgh,68.0,,1956
Saves,Clem Labine,Brooklyn,19.0,,1956
Shutouts,Lew Burdette,Milwaukee,6.0,,1956
Strikeouts,Sam Jones,Chicago,176.0,,1956
Winning Percentage,Don Newcombe,Brooklyn,0.794,,1956
Wins,Don Newcombe,Brooklyn,27.0,,1956
1956 N.L. History | 1956 A.L. History | Year-by-Year History,1956 N.L. History | 1956 A.L. History | Year-by-Year History,1956 N.L. History | 1956 A.L. History | Year-by-Year History,,,1956
Team [Click for roster],Wins,Losses,,,1956
Brooklyn Dodgers,93,61,0.604,0.0,1956
Milwaukee Braves,92,62,0.597,1.0,1956
Cincinnati Redlegs,91,63,0.591,2.0,1956
St. Louis Cardinals,76,78,0.494,17.0,1956
Philadelphia Phillies,71,83,0.461,22.0,1956
New York Giants,67,87,0.435,26.0,1956
Pittsburgh Pirates,66,88,0.429,27.0,1956
Chicago Cubs,60,94,0.39,33.0,1956
Base on Balls,Brooklyn,649,,,1956
Batting Average,St. Louis,.268,,,1956
Doubles,St. Louis,234,,,1956
Hits,St. Louis,1443,,,1956
Home Runs,Cincinnati,221,,,1956
On Base Percentage,Brooklyn,.344,,,1956
Runs,Cincinnati,775,,,1956
Slugging Average,Cincinnati,.441,,,1956
Stolen Bases,New York,67,,,1956
Triples,Pittsburgh,57,,,1956
Complete Games,Milwaukee,64,,,1956
ERA,Milwaukee,3.12,,,1956
Fewest Hits Allowed,Brooklyn,1251,,,1956
Fewest Home Runs Allowed,Milwaukee,133,,,1956
Fewest Walks Allowed,Philadelphia,437,,,1956
Saves,Brooklyn,30,,,1956
Saves,St. Louis,30,,,1956
Shutouts,Brooklyn,12,,,1956
Shutouts,Milwaukee,12,,,1956
Shutouts,St. Louis,12,,,1956
Strikeouts,Brooklyn,772,,,1956
Base on Balls,Richie Ashburn,Philadelphia,94.0,,1957
Base on Balls,Johnny Temple,Cincinnati,94.0,,1957
Batting Average,Stan Musial,St. Louis,0.351,,1957
Doubles,Don Hoak,Cincinnati,39.0,,1957
Hits,Red Schoendienst,New York,200.0,,1957
Hits,Red Schoendienst,Milwaukee,200.0,,1957
Home Runs,Hank Aaron,Milwaukee,44.0,,1957
On Base Percentage,Stan Musial,St. Louis,0.428,,1957
RBI,Hank Aaron,Milwaukee,132.0,,1957
Runs,Hank Aaron,Milwaukee,118.0,,1957
Slugging Average,Willie Mays,New York,0.626,,1957
Stolen Bases,Willie Mays,New York,38.0,,1957
Total Bases,Hank Aaron,Milwaukee,369.0,,1957
Triples,Willie Mays,New York,20.0,,1957
1957 N.L. History | 1957 A.L. History | Year-by-Year History,1957 N.L. History | 1957 A.L. History | Year-by-Year History,1957 N.L. History | 1957 A.L. History | Year-by-Year History,,,1957
Complete Games,Warren Spahn,Milwaukee,18.0,,1957
ERA,Johnny Podres,Brooklyn,2.66,,1957
Games,Turk Lown,Chicago,67.0,,1957
Saves,Clem Labine,Brooklyn,17.0,,1957
Shutouts,Johnny Podres,Brooklyn,6.0,,1957
Strikeouts,Jack Sanford,Philadelphia,188.0,,1957
Winning Percentage,Bob Buhl,Milwaukee,0.72,,1957
Wins,Warren Spahn,Milwaukee,21.0,,1957
1957 N.L. History | 1957 A.L. History | Year-by-Year History,1957 N.L. History | 1957 A.L. History | Year-by-Year History,1957 N.L. History | 1957 A.L. History | Year-by-Year History,,,1957
Team [Click for roster],Wins,Losses,,,1957
Milwaukee Braves,95,59,0.617,0.0,1957
St. Louis Cardinals,87,67,0.565,8.0,1957
Brooklyn Dodgers,84,70,0.545,11.0,1957
Cincinnati Redlegs,80,74,0.519,15.0,1957
Philadelphia Phillies,77,77,0.5,18.0,1957
New York Giants,69,85,0.448,26.0,1957
Pittsburgh Pirates,62,92,0.403,33.0,1957
Chicago Cubs,62,92,0.403,33.0,1957
Base on Balls,Brooklyn,550,,,1957
Batting Average,St. Louis,.274,,,1957
Doubles,Cincinnati,251,,,1957
Hits,St. Louis,1497,,,1957
Home Runs,Milwaukee,199,,,1957
On Base Percentage,Cincinnati,.341,,,1957
Runs,Milwaukee,772,,,1957
Slugging Average,Milwaukee,.442,,,1957
Stolen Bases,New York,64,,,1957
Triples,Milwaukee,62,,,1957
Complete Games,Milwaukee,60,,,1957
ERA,Brooklyn,3.35,,,1957
Fewest Hits Allowed,Brooklyn,1285,,,1957
Fewest Home Runs Allowed,Milwaukee,124,,,1957
Fewest Walks Allowed,Philadelphia,412,,,1957
Saves,Brooklyn,29,,,1957
Saves,Cincinnati,29,,,1957
Saves,St. Louis,29,,,1957
Shutouts,Brooklyn,18,,,1957
Strikeouts,Brooklyn,891,,,1957
Base on Balls,Richie Ashburn,Philadelphia,97.0,,1958
Batting Average,Richie Ashburn,Philadelphia,0.35,,1958
Doubles,Orlando Cepeda,San Francisco,38.0,,1958
Hits,Richie Ashburn,Philadelphia,215.0,,1958
Home Runs,Ernie Banks,Chicago,47.0,,1958
On Base Percentage,Richie Ashburn,Philadelphia,0.44,,1958
RBI,Ernie Banks,Chicago,129.0,,1958
Runs,Willie Mays,San Francisco,121.0,,1958
Slugging Average,Ernie Banks,Chicago,0.614,,1958
Stolen Bases,Willie Mays,San Francisco,31.0,,1958
Total Bases,Ernie Banks,Chicago,379.0,,1958
Triples,Richie Ashburn,Philadelphia,13.0,,1958
1958 N.L. History | 1958 A.L. History | Year-by-Year History,1958 N.L. History | 1958 A.L. History | Year-by-Year History,1958 N.L. History | 1958 A.L. History | Year-by-Year History,,,1958
Complete Games,Warren Spahn,Milwaukee,23.0,,1958
ERA,Stu Miller,San Francisco,2.47,,1958
Games,Don Elston,Chicago,69.0,,1958
Saves,Roy Face,Pittsburgh,20.0,,1958
Shutouts,Carl Willey,Milwaukee,4.0,,1958
Strikeouts,Sam Jones,St. Louis,225.0,,1958
Winning Percentage,Lew Burdette,Milwaukee,0.667,,1958
Winning Percentage,Warren Spahn,Milwaukee,0.667,,1958
Wins,Bob Friend,Pittsburgh,22.0,,1958
Wins,Warren Spahn,Milwaukee,22.0,,1958
1958 N.L. History | 1958 A.L. History | Year-by-Year History,1958 N.L. History | 1958 A.L. History | Year-by-Year History,1958 N.L. History | 1958 A.L. History | Year-by-Year History,,,1958
Team [Click for roster],Wins,Losses,,,1958
Milwaukee Braves,92,62,0.597,0.0,1958
Pittsburgh Pirates,84,70,0.545,8.0,1958
San Francisco Giants,80,74,0.519,12.0,1958
Cincinnati Redlegs,76,78,0.494,16.0,1958
Chicago Cubs,72,82,0.468,20.0,1958
St. Louis Cardinals,72,82,0.468,20.0,1958
Los Angeles Dodgers,71,83,0.461,21.0,1958
Philadelphia Phillies,69,85,0.448,23.0,1958
Base on Balls,Philadelphia,573,,,1958
Batting Average,Milwaukee,.266,,,1958
Doubles,Pittsburgh,68,,,1958
Hits,Philadelphia,1424,,,1958
Home Runs,Chicago,182,,,1958
On Base Percentage,Philadelphia,.341,,,1958
Runs,San Francisco,727,,,1958
Slugging Average,Chicago,.426,,,1958
Stolen Bases,Los Angeles,73,,,1958
Triples,Pittsburgh,68,,,1958
Complete Games,Milwaukee,72,,,1958
ERA,Milwaukee,3.22,,,1958
Fewest Hits Allowed,Milwaukee,1261,,,1958
Fewest Home Runs Allowed,Pittsburgh,123,,,1958
Fewest Walks Allowed,Cincinnati,419,,,1958
Saves,Pittsburgh,41,,,1958
Shutouts,Milwaukee,16,,,1958
Strikeouts,Los Angeles,855,,,1958
Base on Balls,Jim Gilliam,Los Angeles,96.0,,1959
Batting Average,Hank Aaron,Milwaukee,0.355,,1959
Doubles,Vada Pinson,Cincinnati,47.0,,1959
Hits,Hank Aaron,Milwaukee,223.0,,1959
Home Runs,Eddie Mathews,Milwaukee,46.0,,1959
On Base Percentage,Joe Cunningham,St. Louis,0.453,,1959
RBI,Ernie Banks,Chicago,143.0,,1959
Runs,Vada Pinson,Cincinnati,131.0,,1959
Slugging Average,Hank Aaron,Milwaukee,0.636,,1959
Stolen Bases,Willie Mays,San Francisco,27.0,,1959
Total Bases,Hank Aaron,Milwaukee,400.0,,1959
Triples,Wally Moon,Los Angeles,11.0,,1959
Triples,Charlie Neal,Los Angeles,11.0,,1959
1959 N.L. History | 1959 A.L. History | Year-by-Year History,1959 N.L. History | 1959 A.L. History | Year-by-Year History,1959 N.L. History | 1959 A.L. History | Year-by-Year History,,,1959
Complete Games,Warren Spahn,Milwaukee,21.0,,1959
ERA,Sam Jones,San Francisco,2.83,,1959
Games,Don Elston,Chicago,65.0,,1959
Games,Bill Henry,Chicago,65.0,,1959
Saves,Lindy McDaniel,St. Louis,15.0,,1959
Saves,Don McMahon,Milwaukee,15.0,,1959
Shutouts,Johnny Antonelli,San Francisco,4.0,,1959
Shutouts,Bob Buhl,Milwaukee,4.0,,1959
Shutouts,Lew Burdette,Milwaukee,4.0,,1959
Shutouts,Roger Craig,Los Angeles,4.0,,1959
Shutouts,Don Drysdale,Los Angeles,4.0,,1959
Shutouts,Sam Jones,San Francisco,4.0,,1959
Shutouts,Warren Spahn,Milwaukee,4.0,,1959
Strikeouts,Don Drysdale,Los Angeles,242.0,,1959
Winning Percentage,Roy Face,Pittsburgh,0.947,,1959
Wins,Lew Burdette,Milwaukee,21.0,,1959
Wins,Sam Jones,San Francisco,21.0,,1959
Wins,Warren Spahn,Milwaukee,21.0,,1959
1959 N.L. History | 1959 A.L. History | Year-by-Year History,1959 N.L. History | 1959 A.L. History | Year-by-Year History,1959 N.L. History | 1959 A.L. History | Year-by-Year History,,,1959
Team [Click for roster],Wins,Losses,,,1959
Los Angeles Dodgers,88,68,0.654,0.0,1959
Milwaukee Braves,86,70,0.551,1.0,1959
San Francisco Giants,83,71,0.539,4.0,1959
Pittsburgh Pirates,78,76,0.506,9.0,1959
Chicago Cubs,74,80,0.481,13.0,1959
Cincinnati Reds,74,80,0.481,13.0,1959
St. Louis Cardinals,71,83,0.461,16.0,1959
Philadelphia Phillies,64,90,0.416,23.0,1959
Base on Balls,Los Angeles,591,,,1959
Batting Average,Cincinnati,.274,,,1959
Doubles,Cincinnati,258,,,1959
Hits,Cincinnati,1448,,,1959
Home Runs,Milwaukee,177,,,1959
On Base Percentage,Cincinnati,.340,,,1959
Runs,Cincinnati,764,,,1959
Slugging Average,Cincinnati,.427,,,1959
Stolen Bases,Los Angeles,84,,,1959
Triples,St. Louis,49,,,1959
Complete Games,Milwaukee,69,,,1959
ERA,San Francisco,3.47,,,1959
Fewest Hits Allowed,San Francisco,1279,,,1959
Fewest Home Runs Allowed,Milwaukee,128,,,1959
Fewest Walks Allowed,Pittsburgh,418,,,1959
Saves,Cincinnati,26,,,1959
Saves,Los Angeles,26,,,1959
Shutouts,Milwaukee,18,,,1959
Strikeouts,Los Angeles,1077,,,1959
Base on Balls,Richie Ashburn,Chicago,116.0,,1960
Batting Average,Dick Groat,Pittsburgh,0.325,,1960
Doubles,Vada Pinson,Cincinnati,37.0,,1960
Hits,Willie Mays,San Francisco,190.0,,1960
Home Runs,Ernie Banks,Chicago,41.0,,1960
On Base Percentage,Richie Ashburn,Chicago,0.416,,1960
RBI,Hank Aaron,Milwaukee,126.0,,1960
Runs,Bill Bruton,Milwaukee,112.0,,1960
Slugging Average,Frank Robinson,Cincinnati,0.595,,1960
Stolen Bases,Maury Wills,Los Angeles,50.0,,1960
Total Bases,Hank Aaron,Milwaukee,334.0,,1960
Triples,Bill Bruton,Milwaukee,13.0,,1960
1960 N.L. History | 1960 A.L. History | Year-by-Year History,1960 N.L. History | 1960 A.L. History | Year-by-Year History,1960 N.L. History | 1960 A.L. History | Year-by-Year History,,,1960
Complete Games,Lew Burdette,Milwaukee,18.0,,1960
Complete Games,Vern Law,Pittsburgh,18.0,,1960
Complete Games,Warren Spahn,Milwaukee,18.0,,1960
ERA,Mike McCormick,San Francisco,2.7,,1960
Games,Roy Face,Pittsburgh,68.0,,1960
Saves,Lindy McDaniel,St. Louis,26.0,,1960
Shutouts,Jack Sanford,San Francisco,6.0,,1960
Strikeouts,Don Drysdale,Los Angeles,246.0,,1960
Winning Percentage,Ernie Broglio,St. Louis,0.7,,1960
Wins,Ernie Broglio,St. Louis,21.0,,1960
Wins,Warren Spahn,Milwaukee,21.0,,1960
1960 N.L. History | 1960 A.L. History | Year-by-Year History,1960 N.L. History | 1960 A.L. History | Year-by-Year History,1960 N.L. History | 1960 A.L. History | Year-by-Year History,,,1960
Team [Click for roster],Wins,Losses,,,1960
Pittsburgh Pirates,95,59,0.617,0.0,1960
Milwaukee Braves,88,66,0.571,7.0,1960
St. Louis Cardinals,86,68,0.558,9.0,1960
Los Angeles Dodgers,82,72,0.532,13.0,1960
San Francisco Giants,79,75,0.513,16.0,1960
Cincinnati Reds,67,87,0.435,28.0,1960
Chicago Cubs,60,94,0.39,35.0,1960
Philadelphia Phillies,59,95,0.383,36.0,1960
Base on Balls,Chicago,531,,,1960
Batting Average,Pittsburgh,.276,,,1960
Doubles,Pittsburgh,236,,,1960
Hits,Pittsburgh,1493,,,1960
Home Runs,Milwaukee,170,,,1960
On Base Percentage,Pittsburgh,.338,,,1960
Runs,Pittsburgh,734,,,1960
Slugging Average,Milwaukee,.417,,,1960
Stolen Bases,Los Angeles,95,,,1960
Triples,San Francisco,62,,,1960
Complete Games,Milwaukee,55,,,1960
Complete Games,San Francisco,55,,,1960
ERA,Los Angeles,3.40,,,1960
Fewest Hits Allowed,Los Angeles,1218,,,1960
Fewest Home Runs Allowed,Pittsburgh,105,,,1960
Fewest Walks Allowed,Pittsburgh,386,,,1960
Saves,Cincinnati,35,,,1960
Shutouts,San Francisco,16,,,1960
Strikeouts,Los Angeles,1122,,,1960
Base on Balls,Eddie Mathews,Milwaukee,93.0,,1961
Batting Average,Roberto Clemente,Pittsburgh,0.351,,1961
Doubles,Hank Aaron,Milwaukee,39.0,,1961
Hits,Vada Pinson,Cincinnati,208.0,,1961
Home Runs,Orlando Cepeda,San Francisco,46.0,,1961
On Base Percentage,Wally Moon,Los Angeles,0.438,,1961
RBI,Orlando Cepeda,San Francisco,142.0,,1961
Runs,Willie Mays,San Francisco,129.0,,1961
Slugging Average,Frank Robinson,Cincinnati,0.611,,1961
Stolen Bases,Maury Wills,Los Angeles,35.0,,1961
Total Bases,Hank Aaron,Milwaukee,358.0,,1961
Triples,George Altman,Chicago,12.0,,1961
1961 N.L. History | 1961 A.L. History | Year-by-Year History,1961 N.L. History | 1961 A.L. History | Year-by-Year History,1961 N.L. History | 1961 A.L. History | Year-by-Year History,,,1961
Complete Games,Warren Spahn,Milwaukee,21.0,,1961
ERA,Warren Spahn,Milwaukee,3.02,,1961
Games,Jack Baldschun,Philadelphia,65.0,,1961
Saves,Roy Face,Pittsburgh,17.0,,1961
Saves,Stu Miller,San Francisco,17.0,,1961
Shutouts,Joey Jay,Cincinnati,4.0,,1961
Shutouts,Warren Spahn,Milwaukee,4.0,,1961
Strikeouts,Sandy Koufax,Los Angeles,269.0,,1961
Winning Percentage,Johnny Podres,Los Angeles,0.783,,1961
Wins,Joey Jay,Cincinnati,25.0,,1961
Wins,Warren Spahn,Milwaukee,25.0,,1961
1961 N.L. History | 1961 A.L. History | Year-by-Year History,1961 N.L. History | 1961 A.L. History | Year-by-Year History,1961 N.L. History | 1961 A.L. History | Year-by-Year History,,,1961
Team | Roster,Wins,Losses,,,1961
Cincinnati Reds,93,61,0.604,0.0,1961
Los Angeles Dodgers,89,65,0.578,4.0,1961
San Francisco Giants,85,69,0.552,8.0,1961
Milwaukee Braves,83,71,0.539,10.0,1961
St. Louis Cardinals,80,74,0.519,13.0,1961
Pittsburgh Pirates,75,79,0.487,18.0,1961
Chicago Cubs,64,90,0.416,29.0,1961
Philadelphia Phillies,47,107,0.305,46.0,1961
Team | Roster,Wins,Losses,,,1961
1961 N.L. Final Standings,1961 N.L. Final Standings,1961 N.L. Final Standings,,,1961
Base on Balls,Los Angeles,596,,,1961
Batting Average,Pittsburgh,.273,,,1961
Doubles,Cincinnati,247,,,1961
Hits,Pittsburgh,1448,,,1961
Home Runs,Milwaukee,188,,,1961
On Base Percentage,Los Angeles,.340,,,1961
Runs,San Francisco,773,,,1961
Slugging Average,San Francisco,.423,,,1961
Stolen Bases,Los Angeles,86,,,1961
Triples,Pittsburgh,57,,,1961
Complete Games,Milwaukee,57,,,1961
ERA,St. Louis,3.74,,,1961
Fewest Hits Allowed,Cincinnati,1300,,,1961
Fewest Home Runs Allowed,Pittsburgh,121,,,1961
Fewest Walks Allowed,Pittsburgh,400,,,1961
Saves,Cincinnati,40,,,1961
Shutouts,Cincinnati,12,,,1961
Strikeouts,Los Angeles,1105,,,1961
Base on Balls,Eddie Mathews,Milwaukee,101.0,,1962
Batting Average,Tommy Davis,Los Angeles,0.346,,1962
Doubles,Frank Robinson,Cincinnati,51.0,,1962
Hits,Tommy Davis,Los Angeles,230.0,,1962
Home Runs,Willie Mays,San Francisco,49.0,,1962
On Base Percentage,Frank Robinson,Cincinnati,0.424,,1962
RBI,Tommy Davis,Los Angeles,153.0,,1962
Runs,Frank Robinson,Cincinnati,134.0,,1962
Slugging Average,Frank Robinson,Cincinnati,0.624,,1962
Stolen Bases,Maury Wills,Los Angeles,104.0,,1962
Total Bases,Willie Mays,San Francisco,382.0,,1962
Triples,JohnnyCallison,Philadelphia,10.0,,1962
Triples,Willie Davis,Los Angeles,10.0,,1962
Triples,Bill Virdon,Pittsburgh,10.0,,1962
Triples,Maury Wills,Los Angeles,10.0,,1962
1962 N.L. History | 1962 A.L. History | Year-by-Year History,1962 N.L. History | 1962 A.L. History | Year-by-Year History,1962 N.L. History | 1962 A.L. History | Year-by-Year History,,,1962
Complete Games,Warren Spahn,Milwaukee,22.0,,1962
ERA,Sandy Koufax,Los Angeles,2.54,,1962
Games,RonPerranoski,Los Angeles,70.0,,1962
Saves,Roy Face,Pittsburgh,28.0,,1962
Shutouts,Bob Friend,Pittsburgh,5.0,,1962
Shutouts,Bob Gibson,St. Louis,5.0,,1962
Strikeouts,Don Drysdale,Los Angeles,232.0,,1962
Winning Percentage,Bob Purkey,Cincinnati,0.821,,1962
Wins,Don Drysdale,Los Angeles,25.0,,1962
1962 N.L. History | 1962 A.L. History | Year-by-Year History,1962 N.L. History | 1962 A.L. History | Year-by-Year History,1962 N.L. History | 1962 A.L. History | Year-by-Year History,,,1962
Team | Roster,W,L,,,1962
San Francisco Giants,103,62,0.624,0.0,1962
Los Angeles Dodgers,102,63,0.618,1.0,1962
Cincinnati Reds,98,64,0.605,,1962
Pittsburgh Pirates,93,68,0.578,8.0,1962
Milwaukee Braves,86,76,0.531,,1962
St. Louis Cardinals,84,78,0.519,,1962
Philadelphia Phillies,81,80,0.503,20.0,1962
Houston Colt .45s,64,96,0.4,,1962
Chicago Cubs,59,103,0.364,,1962
New York Mets,40,120,0.25,,1962
Team | Roster,W,L,,,1962
National League Team Standings,National League Team Standings,National League Team Standings,,,1962
Base on Balls,New York Mets,616,,,1962
Batting Average,San Francisco Giants,.278,,,1962
Doubles,Cincinnati Reds,252,,,1962
Hits,San Francisco Giants,1552,,,1962
Home Runs,San Francisco Giants,204,,,1962
On Base Percentage,San Francisco Giants,.344,,,1962
Runs,San Francisco Giants,878,,,1962
Slugging Average,San Francisco Giants,.441,,,1962
Stolen Bases,Los Angeles Dodgers,198,,,1962
Triples,Los Angeles Dodgers,65,,,1962
Triples,Pittsburgh Pirates,65,,,1962
1962 N.L. Team Hitting Leaders,1962 N.L. Team Hitting Leaders,1962 N.L. Team Hitting Leaders,,,1962
Complete Games,San Francisco Giants,62,,,1962
ERA,Pittsburgh Pirates,3.38,,,1962
Fewest Hits Allowed,Los Angeles Dodgers,1386,,,1962
Fewest Home Runs Allowed,Houston Colt .45s,113,,,1962
Fewest Walks Allowed,Milwaukee Braves,407,,,1962
Saves,Los Angeles Dodgers,46,,,1962
Shutouts,St. Louis Cardinals,17,,,1962
Strikeouts,Los Angeles Dodgers,1104,,,1962
1962 N.L. Team Pitching Leaders,1962 N.L. Team Pitching Leaders,1962 N.L. Team Pitching Leaders,,,1962
Base on Balls,Eddie Mathews,Milwaukee,124.0,,1963
Batting Average,Tommy Davis,Los Angeles,0.326,,1963
Doubles,Dick Groat,St. Louis,43.0,,1963
Hits,Vada Pinson,Cincinnati,204.0,,1963
Home Runs,Hank Aaron,Milwaukee,44.0,,1963
Home Runs,Willie McCovey,San Francisco,44.0,,1963
On Base Percentage,Eddie Mathews,Milwaukee,0.4,,1963
RBI,Hank Aaron,Milwaukee,130.0,,1963
Runs,Hank Aaron,Milwaukee,121.0,,1963
Slugging Average,Hank Aaron,Milwaukee,0.586,,1963
Stolen Bases,Maury Wills,Los Angeles,40.0,,1963
Total Bases,Hank Aaron,Milwaukee,370.0,,1963
Triples,Vada Pinson,Cincinnati,14.0,,1963
1963 N.L. History | 1963 A.L. History | Year-by-Year History,1963 N.L. History | 1963 A.L. History | Year-by-Year History,1963 N.L. History | 1963 A.L. History | Year-by-Year History,,,1963
Complete Games,Warren Spahn,Milwaukee,22.0,,1963
ERA,Sandy Koufax,Los Angeles,1.88,,1963
Games,Ron Perranoski,Los Angeles,69.0,,1963
Saves,Lindy McDaniel,Chicago,22.0,,1963
Shutouts,Sandy Koufax,Los Angeles,11.0,,1963
Strikeouts,Sandy Koufax,Los Angeles,306.0,,1963
Winning Percentage,Ron Perranoski,Los Angeles,0.842,,1963
Wins,Sandy Koufax,Los Angeles,25.0,,1963
Wins,Juan Marichal,San Francisco,25.0,,1963
1963 N.L. History | 1963 A.L. History | Year-by-Year History,1963 N.L. History | 1963 A.L. History | Year-by-Year History,1963 N.L. History | 1963 A.L. History | Year-by-Year History,,,1963
Team [Click for roster],Wins,Losses,,,1963
Los Angeles Dodgers,99,63,0.611,0.0,1963
St. Louis Cardinals,93,69,0.574,6.0,1963
San Francisco Giants,88,74,0.543,11.0,1963
Philadelphia Phillies,87,75,0.537,12.0,1963
Cincinnati Reds,86,76,0.531,13.0,1963
Milwaukee Braves,84,78,0.519,15.0,1963
Chicago Cubs,82,80,0.506,17.0,1963
Pittsburgh Pirates,74,88,0.457,25.0,1963
Houston Colt .45s,66,96,0.407,33.0,1963
New York Mets,51,111,0.315,48.0,1963
Base on Balls,Milwaukee,525,,,1963
Batting Average,St. Louis,.271,,,1963
Doubles,St. Louis,231,,,1963
Hits,St. Louis,1540,,,1963
Home Runs,San Francisco,197,,,1963
On Base Percentage,St. Louis,.328,,,1963
Runs,St. Louis,747,,,1963
Slugging Average,San Francisco,.414,,,1963
Stolen Bases,Los Angeles,124,,,1963
Triples,St. Louis,66,,,1963
Complete Games,Milwaukee,56,,,1963
ERA,Los Angeles,2.86,,,1963
Fewest Hits Allowed,Philadelphia,1262,,,1963
Fewest Home Runs Allowed,Houston,95,,,1963
Fewest Walks Allowed,Houston,378,,,1963
Saves,Cincinnati,36,,,1963
Shutouts,Los Angeles,24,,,1963
Strikeouts,Los Angeles,1095,,,1963
Base on Balls,Ron Santo,Chicago,86.0,,1964
Batting Average,Roberto Clemente,Pittsburgh,0.339,,1964
Doubles,Lee Maye,Milwaukee,44.0,,1964
Hits,Roberto Clemente,Pittsburgh,211.0,,1964
Hits,Curt Flood,St. Louis,211.0,,1964
Home Runs,Willie Mays,San Francisco,47.0,,1964
On Base Percentage,Ron Santo,Chicago,0.401,,1964
RBI,Ken Boyer,St. Louis,119.0,,1964
Runs,Dick Allen,Philadelphia,125.0,,1964
Slugging Average,Willie Mays,San Francisco,0.607,,1964
Stolen Bases,Maury Wills,Los Angeles,53.0,,1964
Total Bases,Dick Allen,Philadelphia,352.0,,1964
Triples,Dick Allen,Philadelphia,13.0,,1964
Triples,Ron Santo,Chicago,13.0,,1964
1964 N.L. History | 1964 A.L. History | Year-by-Year History,1964 N.L. History | 1964 A.L. History | Year-by-Year History,1964 N.L. History | 1964 A.L. History | Year-by-Year History,,,1964
Complete Games,Juan Marichal,San Francisco,22.0,,1964
ERA,Sandy Koufax,Los Angeles,1.74,,1964
Games,Bob Miller,Los Angeles,74.0,,1964
Saves,Hal Woodeshick,Houston,23.0,,1964
Shutouts,Sandy Koufax,Los Angeles,7.0,,1964
Strikeouts,Bob Veale,Pittsburgh,250.0,,1964
Winning Percentage,Sandy Koufax,Los Angeles,0.792,,1964
Wins,Larry Jackson,Chicago,24.0,,1964
1964 N.L. History | 1964 A.L. History | Year-by-Year History,1964 N.L. History | 1964 A.L. History | Year-by-Year History,1964 N.L. History | 1964 A.L. History | Year-by-Year History,,,1964
Team | Roster,Wins,Losses,,,1964
St. Louis Cardinals,93,69,0.574,0.0,1964
Cincinnati Reds,92,70,0.568,1.0,1964
Philadelphia Phillies,92,70,0.568,1.0,1964
San Francisco Giants,90,72,0.556,3.0,1964
Milwaukee Braves,88,74,0.543,5.0,1964
Los Angeles Dodgers,80,82,0.494,13.0,1964
Pittsburgh Pirates,80,82,0.494,13.0,1964
Chicago Cubs,76,86,0.469,17.0,1964
Houston Colt .45s,66,96,0.407,27.0,1964
New York Mets,53,109,0.327,40.0,1964
Team | Roster,Wins,Losses,,,1964
1964 N.L. Team Final Standings,1964 N.L. Team Final Standings,1964 N.L. Team Final Standings,,,1964
Base on Balls,San Francisco,505,,,1964
Batting Average,Milwaukee,.272,,,1964
Doubles,Milwaukee,274,,,1964
Hits,St. Louis,1531,,,1964
Home Runs,San Francisco,165,,,1964
On Base Percentage,Milwaukee,.335,,,1964
Runs,Milwaukee,803,,,1964
Slugging Average,Milwaukee,.418,,,1964
Stolen Bases,Los Angeles,141,,,1964
Triples,Pittsburgh,54,,,1964
Complete Games,Chicago,58,,,1964
ERA,Los Angeles,2.96,,,1964
Fewest Hits Allowed,Los Angeles,1289,,,1964
Fewest Home Runs Allowed,Los Angeles,88,,,1964
Fewest Walks Allowed,Houston,353,,,1964
Saves,Philadelphia,41,,,1964
Shutouts,Los Angeles,19,,,1964
Strikeouts,Cincinnati,1122,,,1964
Base on Balls,Joe Morgan,Houston,97.0,,1965
Batting Average,Roberto Clemente,Pittsburgh,0.329,,1965
Doubles,Hank Aaron,Milwaukee,40.0,,1965
Hits,Pete Rose,Cincinnati,209.0,,1965
Home Runs,Willie Mays,San Francisco,52.0,,1965
On Base Percentage,Willie Mays,San Francisco,0.399,,1965
RBI,Deron Johnson,Cincinnati,130.0,,1965
Runs,Tommy Harper,Cincinnati,126.0,,1965
Slugging Average,Willie Mays,San Francisco,0.645,,1965
Stolen Bases,Maury Wills,Los Angeles,94.0,,1965
Total Bases,Willie Mays,San Francisco,360.0,,1965
Triples,Johnny Callison,Philadelphia,16.0,,1965
1965 N.L. History | 1965 A.L. History | Year-by-Year History,1965 N.L. History | 1965 A.L. History | Year-by-Year History,1965 N.L. History | 1965 A.L. History | Year-by-Year History,,,1965
Complete Games,Sandy Koufax,Los Angeles,27.0,,1965
ERA,Sandy Koufax,Los Angeles,2.04,,1965
Games,Ted Abernathy,Chicago,84.0,,1965
Saves,Ted Abernathy,Chicago,31.0,,1965
Shutouts,Juan Marichal,San Francisco,10.0,,1965
Strikeouts,Sandy Koufax,Los Angeles,382.0,,1965
Winning Percentage,Sandy Koufax,Los Angeles,0.765,,1965
Wins,Sandy Koufax,Los Angeles,26.0,,1965
1965 N.L. History | 1965 A.L. History | Year-by-Year History,1965 N.L. History | 1965 A.L. History | Year-by-Year History,1965 N.L. History | 1965 A.L. History | Year-by-Year History,,,1965
Team | Roster,Wins,Losses,,,1965
Los Angeles Dodgers,97,65,0.599,0.0,1965
San Francisco Giants,95,67,0.586,2.0,1965
Pittsburgh Pirates,90,72,0.556,7.0,1965
Cincinnati Reds,89,73,0.549,8.0,1965
Milwaukee Braves,86,76,0.531,11.0,1965
Philadelphia Phillies,85,76,0.528,,1965
St. Louis Cardinals,80,81,0.497,,1965
Chicago Cubs,72,90,0.444,25.0,1965
Houston Astros,65,97,0.401,32.0,1965
New York Mets,50,112,0.309,47.0,1965
Team | Roster,Wins,Losses,,,1965
1965 National League Team Final Standings,1965 National League Team Final Standings,1965 National League Team Final Standings,,,1965
Base on Balls,Cincinnati,538,,,1965
Batting Average,Cincinnati,.273,,,1965
Doubles,Cincinnati,268,,,1965
Hits,Cincinnati,1544,,,1965
Home Runs,Milwaukee,196,,,1965
On Base Percentage,Cincinnati,.341,,,1965
Runs,Cincinnati,825,,,1965
Slugging Average,Cincinnati,.439,,,1965
Stolen Bases,Los Angeles,172,,,1965
Triples,Cincinnati,61,,,1965
Complete Games,Los Angeles,58,,,1965
ERA,Los Angeles,2.81,,,1965
Fewest Hits Allowed,Los Angeles,1223,,,1965
Fewest Home Runs Allowed,Pittsburgh,89,,,1965
Fewest Walks Allowed,Houston,388,,,1965
Saves,San Francisco,42,,,1965
Shutouts,Los Angeles,23,,,1965
Strikeouts,Cincinnati,1113,,,1965
Base on Balls,Ron Santo,Chicago,95.0,,1966
Batting Average,Matty Alou,Pittsburgh,0.342,,1966
Doubles,Johnny Callison,Philadelphia,40.0,,1966
Hits,Felipe Alou,Atlanta,218.0,,1966
Home Runs,Hank Aaron,Atlanta,44.0,,1966
On Base Percentage,Ron Santo,Chicago,0.417,,1966
RBI,Hank Aaron,Atlanta,127.0,,1966
Runs,Felipe Alou,Atlanta,122.0,,1966
Slugging Average,Dick Allen,Philadelphia,0.632,,1966
Stolen Bases,Lou Brock,St. Louis,74.0,,1966
Total Bases,Felipe Alou,Atlanta,355.0,,1966
Triples,Tim McCarver,St. Louis,13.0,,1966
1966 N.L. History | 1966 A.L. History | Year-by-Year History,1966 N.L. History | 1966 A.L. History | Year-by-Year History,1966 N.L. History | 1966 A.L. History | Year-by-Year History,,,1966
Complete Games,Sandy Koufax,Los Angeles,27.0,,1966
ERA,Sandy Koufax,Los Angeles,1.73,,1966
Games,Clay Carroll,Atlanta,73.0,,1966
Saves,Phil Regan,Los Angeles,21.0,,1966
Shutouts,Jim Bunning,Philadelphia,5.0,,1966
Shutouts,Bob Gibson,St. Louis,5.0,,1966
Shutouts,Larry Jackson,Chicago,5.0,,1966
Shutouts,Larry Jackson,Philadelphia,5.0,,1966
Shutouts,Larry Jaster,St. Louis,5.0,,1966
Shutouts,Sandy Koufax,Los Angeles,5.0,,1966
Shutouts,Jim Maloney,Cincinnati,5.0,,1966
Strikeouts,Sandy Koufax,Los Angeles,317.0,,1966
Winning Percentage,Juan Marichal,San Francisco,0.806,,1966
Wins,Sandy Koufax,Los Angeles,27.0,,1966
1966 N.L. History | 1966 A.L. History | Year-by-Year History,1966 N.L. History | 1966 A.L. History | Year-by-Year History,1966 N.L. History | 1966 A.L. History | Year-by-Year History,,,1966
Team | Roster,Wins,Losses,,,1966
Los Angeles Dodgers,95,67,0.586,0.0,1966
San Francisco Giants,93,68,0.578,,1966
Pittsburgh Pirates,92,70,0.568,3.0,1966
Philadelphia Phillies,87,75,0.537,8.0,1966
Atlanta Braves,85,77,0.525,10.0,1966
St. Louis Cardinals,83,79,0.512,12.0,1966
Cincinnati Reds,76,84,0.475,18.0,1966
Houston Astros,72,90,0.444,23.0,1966
New York Mets,66,95,0.41,,1966
Chicago Cubs,59,103,0.364,36.0,1966
Team | Roster,Wins,Losses,,,1966
1966 National League Final Standings,1966 National League Final Standings,1966 National League Final Standings,,,1966
Base on Balls,Atlanta,512,,,1966
Batting Average,Pittsburgh,.279,,,1966
Doubles,Pittsburgh,238,,,1966
Hits,Pittsburgh,1586,,,1966
Home Runs,Atlanta,207,,,1966
On Base Percentage,Pittsburgh,.331,,,1966
Runs,Atlanta,782,,,1966
Slugging Average,Pittsburgh,.428,,,1966
Stolen Bases,St. Louis,144,,,1966
Triples,Pittsburgh,66,,,1966
1966 NL Team Hitting Stats,1966 NL Team Hitting Stats,1966 NL Team Hitting Stats,,,1966
Complete Games,Los Angeles,52,,,1966
Complete Games,Philadelphia,52,,,1966
Complete Games,San Francisco,52,,,1966
ERA,Los Angeles,2.63,,,1966
Fewest Hits Allowed,Los Angeles,1287,,,1966
Fewest Home Runs Allowed,Los Angeles,84,,,1966
Fewest Walks Allowed,Los Angeles,356,,,1966
Saves,Pittsburgh,43,,,1966
Shutouts,Los Angeles,20,,,1966
Strikeouts,Los Angeles,1084,,,1966
1966 NL Team Pitching Stats,1966 NL Team Pitching Stats,1966 NL Team Pitching Stats,,,1966
Base on Balls,Ron Santo,Chicago,96.0,,1967
Batting Average,Roberto Clemente,Pittsburgh,0.357,,1967
Doubles,Rusty Staub,Houston,44.0,,1967
Hits,Roberto Clemente,Pittsburgh,209.0,,1967
Home Runs,Hank Aaron,Atlanta,37.0,,1967
On Base Percentage,Dick Allen,Philadelphia,0.404,,1967
RBI,Orlando Cepeda,St. Louis,111.0,,1967
Runs,Hank Aaron,Atlanta,113.0,,1967
Runs,Lou Brock,St. Louis,113.0,,1967
Slugging Average,Hank Aaron,Atlanta,0.573,,1967
Stolen Bases,Lou Brock,St. Louis,52.0,,1967
Total Bases,Hank Aaron,Atlanta,344.0,,1967
Triples,Vada Pinson,Cincinnati,13.0,,1967
1967 N.L. History | 1967 A.L. History | Year-by-Year History,1967 N.L. History | 1967 A.L. History | Year-by-Year History,1967 N.L. History | 1967 A.L. History | Year-by-Year History,,,1967
Complete Games,Fergie Jenkins,Chicago,20.0,,1967
ERA,Phil Niekro,Atlanta,1.87,,1967
Games,Ted Abernathy,Cincinnati,70.0,,1967
Games,Ron Perranoski,Los Angeles,70.0,,1967
Saves,Ted Abernathy,Cincinnati,28.0,,1967
Shutouts,Jim Bunning,Philadelphia,6.0,,1967
Strikeouts,Jim Bunning,Philadelphia,253.0,,1967
Winning Percentage,Dick Hughes,St. Louis,0.727,,1967
Wins,Mike McCormick,San Francisco,22.0,,1967
1967 N.L. History | 1967 A.L. History | Year-by-Year History,1967 N.L. History | 1967 A.L. History | Year-by-Year History,1967 N.L. History | 1967 A.L. History | Year-by-Year History,,,1967
Team | Roster,Wins,Losses,,,1967
St. Louis Cardinals,101,60,0.627,0.0,1967
San Francisco Giants,91,71,0.562,,1967
Chicago Cubs,84,74,0.54,14.0,1967
Cincinnati Reds,87,75,0.537,,1967
Philadelphia Phillies,82,80,0.506,,1967
Pittsburgh Pirates,81,81,0.5,,1967
Atlanta Braves,77,85,0.475,,1967
Los Angeles Dodgers,73,89,0.451,,1967
Houston Astros,69,93,0.426,,1967
New York Mets,61,101,0.377,,1967
Team | Roster,Wins,Losses,,,1967
1967 NNL Team Final Standings,1967 NNL Team Final Standings,1967 NNL Team Final Standings,,,1967
Base on Balls,Philadelphia,545,,,1967
Batting Average,Pittsburgh,.277,,,1967
Doubles,Houston,259,,,1967
Hits,Pittsburgh,1585,,,1967
Home Runs,Atlanta,158,,,1967
On Base Percentage,Pittsburgh,.327,,,1967
Runs,Chicago,702,,,1967
Slugging Average,Pittsburgh,.380,,,1967
Stolen Bases,St. Louis,102,,,1967
Triples,Pittsburgh,62,,,1967
Complete Games,San Francisco,64,,,1967
ERA,San Francisco,2.92,,,1967
Fewest Hits Allowed,San Francisco,1283,,,1967
Fewest Home Runs Allowed,Philadelphia,86,,,1967
Fewest Walks Allowed,Los Angeles,393,,,1967
Saves,St. Louis,45,,,1967
Shutouts,Cincinnati,18,,,1967
Strikeouts,Cincinnati,1065,,,1967
Base on Balls,Ron Santo,Chicago,96.0,,1968
Batting Average,Pete Rose,Cincinnati,335.0,,1968
Doubles,Lou Brock,St. Louis,46.0,,1968
Hits,Felipe Alou,Atlanta,210.0,,1968
Hits,Pete Rose,Cincinnati,210.0,,1968
Home Runs,Willie McCovey,San Francisco,36.0,,1968
On Base Percentage,Pete Rose,Cincinnati,0.394,,1968
RBI,Willie McCovey,San Francisco,105.0,,1968
Runs,Glenn Beckert,Chicago,98.0,,1968
Slugging Average,Willie McCovey,San Francisco,0.545,,1968
Stolen Bases,Lou Brock,St. Louis,62.0,,1968
Total Bases,Billy Williams,Chicago,321.0,,1968
Triples,Lou Brock,St. Louis,14.0,,1968
1968 N.L. History | 1968 A.L. History | Year-by-Year History,1968 N.L. History | 1968 A.L. History | Year-by-Year History,1968 N.L. History | 1968 A.L. History | Year-by-Year History,,,1968
Complete Games,Juan Marichal,San Francisco,30.0,,1968
ERA,Bob Gibson,St. Louis,1.12,,1968
Games,Ted Abernathy,Cincinnati,78.0,,1968
Saves,Phil Regan,Los Angeles,25.0,,1968
Saves,Phil Regan,Chicago,25.0,,1968
Shutouts,Bob Gibson,St. Louis,13.0,,1968
Strikeouts,Bob Gibson,St. Louis,268.0,,1968
Winning Percentage,Steve Blass,Pittsburgh,0.75,,1968
Wins,Juan Marichal,San Francisco,26.0,,1968
1968 N.L. History | 1968 A.L. History | Year-by-Year History,1968 N.L. History | 1968 A.L. History | Year-by-Year History,1968 N.L. History | 1968 A.L. History | Year-by-Year History,,,1968
Team [Click for roster],Wins,Losses,,,1968
St. Louis Cardinals,97,65,0.599,0.0,1968
San Francisco Giants,88,74,0.543,9.0,1968
Chicago Cubs,84,78,0.519,13.0,1968
Cincinnati Reds,83,79,0.512,14.0,1968
Atlanta Braves,81,81,0.5,16.0,1968
Pittsburgh Pirates,80,82,0.494,17.0,1968
Philadelphia Phillies,76,86,0.469,21.0,1968
Los Angeles Dodgers,76,86,0.469,21.0,1968
New York Mets,73,89,0.451,24.0,1968
Houston Astros,72,90,0.444,25.0,1968
Base on Balls,San Francisco,508,,,1968
Batting Average,Cincinnati,.273,,,1968
Doubles,Cincinnati,281,,,1968
Hits,Cincinnati,1573,,,1968
Home Runs,Chicago,130,,,1968
On Base Percentage,Cincinnati,.322,,,1968
Runs,Cincinnati,690,,,1968
Slugging Average,Cincinnati,.389,,,1968
Stolen Bases,Pittsburgh,130,,,1968
Triples,St. Louis,48,,,1968
Complete Games,San Francisco,77,,,1968
ERA,St. Louis,2.49,,,1968
Fewest Hits Allowed,New York,1250,,,1968
Fewest Home Runs Allowed,Los Angeles,65,,,1968
Fewest Walks Allowed,San Francisco,344,,,1968
Saves,Cincinnati,38,,,1968
Shutouts,St. Louis,30,,,1968
Strikeouts,Houston,1021,,,1968
Base on Balls,Jimmy Wynn,Houston,148.0,,1969
Batting Average,Pete Rose,Cincinnati,0.348,,1969
Doubles,Matty Alou,Pittsburgh,41.0,,1969
Hits,Matty Alou,Pittsburgh,231.0,,1969
Home Runs,Willie McCovey,San Francisco,45.0,,1969
On Base Percentage,Willie McCovey,San Francisco,0.458,,1969
RBI,Willie McCovey,San Francisco,126.0,,1969
Runs,Bobby Bonds,San Francisco,120.0,,1969
Runs,Pete Rose,Cincinnati,120.0,,1969
Slugging Average,Willie McCovey,San Francisco,0.656,,1969
Stolen Bases,Lou Brock,St. Louis,53.0,,1969
Total Bases,Hank Aaron,Atlanta,332.0,,1969
Triples,Roberto Clemente,Pittsburgh,12.0,,1969
1969 N.L. History | 1969 A.L. History | Year-by-Year History,1969 N.L. History | 1969 A.L. History | Year-by-Year History,1969 N.L. History | 1969 A.L. History | Year-by-Year History,,,1969
Complete Games,Bob Gibson,St. Louis,28.0,,1969
ERA,Juan Marichal,San Francisco,2.1,,1969
Games,Wayne Granger,Cincinnati,90.0,,1969
Saves,Fred Gladding,Houston,29.0,,1969
Shutouts,Juan Marichal,San Francisco,8.0,,1969
Strikeouts,Fergie Jenkins,Chicago,273.0,,1969
Winning Percentage,Tom Seaver,New York,0.781,,1969
Wins,Tom Seaver,New York,25.0,,1969
1969 N.L. History | 1969 A.L. History | Year-by-Year History,1969 N.L. History | 1969 A.L. History | Year-by-Year History,1969 N.L. History | 1969 A.L. History | Year-by-Year History,,,1969
East,Team [Click for roster],Wins,,,1969
East,New York Mets,100,62.0,0.617,1969
East,Chicago Cubs,92,70.0,0.568,1969
East,Pittsburgh Pirates,88,74.0,0.543,1969
East,St. Louis Cardinals,87,75.0,0.537,1969
East,Philadelphia Phillies,63,99.0,0.389,1969
East,Montreal Expos,52,110.0,0.321,1969
West,Team [Click for roster],Wins,,,1969
West,Atlanta Braves,93,69.0,0.574,1969
West,San Francisco Giants,90,72.0,0.556,1969
West,Cincinnati Reds,89,73.0,0.549,1969
West,Los Angeles Dodgers,85,77.0,0.525,1969
West,Houston Astros,81,81.0,0.5,1969
West,San Diego Padres,52,110.0,0.321,1969
N.L.,Team [Click for roster],Wins,,,1969
National League Team Standings,National League Team Standings,National League Team Standings,,,1969
Base on Balls,San Francisco,711,,,1969
Batting Average,Pittsburgh,.277,,,1969
Doubles,St. Louis,228,,,1969
Hits,Cincinnati,1558,,,1969
Home Runs,Cincinnati,171,,,1969
On Base Percentage,Cincinnati,.338,,,1969
Runs,Cincinnati,798,,,1969
Slugging Average,Cincinnati,.422,,,1969
Stolen Bases,Houston,101,,,1969
Triples,Los Angeles,52,,,1969
Triples,Pittsburgh,52,,,1969
Complete Games,San Francisco,71,,,1969
ERA,St. Louis,2.94,,,1969
Fewest Hits Allowed,New York,1217,,,1969
Fewest Home Runs Allowed,Pittsburgh,96,,,1969
Fewest Walks Allowed,Los Angeles,420,,,1969
Saves,Cincinnati,44,,,1969
Shutouts,New York,28,,,1969
Strikeouts,Houston,1221,,,1969
Base on Balls,Willie McCovey,San Francisco,137.0,,1970
Batting Average,Rico Carty,Atlanta,0.366,,1970
Doubles,Wes Parker,Los Angeles,47.0,,1970
Hits,Pete Rose,Cincinnati,205.0,,1970
Hits,Billy Williams,Chicago,205.0,,1970
Home Runs,Johnny Bench,Cincinnati,45.0,,1970
On Base Percentage,Rico Carty,Atlanta,0.456,,1970
RBI,Johnny Bench,Cincinnati,148.0,,1970
Runs,Billy Williams,Chicago,137.0,,1970
Slugging Average,Willie McCovey,San Francisco,0.612,,1970
Stolen Bases,Bobby Tolan,Cincinnati,57.0,,1970
Total Bases,Billy Williams,Chicago,373.0,,1970
Triples,Willie Davis,Los Angeles,16.0,,1970
1970 N.L. History | 1970 A.L. History | Year-by-Year History,1970 N.L. History | 1970 A.L. History | Year-by-Year History,1970 N.L. History | 1970 A.L. History | Year-by-Year History,,,1970
Complete Games,Fergie Jenkins,Chicago,24.0,,1970
ERA,Tom Seaver,New York,2.82,,1970
Games,Ron Herbel,San Diego,76.0,,1970
Games,Ron Herbel,New York,76.0,,1970
Saves,Wayne Granger,Cincinnati,35.0,,1970
Shutouts,Gaylord Perry,San Francisco,5.0,,1970
Strikeouts,Tom Seaver,New York,283.0,,1970
Winning Percentage,Bob Gibson,St. Louis,0.767,,1970
Wins,Bob Gibson,St. Louis,23.0,,1970
Wins,Gaylord Perry,San Francisco,23.0,,1970
1970 N.L. History | 1970 A.L. History | Year-by-Year History,1970 N.L. History | 1970 A.L. History | Year-by-Year History,1970 N.L. History | 1970 A.L. History | Year-by-Year History,,,1970
East,Team [Click for roster],Wins,,,1970
East,Pittsburgh Pirates,89,73.0,0.549,1970
East,Chicago Cubs,84,78.0,0.519,1970
East,New York Mets,83,79.0,0.512,1970
East,St. Louis Cardinals,76,86.0,0.469,1970
East,Philadelphia Phillies,73,88.0,0.453,1970
East,Montreal Expos,73,89.0,0.451,1970
West,Team [Click for roster],Wins,,,1970
West,Cincinnati Reds,102,60.0,0.63,1970
West,Los Angeles Dodgers,87,74.0,0.54,1970
West,San Francisco Giants,86,76.0,0.531,1970
West,Houston Astros,79,83.0,0.488,1970
West,Atlanta Braves,76,86.0,0.469,1970
West,San Diego Padres,63,99.0,0.389,1970
N.L.,Team [Click for roster],Wins,,,1970
National League Team Standings,National League Team Standings,National League Team Standings,,,1970
Base on Balls,San Francisco,729,,,1970
Batting Average,Pittsburgh,.270,,,1970
Doubles,San Francisco,257,,,1970
Hits,Pittsburgh,1522,,,1970
Home Runs,Cincinnati,191,,,1970
On Base Percentage,San Francisco,.353,,,1970
Runs,San Francisco,831,,,1970
Slugging Average,Cincinnati,.436,,,1970
Stolen Bases,Los Angeles,138,,,1970
Triples,Pittsburgh,70,,,1970
Complete Games,Chicago,59,,,1970
ERA,New York,3.45,,,1970
Fewest Hits Allowed,New York,1260,,,1970
Fewest Home Runs Allowed,St. Louis,102,,,1970
Fewest Walks Allowed,Chicago,475,,,1970
Saves,Cincinnati,60,,,1970
Shutouts,Los Angeles,17,,,1970
Strikeouts,New York,1064,,,1970
Base on Balls,Willie Mays,San Francisco,112.0,,1971
Batting Average,Joe Torre,St. Louis,0.363,,1971
Doubles,Cesar Cedeno,Houston,40.0,,1971
Hits,Joe Torre,St. Louis,230.0,,1971
Home Runs,Willie Stargell,Pittsburgh,48.0,,1971
On Base Percentage,Willie Mays,San Francisco,0.429,,1971
RBI,Joe Torre,St. Louis,137.0,,1971
Runs,Lou Brock,St. Louis,126.0,,1971
Slugging Average,Hank Aaron,Atlanta,0.669,,1971
Stolen Bases,Lou Brock,St. Louis,64.0,,1971
Total Bases,Joe Torre,St. Louis,352.0,,1971
Triples,Roger Metzger,Houston,11.0,,1971
Triples,Joe Morgan,Houston,11.0,,1971
1971 A.L. | N.L. Retirements | N.L. Rookies | Year-by-Year,1971 A.L. | N.L. Retirements | N.L. Rookies | Year-by-Year,1971 A.L. | N.L. Retirements | N.L. Rookies | Year-by-Year,,,1971
Complete Games,Fergie Jenkins,Chicago,30.0,,1971
ERA,Tom Seaver,New York,1.76,,1971
Games,Wayne Granger,Cincinnati,70.0,,1971
Saves,Dave Giusti,Pittsburgh,30.0,,1971
Shutouts,Steve Blass,Pittsburgh,5.0,,1971
Shutouts,Al Downing,Los Angeles,5.0,,1971
Shutouts,Bob Gibson,St. Louis,5.0,,1971
Shutouts,Milt Pappas,Chicago,5.0,,1971
Strikeouts,Tom Seaver,New York,289.0,,1971
Winning Percentage,Don Gullett,Cincinnati,0.727,,1971
Wins,Fergie Jenkins,Chicago,24.0,,1971
1971 A.L. | N.L. Retirements | N.L. Rookies | Year-by-Year,1971 A.L. | N.L. Retirements | N.L. Rookies | Year-by-Year,1971 A.L. | N.L. Retirements | N.L. Rookies | Year-by-Year,,,1971
East,Team | Roster,Wins,,,1971
East,Pittsburgh Pirates,97,65.0,0.599,1971
East,St. Louis Cardinals,90,72.0,0.556,1971
East,New York Mets,83,79.0,0.512,1971
East,Chicago Cubs,83,79.0,0.512,1971
East,Montreal Expos,71,90.0,0.441,1971
East,Philadelphia Phillies,67,95.0,0.414,1971
West,Team | Roster,Wins,,,1971
West,San Francisco Giants,90,72.0,0.556,1971
West,Los Angeles Dodgers,89,73.0,0.549,1971
West,Atlanta Braves,82,80.0,0.506,1971
West,Houston Astros,79,83.0,0.488,1971
West,Cincinnati Reds,79,83.0,0.488,1971
West,San Diego Padres,61,100.0,0.379,1971
N.L.,Team | Roster,Wins,,,1971
1971 National League Final Standings,1971 National League Final Standings,1971 National League Final Standings,,,1971
Base on Balls,San Francisco,654,,,1971
Batting Average,St. Louis,.275,,,1971
Doubles,Houston,230,,,1971
Hits,Pittsburgh,1555,,,1971
Home Runs,Pittsburgh,154,,,1971
On Base Percentage,St. Louis,.342,,,1971
Runs,Pittsburgh,788,,,1971
Slugging Average,Pittsburgh,.416,,,1971
Stolen Bases,St. Louis,124,,,1971
Triples,Pittsburgh,61,,,1971
Complete Games,Chicago,75,,,1971
ERA,New York,2.99,,,1971
Fewest Hits Allowed,New York,1227,,,1971
Fewest Home Runs Allowed,Houston,75,,,1971
Fewest Walks Allowed,Los Angeles,399,,,1971
Saves,Pittsburgh,48,,,1971
Shutouts,Los Angeles,18,,,1971
Strikeouts,New York,1157,,,1971
Base on Balls,Joe Morgan,Cincinnati,115.0,,1972
Batting Average,Billy Williams,Chicago,0.333,,1972
Doubles,Cesar Cedeno,Houston,39.0,,1972
Doubles,Willie Montanez,Philadelphia,39.0,,1972
Hits,Pete Rose,Cincinnati,198.0,,1972
Home Runs,Johnny Bench,Cincinnati,40.0,,1972
On Base Percentage,Joe Morgan,Cincinnati,0.419,,1972
RBI,Johnny Bench,Cincinnati,125.0,,1972
Runs,Joe Morgan,Cincinnati,122.0,,1972
Slugging Average,Billy Williams,Chicago,0.606,,1972
Stolen Bases,Lou Brock,St. Louis,63.0,,1972
Total Bases,Billy Williams,Chicago,348.0,,1972
Triples,Larry Bowa,Philadelphia,13.0,,1972
1972 N.L. History | 1972 A.L. History | Year-by-Year History,1972 N.L. History | 1972 A.L. History | Year-by-Year History,1972 N.L. History | 1972 A.L. History | Year-by-Year History,,,1972
Complete Games,Steve Carlton,Philadelphia,30.0,,1972
ERA,Steve Carlton,Philadelphia,1.97,,1972
Games,Clay Carroll,Cincinnati,65.0,,1972
Games,Mike Marshall,Montreal,65.0,,1972
Saves,Clay Carroll,Cincinnati,37.0,,1972
Shutouts,Don Sutton,Los Angeles,9.0,,1972
Strikeouts,Steve Carlton,Philadelphia,310.0,,1972
Winning Percentage,Gary Nolan,Cincinnati,0.75,,1972
Wins,Steve Carlton,Philadelphia,27.0,,1972
1972 N.L. History | 1972 A.L. History | Year-by-Year History,1972 N.L. History | 1972 A.L. History | Year-by-Year History,1972 N.L. History | 1972 A.L. History | Year-by-Year History,,,1972
East,Team [Click for roster],Wins,,,1972
East,Pittsburgh Pirates,96,59.0,0.619,1972
East,Chicago Cubs,85,70.0,0.548,1972
East,New York Mets,83,73.0,0.532,1972
East,St. Louis Cardinals,75,81.0,0.481,1972
East,Montreal Expos,70,86.0,0.449,1972
East,Philadelphia Phillies,59,97.0,0.378,1972
West,Team [Click for roster],Wins,,,1972
West,Cincinnati Reds,95,59.0,0.617,1972
West,Houston Astros,84,69.0,0.549,1972
West,Los Angeles Dodgers,85,70.0,0.548,1972
West,Atlanta Braves,70,84.0,0.455,1972
West,San Francisco Giants,69,86.0,0.445,1972
West,San Diego Padres,58,95.0,0.379,1972
N.L.,Team [Click for roster],Wins,,,1972
National League Team Standings,National League Team Standings,National League Team Standings,,,1972
Base on Balls,Cincinnati,606,,,1972
Batting Average,Pittsburgh,.274,,,1972
Doubles,Pittsburgh,251,,,1972
Hits,Pittsburgh,1505,,,1972
Home Runs,San Francisco,150,,,1972
On Base Percentage,Cincinnati,.333,,,1972
Runs,Houston,708,,,1972
Slugging Average,Pittsburgh,.397,,,1972
Stolen Bases,Cincinnati,140,,,1972
Triples,Pittsburgh,47,,,1972
Complete Games,St. Louis,64,,,1972
ERA,Los Angeles,2.78,,,1972
Fewest Hits Allowed,Los Angeles,1196,,,1972
Fewest Home Runs Allowed,Los Angeles,83,,,1972
Fewest Walks Allowed,Chicago,421,,,1972
Saves,Cincinnati,60,,,1972
Shutouts,Los Angeles,23,,,1972
Strikeouts,New York,1059,,,1972
Base on Balls,Darrell Evans,Atlanta,124.0,,1973
Batting Average,Pete Rose,Cincinnati,0.338,,1973
Doubles,Willie Stargell,Pittsburgh,43.0,,1973
Hits,Pete Rose,Cincinnati,230.0,,1973
Home Runs,Willie Stargell,Pittsburgh,44.0,,1973
On Base Percentage,Ken Singleton,Montreal,0.429,,1973
RBI,Willie Stargell,Pittsburgh,119.0,,1973
Runs,Bobby Bonds,San Francisco,131.0,,1973
Slugging Average,Willie Stargell,Pittsburgh,0.646,,1973
Stolen Bases,Lou Brock,St. Louis,70.0,,1973
Total Bases,Bobby Bonds,San Francisco,341.0,,1973
Triples,Roger Metzger,Houston,14.0,,1973
1973 N.L. History | 1973 A.L. History | Year-by-Year History,1973 N.L. History | 1973 A.L. History | Year-by-Year History,1973 N.L. History | 1973 A.L. History | Year-by-Year History,,,1973
Complete Games,Steve Carlton,Philadelphia,18.0,,1973
Complete Games,Tom Seaver,New York,18.0,,1973
ERA,Tom Seaver,New York,2.08,,1973
Games,Mike Marshall,Los Angeles,92.0,,1973
Saves,Mike Marshall,Los Angeles,31.0,,1973
Shutouts,Jack Billingham,Cincinnati,7.0,,1973
Strikeouts,Tom Seaver,New York,251.0,,1973
Winning Percentage,Tommy John,Los Angeles,0.696,,1973
Wins,Ron Bryant,San Francisco,24.0,,1973
1973 N.L. History | 1973 A.L. History | Year-by-Year History,1973 N.L. History | 1973 A.L. History | Year-by-Year History,1973 N.L. History | 1973 A.L. History | Year-by-Year History,,,1973
East,Team [Click for roster],Wins,,,1973
East,New York Mets,82,79.0,0.509,1973
East,St. Louis Cardinals,81,81.0,0.5,1973
East,Pittsburgh Pirates,80,82.0,0.494,1973
East,Montreal Expos,79,83.0,0.488,1973
East,Chicago Cubs,77,84.0,0.478,1973
East,Philadelphia Phillies,71,91.0,0.438,1973
West,Team [Click for roster],Wins,,,1973
West,Cincinnati Reds,99,63.0,0.611,1973
West,Los Angeles Dodgers,95,66.0,0.59,1973
West,San Francisco Giants,88,74.0,0.543,1973
West,Houston Astros,82,80.0,0.506,1973
West,Atlanta Braves,76,85.0,0.472,1973
West,San Diego Padres,60,102.0,0.37,1973
N.L.,Team [Click for roster],Wins,,,1973
Final National League Team Standings in 1973,Final National League Team Standings in 1973,Final National League Team Standings in 1973,,,1973
Base on Balls,Montreal,695,,,1973
Batting Average,Atlanta,.266,,,1973
Doubles,Pittsburgh,257,,,1973
Hits,Atlanta,1497,,,1973
Home Runs,Atlanta,206,,,1973
On Base Percentage,Atlanta,.341,,,1973
Runs,Atlanta,799,,,1973
Slugging Average,Atlanta,.427,,,1973
Stolen Bases,Cincinnati,148,,,1973
Triples,San Francisco,52,,,1973
Complete Games,Philadelphia,49,,,1973
ERA,Los Angeles,3.01,,,1973
Fewest Hits Allowed,Los Angeles,1270,,,1973
Fewest Home Runs Allowed,St. Louis,105,,,1973
Fewest Walks Allowed,Chicago,438,,,1973
Saves,Pittsburgh,44,,,1973
Saves,San Francisco,44,,,1973
Shutouts,Cincinnati,17,,,1973
Strikeouts,New York,1027,,,1973
Base on Balls,Darrell Evans,Atlanta,126.0,,1974
Batting Average,Ralph Garr,Atlanta,0.353,,1974
Doubles,Pete Rose,Cincinnati,45.0,,1974
Hits,Ralph Garr,Atlanta,214.0,,1974
Home Runs,Mike Schmidt,Philadelphia,36.0,,1974
On Base Percentage,Joe Morgan,Cincinnati,0.43,,1974
RBI,Johnny Bench,Cincinnati,129.0,,1974
Runs,Pete Rose,Cincinnati,110.0,,1974
Slugging Average,Mike Schmidt,Philadelphia,0.546,,1974
Stolen Bases,Lou Brock,St. Louis,118.0,,1974
Total Bases,Johnny Bench,Cincinnati,315.0,,1974
Triples,Ralph Garr,Atlanta,17.0,,1974
1974 N.L. History | 1974 A.L. History | Year-by-Year History,1974 N.L. History | 1974 A.L. History | Year-by-Year History,1974 N.L. History | 1974 A.L. History | Year-by-Year History,,,1974
Complete Games,Phil Niekro,Atlanta,18.0,,1974
ERA,Buzz Capra,Atlanta,2.28,,1974
Games,Mike Marshall,Los Angeles,106.0,,1974
Saves,Mike Marshall,Los Angeles,21.0,,1974
Shutouts,Jon Matlack,New York,7.0,,1974
Strikeouts,Steve Carlton,Philadelphia,240.0,,1974
Winning Percentage,Andy Messersmith,Los Angeles,0.769,,1974
Wins,Andy Messersmith,Los Angeles,20.0,,1974
Wins,Phil Niekro,Atlanta,20.0,,1974
1974 N.L. History | 1974 A.L. History | Year-by-Year History,1974 N.L. History | 1974 A.L. History | Year-by-Year History,1974 N.L. History | 1974 A.L. History | Year-by-Year History,,,1974
East,Team [Click for roster],Wins,,,1974
East,Pittsburgh Pirates,88,74.0,0.543,1974
East,St. Louis Cardinals,86,75.0,0.534,1974
East,Philadelphia Phillies,80,82.0,0.491,1974
East,Montreal Expos,79,82.0,0.491,1974
East,New York Mets,71,91.0,0.438,1974
East,Chicago Cubs,66,96.0,0.407,1974
West,Team [Click for roster],Wins,,,1974
West,Los Angeles Dodgers,102,60.0,0.63,1974
West,Cincinnati Reds,98,64.0,0.605,1974
West,Atlanta Braves,88,74.0,0.543,1974
West,Houston Astros,81,81.0,0.5,1974
West,San Francisco Giants,72,90.0,0.444,1974
West,San Diego Padres,60,102.0,0.37,1974
N.L.,Team [Click for roster],Wins,,,1974
National League Team Standings,National League Team Standings,National League Team Standings,,,1974
Base on Balls,Cincinnati,693,,,1974
Batting Average,Pittsburgh,.274,,,1974
Doubles,Cincinnati,271,,,1974
Hits,Pittsburgh,1560,,,1974
Home Runs,Los Angeles,139,,,1974
On Base Percentage,Los Angeles,.346,,,1974
Runs,Los Angeles,798,,,1974
Slugging Average,Los Angeles,.401,,,1974
Stolen Bases,St. Louis,172,,,1974
Triples,Philadelphia,50,,,1974
Complete Games,Pittsburgh,51,,,1974
ERA,Los Angeles,2.98,,,1974
Fewest Hits Allowed,Los Angeles,1272,,,1974
Fewest Home Runs Allowed,Houston,84,,,1974
Fewest Walks Allowed,Los Angeles,464,,,1974
Saves,Cincinnati,27,,,1974
Saves,Montreal,27,,,1974
Shutouts,Atlanta,21,,,1974
Strikeouts,Los Angeles,943,,,1974
Base on Balls,Joe Morgan,Cincinnati,132.0,,1975
Batting Average,Bill Madlock,Chicago,0.354,,1975
Doubles,Pete Rose,Cincinnati,47.0,,1975
Hits,Dave Cash,Philadelphia,213.0,,1975
Home Runs,Mike Schmidt,Philadelphia,38.0,,1975
On Base Percentage,Joe Morgan,Cincinnati,0.471,,1975
RBI,Greg Luzinski,Philadelphia,120.0,,1975
Runs,Pete Rose,Cincinnati,112.0,,1975
Slugging Average,Dave Parker,Pittsburgh,0.541,,1975
Stolen Bases,Davey Lopes,Los Angeles,77.0,,1975
Total Bases,Greg Luzinski,Philadelphia,322.0,,1975
Triples,Ralph Garr,Atlanta,11.0,,1975
1975 N.L. History | 1975 A.L. History | Year-by-Year History,1975 N.L. History | 1975 A.L. History | Year-by-Year History,1975 N.L. History | 1975 A.L. History | Year-by-Year History,,,1975
Complete Games,Andy Messersmith,Los Angeles,19.0,,1975
ERA,Randy Jones,San Diego,2.24,,1975
Games,Gene Garber,Philadelphia,71.0,,1975
Saves,Rawly Eastwick,Cincinnati,22.0,,1975
Saves,Al Hrabosky,St. Louis,22.0,,1975
Shutouts,Andy Messersmith,Los Angeles,7.0,,1975
Strikeouts,Tom Seaver,New York,243.0,,1975
Winning Percentage,Don Gullett,Cincinnati,0.789,,1975
Wins,Tom Seaver,New York,22.0,,1975
1975 N.L. History | 1975 A.L. History | Year-by-Year History,1975 N.L. History | 1975 A.L. History | Year-by-Year History,1975 N.L. History | 1975 A.L. History | Year-by-Year History,,,1975
East,Team [Click for roster],Wins,,,1975
East,Pittsburgh Pirates,92,69.0,0.571,1975
East,Philadelphia Phillies,86,76.0,0.531,1975
East,New York Mets,82,80.0,0.506,1975
East,St. Louis Cardinals,82,80.0,0.506,1975
East,Montreal Expos,75,87.0,0.463,1975
East,Chicago Cubs,75,87.0,0.463,1975
West,Team [Click for roster],Wins,,,1975
West,Cincinnati Reds,108,54.0,0.667,1975
West,Los Angeles Dodgers,88,74.0,0.543,1975
West,San Francisco Giants,80,81.0,0.497,1975
West,San Diego Padres,71,91.0,0.438,1975
West,Atlanta Braves,67,94.0,0.416,1975
West,Houston Astros,64,97.0,0.398,1975
N.L.,Team [Click for roster],Wins,,,1975
National League Team Standings,National League Team Standings,National League Team Standings,,,1975
Base on Balls,Cincinnati,691,,,1975
Batting Average,St. Louis,.273,,,1975
Doubles,Philadelphia,283,,,1975
Hits,St. Louis,1527,,,1975
Home Runs,Pittsburgh,138,,,1975
On Base Percentage,Cincinnati,.355,,,1975
Runs,Cincinnati,840,,,1975
Slugging Average,Pittsburgh,.402,,,1975
Stolen Bases,Cincinnati,168,,,1975
Triples,Houston,54,,,1975
Complete Games,Los Angeles,51,,,1975
ERA,Los Angeles,2.93,,,1975
Fewest Hits Allowed,Los Angeles,1215,,,1975
Fewest Home Runs Allowed,Pittsburgh,79,,,1975
Fewest Walks Allowed,Los Angeles,448,,,1975
Saves,Cincinnati,50,,,1975
Shutouts,Los Angeles,18,,,1975
Strikeouts,New York,989,,,1975
Base on Balls,Jimmy Wynn,Atlanta,127.0,,1976
Batting Average,Bill Madlock,Chicago,0.339,,1976
Doubles,Pete Rose,Cincinnati,42.0,,1976
Hits,Pete Rose,Cincinnati,215.0,,1976
Home Runs,Mike Schmidt,Philadelphia,38.0,,1976
On Base Percentage,Joe Morgan,Cincinnati,0.453,,1976
RBI,George Foster,Cincinnati,121.0,,1976
Runs,Pete Rose,Cincinnati,130.0,,1976
Slugging Average,Joe Morgan,Cincinnati,0.576,,1976
Stolen Bases,Davey Lopes,Los Angeles,63.0,,1976
Total Bases,Mike Schmidt,Philadelphia,306.0,,1976
Triples,Dave Cash,Philadelphia,12.0,,1976
1976 N.L. History | 1976 A.L. History | Year-by-Year History,1976 N.L. History | 1976 A.L. History | Year-by-Year History,1976 N.L. History | 1976 A.L. History | Year-by-Year History,,,1976
Complete Games,Randy Jones,San Diego,25.0,,1976
ERA,John Denny,St. Louis,2.52,,1976
Games,Dale Murray,Montreal,81.0,,1976
Saves,Rawly Eastwick,Cincinnati,26.0,,1976
Shutouts,Jon Matlack,New York,6.0,,1976
Shutouts,John Montefusco,San Francisco,6.0,,1976
Strikeouts,Tom Seaver,New York,235.0,,1976
Winning Percentage,Steve Carlton,Philadelphia,0.741,,1976
Wins,Randy Jones,San Diego,22.0,,1976
1976 N.L. History | 1976 A.L. History | Year-by-Year History,1976 N.L. History | 1976 A.L. History | Year-by-Year History,1976 N.L. History | 1976 A.L. History | Year-by-Year History,,,1976
East,Team [Click for roster],Wins,,,1976
East,Philadelphia Phillies,101,61.0,0.623,1976
East,Pittsburgh Pirates,92,70.0,0.568,1976
East,New York Mets,86,76.0,0.531,1976
East,Chicago Cubs,75,87.0,0.463,1976
East,St. Louis Cardinals,72,90.0,0.444,1976
East,Montreal Expos,55,107.0,0.34,1976
West,Team [Click for roster],Wins,,,1976
West,Cincinnati Reds,102,60.0,0.63,1976
West,Los Angeles Dodgers,92,70.0,0.568,1976
West,Houston Astros,80,82.0,0.494,1976
West,San Francisco Giants,74,88.0,0.457,1976
West,San Diego Padres,73,89.0,0.451,1976
West,Atlanta Braves,70,92.0,0.432,1976
N.L.,Team [Click for roster],Wins,,,1976
National League Team Standings,National League Team Standings,National League Team Standings,,,1976
Base on Balls,Cincinnati,681,,,1976
Batting Average,Cincinnati,.280,,,1976
Doubles,Cincinnati,271,,,1976
Hits,Cincinnati,1599,,,1976
Home Runs,Cincinnati,141,,,1976
On Base Percentage,Cincinnati,.360,,,1976
Runs,Cincinnati,857,,,1976
Slugging Average,Cincinnati,.424,,,1976
Stolen Bases,Cincinnati,210,,,1976
Triples,Cincinnati,63,,,1976
Complete Games,New York,53,,,1976
ERA,New York,2.94,,,1976
Fewest Hits Allowed,New York,1248,,,1976
Fewest Home Runs Allowed,San Francisco,68,,,1976
Fewest Walks Allowed,Philadelphia,397,,,1976
Saves,Cincinnati,45,,,1976
Shutouts,New York,18,,,1976
Shutouts,San Francisco,18,,,1976
Strikeouts,New York,1025,,,1976
Base on Balls,Gene Tenace,San Diego,125.0,,1977
Batting Average,Dave Parker,Pittsburgh,0.338,,1977
Doubles,Dave Parker,Pittsburgh,44.0,,1977
Hits,Dave Parker,Pittsburgh,215.0,,1977
Home Runs,George Foster,Cincinnati,52.0,,1977
On Base Percentage,Reggie Smith,Los Angeles,0.432,,1977
RBI,George Foster,Cincinnati,149.0,,1977
Runs,George Foster,Cincinnati,124.0,,1977
Slugging Average,George Foster,Cincinnati,0.631,,1977
Stolen Bases,Frank Taveras,Pittsburgh,70.0,,1977
Total Bases,George Foster,Cincinnati,388.0,,1977
Triples,GarryTempleton,St. Louis,18.0,,1977
1977 N.L. History | 1977 A.L. History | Year-by-Year History,1977 N.L. History | 1977 A.L. History | Year-by-Year History,1977 N.L. History | 1977 A.L. History | Year-by-Year History,,,1977
Complete Games,Phil Niekro,Atlanta,20.0,,1977
ERA,JohnCandelaria,Pittsburgh,2.34,,1977
Games,Rollie Fingers,San Diego,78.0,,1977
Saves,Rollie Fingers,San Diego,35.0,,1977
Shutouts,Tom Seaver,New York,7.0,,1977
Shutouts,Tom Seaver,Cincinnati,7.0,,1977
Strikeouts,Phil Niekro,Atlanta,262.0,,1977
Winning Percentage,JohnCandelaria,Pittsburgh,0.8,,1977
Wins,Steve Carlton,Philadelphia,23.0,,1977
1977 N.L. History | 1977 A.L. History | Year-by-Year History,1977 N.L. History | 1977 A.L. History | Year-by-Year History,1977 N.L. History | 1977 A.L. History | Year-by-Year History,,,1977
East,Team [Click for roster],Wins,,,1977
East,Philadelphia Phillies,101,61.0,0.623,1977
East,Pittsburgh Pirates,96,66.0,0.593,1977
East,St. Louis Cardinals,83,79.0,0.512,1977
East,Chicago Cubs,81,81.0,0.5,1977
East,Montreal Expos,75,87.0,0.463,1977
East,New York Mets,64,98.0,0.395,1977
West,Team [Click for roster],Wins,,,1977
West,Los Angeles Dodgers,98,64.0,0.605,1977
West,Cincinnati Reds,88,74.0,0.543,1977
West,Houston Astros,81,81.0,0.5,1977
West,San Francisco Giants,75,87.0,0.463,1977
West,San Diego Padres,69,93.0,0.426,1977
West,Atlanta Braves,61,101.0,0.377,1977
N.L.,Team [Click for roster],Wins,,,1977
National League Team Standings,National League Team Standings,National League Team Standings,,,1977
Base on Balls,San Diego,602,,,1977
Batting Average,Philadelphia,.279,,,1977
Doubles,Montreal,294,,,1977
Hits,Pittsburgh,1550,,,1977
Home Runs,Los Angeles,191,,,1977
On Base Percentage,Philadelphia,.351,,,1977
Runs,Philadelphia,847,,,1977
Slugging Average,Philadelphia,.448,,,1977
Stolen Bases,Pittsburgh,260,,,1977
Triples,Houston,60,,,1977
Complete Games,Houston,37,,,1977
ERA,Los Angeles,3.23,,,1977
Fewest Hits Allowed,New York,1378,,,1977
Fewest Home Runs Allowed,Houston,110,,,1977
Fewest Walks Allowed,Los Angeles,438,,,1977
Saves,Philadelphia,47,,,1977
Shutouts,Pittsburgh,15,,,1977
Strikeouts,Chicago,942,,,1977
Base on Balls,Jeff Burroughs,Atlanta,117.0,,1978
Batting Average,Dave Parker,Pittsburgh,0.334,,1978
Doubles,Pete Rose,Cincinnati,51.0,,1978
Hits,Steve Garvey,Los Angeles,202.0,,1978
Home Runs,George Foster,Cincinnati,40.0,,1978
On Base Percentage,Jeff Burroughs,Atlanta,0.432,,1978
RBI,George Foster,Cincinnati,120.0,,1978
Runs,Ivan DeJesus,Chicago,104.0,,1978
Slugging Average,Dave Parker,Pittsburgh,0.585,,1978
Stolen Bases,Omar Moreno,Pittsburgh,71.0,,1978
Total Bases,Dave Parker,Pittsburgh,340.0,,1978
Triples,Garry Templeton,St. Louis,13.0,,1978
1978 N.L. History | 1978 A.L. History | Year-by-Year History,1978 N.L. History | 1978 A.L. History | Year-by-Year History,1978 N.L. History | 1978 A.L. History | Year-by-Year History,,,1978
Complete Games,Phil Niekro,Atlanta,22.0,,1978
ERA,Craig Swan,New York,2.43,,1978
Games,Kent Tekulve,Pittsburgh,91.0,,1978
Saves,Rollie Fingers,San Diego,37.0,,1978
Shutouts,Bob Knepper,San Francisco,6.0,,1978
Strikeouts,J.R. Richard,Houston,303.0,,1978
Winning Percentage,Gaylord Perry,San Diego,0.778,,1978
Wins,Gaylord Perry,San Diego,21.0,,1978
1978 N.L. History | 1978 A.L. History | Year-by-Year History,1978 N.L. History | 1978 A.L. History | Year-by-Year History,1978 N.L. History | 1978 A.L. History | Year-by-Year History,,,1978
East,Team | Roster,Wins,,,1978
East,Philadelphia Phillies,90,72.0,0.556,1978
East,Pittsburgh Pirates,88,73.0,0.547,1978
East,Chicago Cubs,79,83.0,0.488,1978
East,Montreal Expos,76,86.0,0.469,1978
East,St. Louis Cardinals,69,93.0,0.426,1978
East,New York Mets,66,96.0,0.407,1978
West,Team | Roster,Wins,,,1978
West,Los Angeles Dodgers,95,67.0,0.586,1978
West,Cincinnati Reds,92,69.0,0.571,1978
West,San Francisco Giants,89,73.0,0.549,1978
West,San Diego Padres,84,78.0,0.519,1978
West,Houston Astros,74,88.0,0.457,1978
West,Atlanta Braves,69,93.0,0.426,1978
N.L.,Team | Roster,Wins,,,1978
National League Team Standings,National League Team Standings,National League Team Standings,,,1978
Base on Balls,Cincinnati,636,,,1978
Batting Average,Los Angeles,.264,,,1978
Doubles,Cincinnati,270,,,1978
Hits,Chicago,1461,,,1978
Home Runs,Los Angeles,149,,,1978
On Base Percentage,Los Angeles,.340,,,1978
Runs,Los Angeles,727,,,1978
Slugging Average,Los Angeles,.402,,,1978
Stolen Bases,Pittsburgh,213,,,1978
Triples,Pittsburgh,54,,,1978
Complete Games,Houston,48,,,1978
ERA,Los Angeles,3.12,,,1978
Fewest Hits Allowed,St. Louis,1300,,,1978
Fewest Home Runs Allowed,San Diego,74,,,1978
Fewest Walks Allowed,Philadelphia,393,,,1978
Saves,San Diego,55,,,1978
Shutouts,Houston,17,,,1978
Shutouts,San Diego,17,,,1978
Strikeouts,Houston,930,,,1978
Base on Balls,Mike Schmidt,Philadelphia,120.0,,1979
Batting Average,Keith Hernandez,St. Louis,0.344,,1979
Doubles,Keith Hernandez,St. Louis,48.0,,1979
Hits,Garry Templeton,St. Louis,211.0,,1979
Home Runs,Dave Kingman,Chicago,48.0,,1979
On Base Percentage,Keith Hernandez,St. Louis,0.421,,1979
RBI,Dave Winfield,San Diego,118.0,,1979
Runs,Keith Hernandez,St. Louis,116.0,,1979
Slugging Average,Dave Kingman,Chicago,0.613,,1979
Stolen Bases,Omar Moreno,Pittsburgh,77.0,,1979
Total Bases,Dave Winfield,San Diego,333.0,,1979
Triples,Garry Templeton,St. Louis,19.0,,1979
1979 N.L. History | 1979 A.L. History | Year-by-Year History,1979 N.L. History | 1979 A.L. History | Year-by-Year History,1979 N.L. History | 1979 A.L. History | Year-by-Year History,,,1979
Complete Games,Phil Niekro,Atlanta,23.0,,1979
ERA,J.R. Richard,Houston,2.71,,1979
Games,Kent Tekulve,Pittsburgh,94.0,,1979
Saves,Bruce Sutter,Chicago,37.0,,1979
Shutouts,Phil Niekro,Atlanta,5.0,,1979
Shutouts,Steve Rogers,Montreal,5.0,,1979
Shutouts,Tom Seaver,Cincinnati,5.0,,1979
Strikeouts,J.R. Richard,Houston,313.0,,1979
Winning Percentage,Tom Seaver,Cincinnati,0.727,,1979
Wins,Joe Niekro,Houston,21.0,,1979
Wins,Phil Niekro,Atlanta,21.0,,1979
1979 N.L. History | 1979 A.L. History | Year-by-Year History,1979 N.L. History | 1979 A.L. History | Year-by-Year History,1979 N.L. History | 1979 A.L. History | Year-by-Year History,,,1979
East,Team [Click for roster],Wins,,,1979
East,Pittsburgh Pirates,98,64.0,0.605,1979
East,Montreal Expos,95,65.0,0.594,1979
East,St. Louis Cardinals,86,76.0,0.531,1979
East,Philadelphia Phillies,84,78.0,0.519,1979
East,Chicago Cubs,80,82.0,0.494,1979
East,New York Mets,63,99.0,0.389,1979
West,Team [Click for roster],Wins,,,1979
West,Cincinnati Reds,90,71.0,0.559,1979
West,Houston Astros,89,73.0,0.549,1979
West,Los Angeles Dodgers,79,83.0,0.488,1979
West,San Francisco Giants,71,91.0,0.438,1979
West,San Diego Padres,68,93.0,0.422,1979
West,Atlanta Braves,66,94.0,0.413,1979
N.L.,Team [Click for roster],Wins,,,1979
National League Team Standings,National League Team Standings,National League Team Standings,,,1979
Base on Balls,Cincinnati,614,,,1979
Batting Average,St. Louis,.278,,,1979
Doubles,St. Louis,279,,,1979
Hits,St. Louis,1594,,,1979
Home Runs,Los Angeles,183,,,1979
On Base Percentage,Philadelphia,.343,,,1979
Runs,Pittsburgh,775,,,1979
Slugging Average,Pittsburgh,.416,,,1979
Stolen Bases,Houston,190,,,1979
Triples,St. Louis,63,,,1979
Complete Games,Houston,55,,,1979
ERA,Montreal,3.15,,,1979
Fewest Hits Allowed,Houston,1278,,,1979
Fewest Home Runs Allowed,Houston,90,,,1979
Fewest Walks Allowed,Montreal,450,,,1979
Saves,Pittsburgh,52,,,1979
Shutouts,Houston,19,,,1979
Strikeouts,Chicago,933,,,1979
Base on Balls,Dan Driessen,Cincinnati,93.0,,1980
Base on Balls,Joe Morgan,Houston,93.0,,1980
Batting Average,Bill Buckner,Chicago,0.324,,1980
Doubles,Pete Rose,Philadelphia,42.0,,1980
Hits,Steve Garvey,Los Angeles,200.0,,1980
Home Runs,Mike Schmidt,Philadelphia,48.0,,1980
On Base Percentage,Keith Hernandez,St. Louis,0.41,,1980
RBI,Mike Schmidt,Philadelphia,121.0,,1980
Runs,Keith Hernandez,St. Louis,111.0,,1980
Slugging Average,Mike Schmidt,Philadelphia,0.624,,1980
Stolen Bases,Ron LeFlore,Montreal,97.0,,1980
Total Bases,Mike Schmidt,Philadelphia,342.0,,1980
Triples,Omar Moreno,Pittsburgh,13.0,,1980
Triples,Rodney Scott,Montreal,13.0,,1980
1980 N.L. History | 1980 A.L. History | Year-by-Year History,1980 N.L. History | 1980 A.L. History | Year-by-Year History,1980 N.L. History | 1980 A.L. History | Year-by-Year History,,,1980
Complete Games,Steve Rogers,Montreal,14.0,,1980
ERA,Don Sutton,Los Angeles,2.2,,1980
Games,Dick Tidrow,Chicago,84.0,,1980
Saves,Bruce Sutter,St. Louis,28.0,,1980
Shutouts,Jerry Reuss,Los Angeles,6.0,,1980
Strikeouts,Steve Carlton,Philadelphia,286.0,,1980
Winning Percentage,Jim Bibby,Pittsburgh,0.76,,1980
Wins,Steve Carlton,Philadelphia,24.0,,1980
1980 N.L. History | 1980 A.L. History | Year-by-Year History,1980 N.L. History | 1980 A.L. History | Year-by-Year History,1980 N.L. History | 1980 A.L. History | Year-by-Year History,,,1980
East,Team [Click for roster],Wins,,,1980
East,Philadelphia Phillies,91,71.0,0.562,1980
East,Montreal Expos,90,72.0,0.556,1980
East,Pittsburgh Pirates,83,79.0,0.512,1980
East,St. Louis Cardinals,74,88.0,0.457,1980
East,New York Mets,67,95.0,0.414,1980
East,Chicago Cubs,64,98.0,0.395,1980
West,Team [Click for roster],Wins,,,1980
West,Houston Astros,93,70.0,0.571,1980
West,Los Angeles Dodgers,92,71.0,0.564,1980
West,Cincinnati Reds,89,73.0,0.549,1980
West,Atlanta Braves,81,80.0,0.503,1980
West,San Francisco Giants,75,86.0,0.466,1980
West,San Diego Padres,73,89.0,0.451,1980
N.L.,Team [Click for roster],Wins,,,1980
National League Team Standings,National League Team Standings,National League Team Standings,,,1980
Base on Balls,San Diego,563,,,1980
Batting Average,St. Louis,.275,,,1980
Doubles,St. Louis,300,,,1980
Hits,St. Louis,1541,,,1980
Home Runs,Los Angeles,148,,,1980
On Base Percentage,St. Louis,.331,,,1980
Runs,St. Louis,738,,,1980
Slugging Average,St. Louis,.400,,,1980
Stolen Bases,San Diego,239,,,1980
Triples,Houston,67,,,1980
Complete Games,St. Louis,34,,,1980
ERA,Houston,3.11,,,1980
Fewest Hits Allowed,Los Angeles,1358,,,1980
Fewest Home Runs Allowed,Houston,69,,,1980
Fewest Walks Allowed,Pittsburgh,451,,,1980
Saves,Pittsburgh,43,,,1980
Shutouts,Los Angeles,19,,,1980
Strikeouts,Houston,929,,,1980
Base on Balls,Mike Schmidt,Philadelphia,73.0,,1981
Batting Average,Bill Madlock,Pittsburgh,0.341,,1981
Doubles,Bill Buckner,Chicago,35.0,,1981
Hits,Pete Rose,Philadelphia,140.0,,1981
Home Runs,Mike Schmidt,Philadelphia,31.0,,1981
On Base Percentage,Mike Schmidt,Philadelphia,0.439,,1981
RBI,Mike Schmidt,Philadelphia,91.0,,1981
Runs,Mike Schmidt,Philadelphia,78.0,,1981
Slugging Average,Mike Schmidt,Philadelphia,0.644,,1981
Stolen Bases,Tim Raines,Montreal,71.0,,1981
Total Bases,Mike Schmidt,Philadelphia,0.228,,1981
Triples,Craig Reynolds,Houston,12.0,,1981
Triples,Gene Richards,San Diego,12.0,,1981
1981 N.L. History | 1981 A.L. History | Year-by-Year History,1981 N.L. History | 1981 A.L. History | Year-by-Year History,1981 N.L. History | 1981 A.L. History | Year-by-Year History,,,1981
Complete Games,Fernando Valenzuela,Los Angeles,11.0,,1981
ERA,Nolan Ryan,Houston,1.69,,1981
Games,Gary Lucas,San Diego,57.0,,1981
Saves,Bruce Sutter,St. Louis,25.0,,1981
Shutouts,Fernando Valenzuela,Los Angeles,8.0,,1981
Strikeouts,Fernando Valenzuela,Los Angeles,180.0,,1981
Winning Percentage,Tom Seaver,Cincinnati,0.875,,1981
Wins,Tom Seaver,Cincinnati,14.0,,1981
1981 N.L. History | 1981 A.L. History | Year-by-Year History,1981 N.L. History | 1981 A.L. History | Year-by-Year History,1981 N.L. History | 1981 A.L. History | Year-by-Year History,,,1981
East,Team [Click for roster],Strike Splits,,,1981
East,St. Louis Cardinals,Final,59.0,43.0,1981
East,St. Louis Cardinals,1st Half,30.0,20.0,1981
East,St. Louis Cardinals,2nd Half,29.0,23.0,1981
East,Montreal Expos,Final,60.0,48.0,1981
East,Montreal Expos,1st Half,30.0,25.0,1981
East,Montreal Expos,2nd Half,30.0,23.0,1981
East,Philadelphia Phillies,Final,59.0,48.0,1981
East,Philadelphia Phillies,1st Half,34.0,21.0,1981
East,Philadelphia Phillies,2nd Half,25.0,27.0,1981
East,Pittsburgh Pirates,Final,46.0,56.0,1981
East,Pittsburgh Pirates,1st Half,25.0,23.0,1981
East,Pittsburgh Pirates,2nd Half,21.0,33.0,1981
East,New York Mets,Final,41.0,62.0,1981
East,New York Mets,1st Half,17.0,34.0,1981
East,New York Mets,2nd Half,24.0,28.0,1981
East,Chicago Cubs,Final,38.0,65.0,1981
East,Chicago Cubs,1st Half,15.0,37.0,1981
East,Chicago Cubs,2nd Half,23.0,28.0,1981
West,Team [Click for roster],Strike Splits,,,1981
West,Cincinnati Reds,Final,66.0,42.0,1981
West,Cincinnati Reds,1st Half,35.0,21.0,1981
West,Cincinnati Reds,2nd Half,31.0,21.0,1981
West,Los Angeles Dodgers,Final,63.0,47.0,1981
West,Los Angeles Dodgers,1st Half,36.0,21.0,1981
West,Los Angeles Dodgers,2nd Half,27.0,26.0,1981
West,Houston Astros,Final,61.0,49.0,1981
West,Houston Astros,1st Half,28.0,29.0,1981
West,Houston Astros,2nd Half,33.0,20.0,1981
West,San Francisco Giants,Final,56.0,55.0,1981
West,San Francisco Giants,1st Half,27.0,32.0,1981
West,San Francisco Giants,2nd Half,29.0,23.0,1981
West,Atlanta Braves,Final,50.0,56.0,1981
West,Atlanta Braves,1st Half,25.0,29.0,1981
West,Atlanta Braves,2nd Half,25.0,27.0,1981
West,San Diego Padres,Final,41.0,69.0,1981
West,San Diego Padres,1st Half,23.0,33.0,1981
West,San Diego Padres,2nd Half,18.0,36.0,1981
N.L.,Team [Click for roster],Strike Splits,,,1981
National League Team Standings,National League Team Standings,National League Team Standings,,,1981
Base on Balls,San Francisco,386,,,1981
Batting Average,Philadelphia,.273,,,1981
Doubles,Cincinnati,190,,,1981
Hits,Philadelphia,1002,,,1981
Home Runs,Los Angeles,82,,,1981
On Base Percentage,Philadelphia,.344,,,1981
Runs,Philadelphia,491,,,1981
Slugging Average,Philadelphia,.389,,,1981
Stolen Bases,Montreal,138,,,1981
Triples,St. Louis,45,,,1981
Complete Games,Los Angeles,26,,,1981
ERA,Houston,2.67,,,1981
Fewest Hits Allowed,Houston,842,,,1981
Fewest Home Runs Allowed,Houston,40,,,1981
Fewest Walks Allowed,Montreal,268,,,1981
Saves,San Francisco,33,,,1981
Shutouts,Houston,19,,,1981
Shutouts,Los Angeles,19,,,1981
Strikeouts,Houston,610,,,1981
Base on Balls,Mike Schmidt,Philadelphia,107.0,,1982
Batting Average,Al Oliver,Montreal,0.331,,1982
Doubles,Al Oliver,Montreal,43.0,,1982
Hits,Al Oliver,Montreal,204.0,,1982
Home Runs,Dave Kingman,New York,37.0,,1982
On Base Percentage,Mike Schmidt,Philadelphia,0.407,,1982
RBI,Dale Murphy,Atlanta,109.0,,1982
RBI,Al Oliver,Montreal,109.0,,1982
Runs,Lonnie Smith,St. Louis,120.0,,1982
Slugging Average,Mike Schmidt,Philadelphia,0.547,,1982
Stolen Bases,Tim Raines,Montreal,78.0,,1982
Total Bases,Al Oliver,Montreal,317.0,,1982
Triples,Dickie Thon,Houston,10.0,,1982
1982 N.L. History | 1982 A.L. History | Year-by-Year History,1982 N.L. History | 1982 A.L. History | Year-by-Year History,1982 N.L. History | 1982 A.L. History | Year-by-Year History,,,1982
Complete Games,Steve Carlton,Philadelphia,19.0,,1982
ERA,Steve Rogers,Montreal,2.4,,1982
Games,Kent Tekulve,Pittsburgh,85.0,,1982
Saves,Bruce Sutter,St. Louis,36.0,,1982
Shutouts,Steve Carlton,Philadelphia,6.0,,1982
Strikeouts,Steve Carlton,Philadelphia,286.0,,1982
Winning Percentage,Phil Niekro,Atlanta,0.81,,1982
Wins,Steve Carlton,Philadelphia,23.0,,1982
1982 N.L. History | 1982 A.L. History | Year-by-Year History,1982 N.L. History | 1982 A.L. History | Year-by-Year History,1982 N.L. History | 1982 A.L. History | Year-by-Year History,,,1982
East,Team | Roster,Wins,,,1982
East,St. Louis Cardinals,92,70.0,0.568,1982
East,Philadelphia Phillies,89,73.0,0.549,1982
East,Montreal Expos,86,76.0,0.531,1982
East,Pittsburgh Pirates,84,78.0,0.519,1982
East,Chicago Cubs,73,89.0,0.451,1982
East,New York Mets,65,97.0,0.401,1982
West,Team | Roster,Wins,,,1982
West,Atlanta Braves,89,73.0,0.549,1982
West,Los Angeles Dodgers,88,74.0,0.543,1982
West,San Francisco Giants,87,75.0,0.537,1982
West,San Diego Padres,81,81.0,0.5,1982
West,Houston Astros,77,85.0,0.475,1982
West,Cincinnati Reds,61,101.0,0.377,1982
N.L.,Team | Roster,Wins,,,1982
National League Team Standings,National League Team Standings,National League Team Standings,,,1982
Base on Balls,San Francisco,607,,,1982
Batting Average,Pittsburgh,.273,,,1982
Doubles,Pittsburgh,272,,,1982
Hits,Pittsburgh,1535,,,1982
Home Runs,Atlanta,146,,,1982
On Base Percentage,St. Louis,.337,,,1982
Runs,Atlanta,739,,,1982
Slugging Average,Pittsburgh,.408,,,1982
Stolen Bases,St. Louis,200,,,1982
Triples,St. Louis,52,,,1982
Triples,San Diego,52,,,1982
Complete Games,Philadelphia,38,,,1982
ERA,Los Angeles,3.26,,,1982
Fewest Hits Allowed,Houston,1338,,,1982
Fewest Home Runs Allowed,Los Angeles,81,,,1982
Fewest Walks Allowed,Montreal,448,,,1982
Saves,Atlanta,51,,,1982
Shutouts,Houston,16,,,1982
Shutouts,Los Angeles,16,,,1982
Strikeouts,Philadelphia,1002,,,1982
Base on Balls,Mike Schmidt,Philadelphia,128.0,,1983
Batting Average,Bill Madlock,Pittsburgh,0.323,,1983
Doubles,Bill Buckner,Chicago,38.0,,1983
Doubles,Al Oliver,Montreal,38.0,,1983
Doubles,Johnny Ray,Pittsburgh,38.0,,1983
Hits,Jose Cruz,Houston,189.0,,1983
Hits,Andre Dawson,Montreal,189.0,,1983
Home Runs,Mike Schmidt,Philadelphia,40.0,,1983
On Base Percentage,Mike Schmidt,Philadelphia,0.402,,1983
RBI,Dale Murphy,Atlanta,121.0,,1983
Runs,Tim Raines,Montreal,133.0,,1983
Slugging Average,Dale Murphy,Atlanta,0.54,,1983
Stolen Bases,Tim Raines,Montreal,90.0,,1983
Total Bases,Andre Dawson,Montreal,341.0,,1983
Triples,Brett Butler,Atlanta,13.0,,1983
1983 N.L. History | 1983 A.L. History | Year-by-Year History,1983 N.L. History | 1983 A.L. History | Year-by-Year History,1983 N.L. History | 1983 A.L. History | Year-by-Year History,,,1983
Complete Games,Mario Soto,Cincinnati,18.0,,1983
ERA,Atlee Hammaker,San Francisco,2.25,,1983
Games,Bill Campbell,Chicago,82.0,,1983
Saves,Lee Smith,Chicago,29.0,,1983
Shutouts,Steve Rogers,Montreal,5.0,,1983
Strikeouts,Steve Carlton,Philadelphia,275.0,,1983
Winning Percentage,John Denny,Philadelphia,0.76,,1983
Wins,John Denny,Philadelphia,19.0,,1983
1983 N.L. History | 1983 A.L. History | Year-by-Year History,1983 N.L. History | 1983 A.L. History | Year-by-Year History,1983 N.L. History | 1983 A.L. History | Year-by-Year History,,,1983
East,Team | Roster,Wins,,,1983
East,Philadelphia Phillies,90,72.0,0.556,1983
East,Pittsburgh Pirates,84,78.0,0.519,1983
East,Montreal Expos,82,80.0,0.506,1983
East,St. Louis Cardinals,79,83.0,0.488,1983
East,Chicago Cubs,71,91.0,0.438,1983
East,New York Mets,68,94.0,0.42,1983
West,Team | Roster,Wins,,,1983
West,Los Angeles Dodgers,91,71.0,0.562,1983
West,Atlanta Braves,88,74.0,0.543,1983
West,Houston Astros,85,77.0,0.525,1983
West,San Diego Padres,81,81.0,0.5,1983
West,San Francisco Giants,79,83.0,0.488,1983
West,Cincinnati Reds,74,88.0,0.457,1983
N.L.,Team | Roster,Wins,,,1983
National League Team Standings,National League Team Standings,National League Team Standings,,,1983
Base on Balls,Philadelphia,640,,,1983
Batting Average,Atlanta,.272,,,1983
Doubles,Montreal,297,,,1983
Hits,St. Louis,1496,,,1983
Home Runs,Los Angeles,146,,,1983
On Base Percentage,Atlanta,.344,,,1983
Runs,Atlanta,746,,,1983
Slugging Average,Chicago,.401,,,1983
Stolen Bases,St. Louis,207,,,1983
Triples,St. Louis,63,,,1983
Complete Games,Montreal,38,,,1983
ERA,Los Angeles,3.11,,,1983
Fewest Hits Allowed,Houston,1276,,,1983
Fewest Home Runs Allowed,Houston,94,,,1983
Fewest Walks Allowed,Philadelphia,464,,,1983
Saves,Atlanta,48,,,1983
Saves,Houston,48,,,1983
Shutouts,Montreal,15,,,1983
Strikeouts,Philadelphia,1092,,,1983
Base on Balls,Gary Matthews,Chicago,103.0,,1984
Batting Average,Tony Gwynn,San Diego,0.351,,1984
Doubles,Tim Raines,Montreal,38.0,,1984
Doubles,Johnny Ray,Pittsburgh,38.0,,1984
Hits,Tony Gwynn,San Diego,213.0,,1984
Home Runs,Dale Murphy,Atlanta,36.0,,1984
Home Runs,Mike Schmidt,Philadelphia,36.0,,1984
On Base Percentage,Gary Matthews,Chicago,0.417,,1984
RBI,Gary Carter,Montreal,106.0,,1984
RBI,Mike Schmidt,Philadelphia,106.0,,1984
Runs,Ryne Sandberg,Chicago,114.0,,1984
Slugging Average,Dale Murphy,Atlanta,0.547,,1984
Stolen Bases,Tim Raines,Montreal,75.0,,1984
Total Bases,Dale Murphy,Atlanta,332.0,,1984
Triples,Juan Samuel,Philadelphia,19.0,,1984
Triples,Ryne Sandberg,Chicago,19.0,,1984
1984 N.L. History | 1984 A.L. History | Year-by-Year History,1984 N.L. History | 1984 A.L. History | Year-by-Year History,1984 N.L. History | 1984 A.L. History | Year-by-Year History,,,1984
Complete Games,Mario Soto,Cincinnati,13.0,,1984
ERA,Alejandro Pena,Los Angeles,2.48,,1984
Games,Ted Power,Cincinnati,78.0,,1984
Saves,Bruce Sutter,St. Louis,45.0,,1984
Shutouts,Joaquin Andujar,St. Louis,4.0,,1984
Shutouts,Orel Hershiser,Los Angeles,4.0,,1984
Shutouts,Alejandro Pena,Los Angeles,4.0,,1984
Strikeouts,Dwight Gooden,New York,276.0,,1984
Winning Percentage,Rick Sutcliffe,Chicago,0.941,,1984
Wins,Joaquin Andujar,St. Louis,20.0,,1984
1984 N.L. History | 1984 A.L. History | Year-by-Year History,1984 N.L. History | 1984 A.L. History | Year-by-Year History,1984 N.L. History | 1984 A.L. History | Year-by-Year History,,,1984
East,Team | Roster,W,,,1984
East,Chicago Cubs,96,65.0,0.596,1984
East,New York Mets,90,72.0,0.556,1984
East,St. Louis Cardinals,84,78.0,0.519,1984
East,Philadelphia Phillies,81,81.0,0.5,1984
East,Montreal Expos,78,83.0,0.484,1984
East,Pittsburgh Pirates,75,87.0,0.463,1984
West,Team | Roster,W,,,1984
West,San Diego Padres,92,70.0,0.568,1984
West,Houston Astros,80,82.0,0.494,1984
West,Atlanta Braves,80,82.0,0.494,1984
West,Los Angeles Dodgers,79,83.0,0.488,1984
West,Cincinnati Reds,70,92.0,0.432,1984
West,San Francisco Giants,66,96.0,0.407,1984
N.L.,Team | Roster,W,,,1984
National League Team Standings,National League Team Standings,National League Team Standings,,,1984
Base on Balls,Chicago,567,,,1984
Batting Average,Philadelphia,.266,,,1984
Doubles,Philadelphia,248,,,1984
Hits,San Francisco,1499,,,1984
Home Runs,Philadelphia,147,,,1984
On Base Percentage,Philadelphia,.335,,,1984
Runs,Chicago,762,,,1984
Slugging Average,Philadelphia,.407,,,1984
Stolen Bases,St. Louis,220,,,1984
Triples,Houston,67,,,1984
Complete Games,Los Angeles,39,,,1984
ERA,Pittsburgh,3.11,,,1984
Fewest Hits Allowed,San Diego,1327,,,1984
Fewest Home Runs Allowed,Los Angeles,76,,,1984
Fewest Walks Allowed,Chicago,442,,,1984
Saves,St. Louis,51,,,1984
Shutouts,San Diego,17,,,1984
Strikeouts,Los Angeles,1033,,,1984
Base on Balls,Dale Murphy,Atlanta,90.0,,1985
Batting Average,Willie McGee,St. Louis,0.353,,1985
Doubles,Dave Parker,Cincinnati,42.0,,1985
Hits,Willie McGee,St. Louis,216.0,,1985
Home Runs,Dale Murphy,Atlanta,37.0,,1985
On Base Percentage,Pedro Guerrero,Los Angeles,0.425,,1985
RBI,Dave Parker,Cincinnati,125.0,,1985
Runs,Dale Murphy,Atlanta,118.0,,1985
Slugging Average,Pedro Guerrero,Los Angeles,0.577,,1985
Stolen Bases,Vince Coleman,St. Louis,110.0,,1985
Total Bases,Dave Parker,Cincinnati,350.0,,1985
Triples,Willie McGee,St. Louis,18.0,,1985
1985 N.L. History | 1985 A.L. History | Year-by-Year History,1985 N.L. History | 1985 A.L. History | Year-by-Year History,1985 N.L. History | 1985 A.L. History | Year-by-Year History,,,1985
Complete Games,Dwight Gooden,New York,16.0,,1985
ERA,Dwight Gooden,New York,1.53,,1985
Games,Tim Burke,Montreal,78.0,,1985
Saves,Jeff Reardon,Montreal,41.0,,1985
Shutouts,John Tudor,St. Louis,10.0,,1985
Strikeouts,Dwight Gooden,New York,268.0,,1985
Winning Percentage,Orel Hershiser,Los Angeles,0.864,,1985
Wins,Dwight Gooden,New York,24.0,,1985
1985 N.L. History | 1985 A.L. History | Year-by-Year History,1985 N.L. History | 1985 A.L. History | Year-by-Year History,1985 N.L. History | 1985 A.L. History | Year-by-Year History,,,1985
East,Team | Roster,W,,,1985
East,St. Louis Cardinals,101,61.0,0.623,1985
East,New York Mets,98,64.0,0.605,1985
East,Montreal Expos,84,77.0,0.522,1985
East,Chicago Cubs,77,84.0,0.478,1985
East,Philadelphia Phillies,75,87.0,0.463,1985
East,Pittsburgh Pirates,57,104.0,0.354,1985
West,Team | Roster,W,,,1985
West,Los Angeles Dodgers,95,67.0,0.586,1985
West,Cincinnati Reds,89,72.0,0.553,1985
West,San Diego Padres,83,79.0,0.512,1985
West,Houston Astros,83,79.0,0.512,1985
West,Atlanta Braves,66,96.0,0.407,1985
West,San Francisco Giants,62,100.0,0.383,1985
N.L.,Team | Roster,W,,,1985
National League Team Standings,National League Team Standings,National League Team Standings,,,1985
Base on Balls,St. Louis,586,,,1985
Batting Average,St. Louis,.264,,,1985
Doubles,Houston,261,,,1985
Hits,San Diego,1457,,,1985
Home Runs,Chicago,150,,,1985
On Base Percentage,St. Louis,.338,,,1985
Runs,St. Louis,747,,,1985
Slugging Average,Chicago,.390,,,1985
Stolen Bases,St. Louis,314,,,1985
Triples,St. Louis,59,,,1985
Complete Games,St. Louis,37,,,1985
ERA,Los Angeles,2.96,,,1985
Fewest Hits Allowed,Los Angeles,1280,,,1985
Fewest Home Runs Allowed,St. Louis,98,,,1985
Fewest Walks Allowed,San Diego,443,,,1985
Saves,Montreal,53,,,1985
Shutouts,Los Angeles,21,,,1985
Strikeouts,New York,1039,,,1985
Base on Balls,Keith Hernandez,New York,94.0,,1986
Batting Average,Tim Raines,Montreal,0.334,,1986
Doubles,Von Hayes,Philadelphia,46.0,,1986
Hits,Tony Gwynn,San Diego,211.0,,1986
Home Runs,Mike Schmidt,Philadelphia,37.0,,1986
On Base Percentage,Tim Raines,Montreal,0.415,,1986
RBI,Mike Schmidt,Philadelphia,119.0,,1986
Runs,Tony Gwynn,San Diego,107.0,,1986
Runs,Von Hayes,Philadelphia,107.0,,1986
Slugging Average,Mike Schmidt,Philadelphia,0.547,,1986
Stolen Bases,Vince Coleman,St. Louis,107.0,,1986
Total Bases,Dave Parker,Cincinnati,304.0,,1986
Triples,Mitch Webster,Montreal,13.0,,1986
Complete Games,Fernando Valenzuela,Los Angeles,20.0,,1986
ERA,Mike Scott,Houston,2.22,,1986
Games,Craig Lefferts,San Diego,83.0,,1986
Saves,Todd Worrell,St. Louis,36.0,,1986
Shutouts,Bob Knepper,Houston,5.0,,1986
Shutouts,Mike Scott,Houston,5.0,,1986
Strikeouts,Mike Scott,Houston,306.0,,1986
Winning Percentage,Bob Ojeda,New York,0.783,,1986
Wins,Fernando Valenzuela,Los Angeles,21.0,,1986
1986 National League Team Standings,1986 National League Team Standings,1986 National League Team Standings,,,1986
East,Team [Click for roster],Wins,,,1986
East,New York Mets,108,54.0,0.667,1986
East,Philadelphia Phillies,86,75.0,0.534,1986
East,St. Louis Cardinals,79,82.0,0.491,1986
East,Montreal Expos,78,83.0,0.484,1986
East,Chicago Cubs,70,90.0,0.438,1986
East,Pittsburgh Pirates,64,98.0,0.395,1986
West,Team [Click for roster],Wins,,,1986
West,Houston Astros,96,66.0,0.593,1986
West,Cincinnati Reds,86,76.0,0.531,1986
West,San Francisco Giants,83,79.0,0.512,1986
West,San Diego Padres,74,88.0,0.457,1986
West,Los Angeles Dodgers,73,89.0,0.451,1986
West,Atlanta Braves,72,89.0,0.447,1986
National League Team Standings,National League Team Standings,National League Team Standings,,,1986
Base on Balls,New York,631,,,1986
Batting Average,New York,.263,,,1986
Doubles,Pittsburgh,273,,,1986
Hits,New York,1462,,,1986
Home Runs,Chicago,155,,,1986
On Base Percentage,New York,.341,,,1986
Runs,New York,783,,,1986
Slugging Average,New York,.401,,,1986
Stolen Bases,St. Louis,262,,,1986
Triples,Montreal,50,,,1986
Complete Games,Los Angeles,35,,,1986
ERA,New York,3.11,,,1986
Fewest Hits Allowed,Houston,1203,,,1986
Fewest Home Runs Allowed,New York,103,,,1986
Fewest Walks Allowed,St. Louis,485,,,1986
Saves,Houston,51,,,1986
Shutouts,Houston,19,,,1986
Strikeouts,Houston,1160,,,1986
Base on Balls,Jack Clark,St. Louis,136.0,,1987
Batting Average,Tony Gwynn,San Diego,0.37,,1987
Doubles,Tim Wallach,Montreal,42.0,,1987
Hits,Tony Gwynn,San Diego,218.0,,1987
Home Runs,Andre Dawson,Chicago,49.0,,1987
On Base Percentage,Jack Clark,St. Louis,0.461,,1987
RBI,Andre Dawson,Chicago,137.0,,1987
Runs,Tim Raines,Montreal,123.0,,1987
Slugging Average,Jack Clark,St. Louis,0.597,,1987
Stolen Bases,Vince Coleman,St. Louis,109.0,,1987
Total Bases,Andre Dawson,Chicago,353.0,,1987
Triples,Juan Samuel,Philadelphia,15.0,,1987
Complete Games,Rick Reuschel,San Francisco,12.0,,1987
Complete Games,Fernando Valenzuela,Los Angeles,12.0,,1987
ERA,Nolan Ryan,Houston,2.76,,1987
Games,Kent Tekulve,Philadelphia,90.0,,1987
Saves,Steve Bedrosian,Philadelphia,40.0,,1987
Shutouts,Rick Reuschel,San Francisco,4.0,,1987
Shutouts,Bob Welch,Los Angeles,4.0,,1987
Strikeouts,Nolan Ryan,Houston,270.0,,1987
Winning Percentage,Dwight Gooden,New York,0.682,,1987
Wins,Rick Sutcliffe,Chicago,18.0,,1987
1987 National League Team Standings,1987 National League Team Standings,1987 National League Team Standings,,,1987
East,Team [Click for roster],Wins,,,1987
East,St. Louis Cardinals,95,67.0,0.586,1987
East,New York Mets,92,70.0,0.568,1987
East,Montreal Expos,91,71.0,0.562,1987
East,Pittsburgh Pirates,80,82.0,0.494,1987
East,Philadelphia Phillies,80,82.0,0.494,1987
East,Chicago Cubs,76,85.0,0.472,1987
West,Team [Click for roster],Wins,,,1987
West,San Francisco Giants,90,72.0,0.556,1987
West,Cincinnati Reds,84,78.0,0.519,1987
West,Houston Astros,76,86.0,0.469,1987
West,Los Angeles Dodgers,73,89.0,0.451,1987
West,Atlanta Braves,69,92.0,0.429,1987
West,San Diego Padres,65,97.0,0.401,1987
National League Team Standings,National League Team Standings,National League Team Standings,,,1987
Base on Balls,St. Louis,644,,,1987
Batting Average,New York,.268,,,1987
Doubles,Montreal,310,,,1987
Hits,New York,1499,,,1987
Home Runs,Chicago,209,,,1987
On Base Percentage,St. Louis,.343,,,1987
Runs,New York,823,,,1987
Slugging Average,New York,.434,,,1987
Stolen Bases,St. Louis,248,,,1987
Triples,Philadelphia,51,,,1987
Complete Games,Los Angeles,29,,,1987
ERA,San Francisco,3.68,,,1987
Fewest Hits Allowed,Houston,1363,,,1987
Fewest Home Runs Allowed,St. Louis,129,,,1987
Fewest Walks Allowed,Montreal,446,,,1987
Saves,New York,51,,,1987
Shutouts,Houston,13,,,1987
Shutouts,Pittsburgh,13,,,1987
Strikeouts,Houston,1137,,,1987
Base on Balls,Will Clark,San Francisco,100.0,,1988
Batting Average,Tony Gwynn,San Diego,0.313,,1988
Doubles,Andres Galarraga,Montreal,42.0,,1988
Hits,Andres Galarraga,Montreal,184.0,,1988
Home Runs,Darryl Strawberry,New York,39.0,,1988
On Base Percentage,Kal Daniels,Cincinnati,0.4,,1988
RBI,Will Clark,San Francisco,109.0,,1988
Runs,Brett Butler,San Francisco,109.0,,1988
Slugging Average,Darryl Strawberry,New York,0.545,,1988
Stolen Bases,Vince Coleman,St. Louis,81.0,,1988
Total Bases,Andres Galarraga,Montreal,329.0,,1988
Triples,Andy Van Slyke,Pittsburgh,15.0,,1988
Complete Games,Orel Hershiser,Los Angeles,15.0,,1988
Complete Games,Danny Jackson,Cincinnati,15.0,,1988
ERA,Joe Magrane,St. Louis,2.18,,1988
Games,Rob Murphy,Cincinnati,76.0,,1988
Saves,John Franco,Cincinnati,39.0,,1988
Shutouts,Orel Hershiser,Los Angeles,8.0,,1988
Strikeouts,Nolan Ryan,Houston,228.0,,1988
Winning Percentage,David Cone,New York,0.87,,1988
Wins,Orel Hershiser,Los Angeles,23.0,,1988
Wins,Danny Jackson,Cincinnati,23.0,,1988
1988 National League Team Standings,1988 National League Team Standings,1988 National League Team Standings,,,1988
East,Team [Click for roster],Wins,,,1988
East,New York Mets,100,60.0,0.625,1988
East,Pittsburgh Pirates,85,75.0,0.531,1988
East,Montreal Expos,81,81.0,0.5,1988
East,Chicago Cubs,77,86.0,0.475,1988
East,St. Louis Cardinals,76,86.0,0.469,1988
East,Philadelphia Phillies,65,96.0,0.404,1988
West,Team [Click for roster],Wins,,,1988
West,Los Angeles Dodgers,94,67.0,0.584,1988
West,Cincinnati Reds,87,74.0,0.54,1988
West,San Diego Padres,83,78.0,0.516,1988
West,San Francisco Giants,83,79.0,0.512,1988
West,Houston Astros,82,80.0,0.506,1988
West,Atlanta Braves,54,106.0,0.338,1988
National League Team Standings,National League Team Standings,National League Team Standings,,,1988
Base on Balls,Pittsburgh,553,,,1988
Batting Average,Chicago,.261,,,1988
Doubles,Chicago,262,,,1988
Hits,Chicago,1481,,,1988
Home Runs,New York,152,,,1988
On Base Percentage,New York,.328,,,1988
Runs,New York,703,,,1988
Slugging Average,New York,.396,,,1988
Stolen Bases,St. Louis,234,,,1988
Triples,Montreal,48,,,1988
Complete Games,Los Angeles,32,,,1988
ERA,New York,2.91,,,1988
Fewest Hits Allowed,New York,1253,,,1988
Fewest Home Runs Allowed,New York,78,,,1988
Fewest Walks Allowed,New York,404,,,1988
Saves,Los Angeles,49,,,1988
Shutouts,Los Angeles,24,,,1988
Strikeouts,New York,1100,,,1988
Base on Balls,Jack Clark,San Diego,132.0,,1989
Batting Average,Tony Gwynn,San Diego,0.336,,1989
Doubles,Pedro Guerrero,St. Louis,42.0,,1989
Doubles,Tim Wallach,Montreal,42.0,,1989
Hits,Tony Gwynn,San Diego,203.0,,1989
Home Runs,Kevin Mitchell,San Francisco,47.0,,1989
On Base Percentage,Lonnie Smith,Atlanta,0.42,,1989
RBI,Kevin Mitchell,San Francisco,125.0,,1989
Runs,Howard Johnson,New York,104.0,,1989
Runs,Will Clark,San Francisco,104.0,,1989
Runs,Ryne Sandberg,Chicago,104.0,,1989
Slugging Average,Kevin Mitchell,San Francisco,0.635,,1989
Stolen Bases,Vince Coleman,St. Louis,65.0,,1989
Total Bases,Kevin Mitchell,San Francisco,345.0,,1989
Triples,Robby Thompson,San Francisco,11.0,,1989
Complete Games,Tim Belcher,Los Angeles,10.0,,1989
Complete Games,Bruce Hurst,San Diego,10.0,,1989
ERA,Scott Garrelts,San Francisco,2.28,,1989
Games,Mitch Williams,Chicago,76.0,,1989
Saves,Mark Davis,San Diego,44.0,,1989
Shutouts,Tim Belcher,Los Angeles,8.0,,1989
Strikeouts,Jose DeLeon,St. Louis,201.0,,1989
Winning Percentage,Mike Bielecki,Chicago,0.72,,1989
Wins,Mike Scott,Houston,20.0,,1989
1989 National League Team Standings,1989 National League Team Standings,1989 National League Team Standings,,,1989
East,Team [Click for roster],Wins,,,1989
East,Chicago Cubs,93,69.0,0.574,1989
East,New York Mets,87,75.0,0.537,1989
East,St. Louis Cardinals,86,76.0,0.531,1989
East,Montreal Expos,81,81.0,0.5,1989
East,Pittsburgh Pirates,74,88.0,0.457,1989
East,Philadelphia Phillies,67,95.0,0.414,1989
West,Team [Click for roster],Wins,,,1989
West,San Francisco Giants,92,70.0,0.568,1989
West,San Diego Padres,89,73.0,0.549,1989
West,Houston Astros,86,76.0,0.531,1989
West,Los Angeles Dodgers,77,83.0,0.481,1989
West,Cincinnati Reds,75,87.0,0.463,1989
West,Atlanta Braves,63,97.0,0.394,1989
National League Team Standings,National League Team Standings,National League Team Standings,,,1989
Base on Balls,Montreal,572,,,1989
Batting Average,Chicago,.261,,,1989
Doubles,New York,280,,,1989
Hits,Chicago,1438,,,1989
Home Runs,New York,147,,,1989
On Base Percentage,St. Louis,.323,,,1989
Runs,Chicago,702,,,1989
Slugging Average,San Francisco,.390,,,1989
Stolen Bases,Montreal,160,,,1989
Triples,Pittsburgh,53,,,1989
Complete Games,Los Angeles,25,,,1989
ERA,Los Angeles,2.95,,,1989
Fewest Hits Allowed,New York,1260,,,1989
Fewest Home Runs Allowed,St. Louis,84,,,1989
Fewest Walks Allowed,Atlanta,468,,,1989
Saves,Chicago,55,,,1989
Shutouts,Los Angeles,19,,,1989
Strikeouts,New York,1108,,,1989
Base on Balls,Jack Clark,San Diego,104.0,,1990
Batting Average,Willie McGee,St. Louis,0.335,,1990
Doubles,Gregg Jefferies,New York,40.0,,1990
Hits,Brett Butler,San Francisco,192.0,,1990
Hits,Lenny Dykstra,Philadelphia,192.0,,1990
Home Runs,Ryne Sandberg,Chicago,40.0,,1990
On Base Percentage,Dave Magadan,New York,0.425,,1990
RBI,Matt Williams,San Francisco,122.0,,1990
Runs,Ryne Sandberg,Chicago,116.0,,1990
Slugging Average,Barry Bonds,Pittsburgh,0.565,,1990
Stolen Bases,Vince Coleman,St. Louis,77.0,,1990
Total Bases,Ryne Sandberg,Chicago,344.0,,1990
Triples,Mariano Duncan,Cincinnati,11.0,,1990
Complete Games,Ramon Martinez,Los Angeles,12.0,,1990
ERA,Danny Darwin,Houston,2.21,,1990
Games,Juan Agosto,Houston,82.0,,1990
Saves,John Franco,New York,33.0,,1990
Shutouts,Bruce Hurst,San Diego,4.0,,1990
Shutouts,Mike Morgan,Los Angeles,4.0,,1990
Strikeouts,David Cone,New York,233.0,,1990
Winning Percentage,Doug Drabek,Pittsburgh,0.786,,1990
Wins,Doug Drabek,Pittsburgh,22.0,,1990
1990 National League Team Standings,1990 National League Team Standings,1990 National League Team Standings,,,1990
East,Team [Click for roster],Wins,,,1990
East,Pittsburgh Pirates,95,67.0,0.586,1990
East,New York Mets,91,71.0,0.562,1990
East,Montreal Expos,85,77.0,0.525,1990
East,Philadelphia Phillies,77,85.0,0.475,1990
East,Chicago Cubs,77,85.0,0.475,1990
East,St. Louis Cardinals,70,92.0,0.432,1990
West,Team [Click for roster],Wins,,,1990
West,Cincinnati Reds,91,71.0,0.562,1990
West,Los Angeles Dodgers,86,76.0,0.531,1990
West,San Francisco Giants,85,77.0,0.525,1990
West,San Diego Padres,75,87.0,0.463,1990
West,Houston Astros,75,87.0,0.463,1990
West,Atlanta Braves,65,97.0,0.401,1990
National League Team Standings,National League Team Standings,National League Team Standings,,,1990
Base on Balls,Philadelphia,582,,,1990
Base on Balls,Pittsburgh,582,,,1990
Batting Average,Cincinnati,.265,,,1990
Doubles,Pittsburgh,288,,,1990
Hits,Chicago,1474,,,1990
Home Runs,New York,172,,,1990
On Base Percentage,Pittsburgh,.334,,,1990
Runs,New York,775,,,1990
Slugging Average,New York,.408,,,1990
Stolen Bases,Montreal,235,,,1990
Triples,Montreal,43,,,1990
Complete Games,Los Angeles,29,,,1990
ERA,Montreal,3.37,,,1990
Fewest Hits Allowed,Cincinnati,1338,,,1990
Fewest Home Runs Allowed,St. Louis,98,,,1990
Fewest Walks Allowed,Pittsburgh,413,,,1990
Saves,Cincinnati,50,,,1990
Saves,Montreal,50,,,1990
Shutouts,New York,14,,,1990
Strikeouts,New York,1217,,,1990
Base on Balls,Brett Butler,Los Angeles,108.0,,1991
Batting Average,Terry Pendleton,Atlanta,0.319,,1991
Doubles,Bobby Bonilla,Pittsburgh,44.0,,1991
Hits,Terry Pendleton,Atlanta,187.0,,1991
Home Runs,Howard Johnson,New York,38.0,,1991
On Base Percentage,Barry Bonds,Pittsburgh,0.419,,1991
RBI,Howard Johnson,New York,117.0,,1991
Runs,Brett Butler,Los Angeles,112.0,,1991
Slugging Average,Will Clark,San Francisco,0.536,,1991
Stolen Bases,Marquis Grissom,Montreal,76.0,,1991
Total Bases,Will Clark,San Francisco,303.0,,1991
Total Bases,Terry Pendleton,Atlanta,303.0,,1991
Triples,Ray Lankford,St. Louis,15.0,,1991
1991 N.L. History | 1991 A.L. History | Year-by-Year History,1991 N.L. History | 1991 A.L. History | Year-by-Year History,1991 N.L. History | 1991 A.L. History | Year-by-Year History,,,1991
Complete Games,Tom Glavine,Atlanta,9.0,,1991
Complete Games,Dennis Martinez,Montreal,9.0,,1991
ERA,Dennis Martinez,Montreal,2.39,,1991
Games,Barry Jones,Montreal,77.0,,1991
Saves,Lee Smith,St. Louis,47.0,,1991
Shutouts,Dennis Martinez,Montreal,5.0,,1991
Strikeouts,David Cone,New York,241.0,,1991
Winning Percentage,Jose Rijo,Cincinnati,0.714,,1991
Winning Percentage,John Smiley,Pittsburgh,0.714,,1991
Wins,Tom Glavine,Atlanta,20.0,,1991
Wins,John Smiley,Pittsburgh,20.0,,1991
1991 N.L. History | 1991 A.L. History | Year-by-Year History,1991 N.L. History | 1991 A.L. History | Year-by-Year History,1991 N.L. History | 1991 A.L. History | Year-by-Year History,,,1991
East,Team | Roster,W,,,1991
East,Pittsburgh Pirates,98,64.0,0.605,1991
East,St. Louis Cardinals,84,78.0,0.519,1991
East,Philadelphia Phillies,78,84.0,0.481,1991
East,Chicago Cubs,77,83.0,0.481,1991
East,New York Mets,77,84.0,0.478,1991
East,Montreal Expos,71,90.0,0.441,1991
West,Team | Roster,W,,,1991
West,Atlanta Braves,94,68.0,0.58,1991
West,Los Angeles Dodgers,93,69.0,0.574,1991
West,San Diego Padres,84,78.0,0.519,1991
West,San Francisco Giants,75,87.0,0.463,1991
West,Cincinnati Reds,74,88.0,0.457,1991
West,Houston Astros,65,97.0,0.401,1991
N.L.,Team | Roster,W,,,1991
1991 National League Team Standings,1991 National League Team Standings,1991 National League Team Standings,,,1991
Base on Balls,Pittsburgh,620,,,1991
Batting Average,Pittsburgh,.263,,,1991
Doubles,Pittsburgh,259,,,1991
Hits,Pittsburgh,1433,,,1991
Home Runs,Cincinnati,164,,,1991
On Base Percentage,Pittsburgh,.342,,,1991
Runs,Pittsburgh,768,,,1991
Slugging Average,Cincinnati,.403,,,1991
Stolen Bases,Montreal,221,,,1991
Triples,St. Louis,53,,,1991
Complete Games,Atlanta,18,,,1991
Complete Games,Pittsburgh,18,,,1991
ERA,Los Angeles,3.06,,,1991
Fewest Hits Allowed,Atlanta,1304,,,1991
Fewest Hits Allowed,Montreal,1304,,,1991
Fewest Home Runs Allowed,Los Angeles,96,,,1991
Fewest Walks Allowed,Pittsburgh,401,,,1991
Saves,Pittsburgh,51,,,1991
Saves,St. Louis,51,,,1991
Shutouts,Los Angeles,14,,,1991
Shutouts,Montreal,14,,,1991
Strikeouts,Houston,1033,,,1991
Base on Balls,Barry Bonds,Pittsburgh,127.0,,1992
Batting Average,Gary Sheffield,San Diego,0.33,,1992
Doubles,Andy Van Slyke,Pittsburgh,45.0,,1992
Hits,Terry Pendleton,Atlanta,199.0,,1992
Hits,Andy Van Slyke,Pittsburgh,199.0,,1992
Home Runs,Fred McGriff,San Diego,35.0,,1992
On Base Percentage,Barry Bonds,Pittsburgh,0.461,,1992
RBI,Darren Daulton,Philadelphia,109.0,,1992
Runs,Barry Bonds,Pittsburgh,109.0,,1992
Slugging Average,Barry Bonds,Pittsburgh,0.624,,1992
Stolen Bases,Marquis Grissom,Montreal,78.0,,1992
Total Bases,Gary Sheffield,San Diego,323.0,,1992
Triples,Deion Sanders,Atlanta,14.0,,1992
Complete Games,Terry Mulholland,Philadelphia,12.0,,1992
ERA,Bill Swift,San Francisco,2.08,,1992
Games,Joe Boever,Houston,81.0,,1992
Saves,Lee Smith,St. Louis,43.0,,1992
Shutouts,David Cone,New York,5.0,,1992
Shutouts,Tom Glavine,Atlanta,5.0,,1992
Strikeouts,John Smoltz,Atlanta,215.0,,1992
Winning Percentage,Bob Tewksbury,St. Louis,0.762,,1992
Wins,Tom Glavine,Atlanta,20.0,,1992
Wins,Greg Maddux,Atlanta,20.0,,1992
1992 National League Team Standings,1992 National League Team Standings,1992 National League Team Standings,,,1992
East,Team [Click for roster],Wins,,,1992
East,Pittsburgh Pirates,96,66.0,0.593,1992
East,Montreal Expos,87,75.0,0.537,1992
East,St. Louis Cardinals,83,79.0,0.512,1992
East,Chicago Cubs,78,84.0,0.481,1992
East,New York Mets,72,90.0,0.444,1992
East,Philadelphia Phillies,70,92.0,0.432,1992
West,Team [Click for roster],Wins,,,1992
West,Atlanta Braves,98,64.0,0.605,1992
West,Cincinnati Reds,90,72.0,0.556,1992
West,San Diego Padres,82,80.0,0.506,1992
West,Houston Astros,81,81.0,0.5,1992
West,San Francisco Giants,72,90.0,0.444,1992
West,Los Angeles Dodgers,63,99.0,0.389,1992
National League Team Standings,National League Team Standings,National League Team Standings,,,1992
Base on Balls,New York,572,,,1992
Batting Average,St. Louis,.262,,,1992
Doubles,Cincinnati,281,,,1992
Hits,St. Louis,1464,,,1992
Home Runs,Atlanta,138,,,1992
On Base Percentage,Cincinnati,.331,,,1992
Runs,Pittsburgh,693,,,1992
Slugging Average,Atlanta,.388,,,1992
Stolen Bases,St. Louis,208,,,1992
Triples,Pittsburgh,54,,,1992
Complete Games,Philadelphia,27,,,1992
ERA,Atlanta,3.14,,,1992
Fewest Hits Allowed,Montreal,1296,,,1992
Fewest Home Runs Allowed,Los Angeles,82,,,1992
Fewest Walks Allowed,St. Louis,400,,,1992
Saves,Cincinnati,55,,,1992
Shutouts,Atlanta,24,,,1992
Strikeouts,Cincinnati,1060,,,1992
Walks,Lenny Dykstra,Philadelphia,129.0,,1993
Batting Average,Andres Galarraga,Colorado,0.37,,1993
Doubles,Charlie Hayes,Colorado,45.0,,1993
Hits,Lenny Dykstra,Philadelphia,194.0,,1993
Home Runs,Barry Bonds,San Francisco,46.0,,1993
On Base Percentage,Barry Bonds,San Francisco,0.463,,1993
RBI,Barry Bonds,San Francisco,123.0,,1993
Runs,Lenny Dykstra,Philadelphia,143.0,,1993
Slugging Average,Barry Bonds,San Francisco,0.677,,1993
Stolen Bases,Chuck Carr,Florida,58.0,,1993
Total Bases,Barry Bonds,San Francisco,365.0,,1993
Triples,Steve Finley,Houston,13.0,,1993
Complete Games,Greg Maddux,Atlanta,8.0,,1993
ERA,Greg Maddux,Atlanta,2.36,,1993
Games,Mike Jackson,San Francisco,81.0,,1993
Saves,Randy Myers,Chicago,53.0,,1993
Shutouts,Pete Harnisch,Houston,4.0,,1993
Strikeouts,Jose Rijo,Cincinnati,227.0,,1993
Winning Percentage,Mark Portugal,Houston,0.818,,1993
Wins,John Burkett,San Francisco,22.0,,1993
Wins,Tom Glavine,Atlanta,22.0,,1993
1993 National League Team Standings,1993 National League Team Standings,1993 National League Team Standings,,,1993
East,Team [Click for roster],Wins,,,1993
East,Philadelphia Phillies,97,65.0,0.599,1993
East,Montreal Expos,94,68.0,0.58,1993
East,St. Louis Cardinals,87,75.0,0.537,1993
East,Chicago Cubs,84,78.0,0.519,1993
East,Pittsburgh Pirates,75,87.0,0.463,1993
East,Florida Marlins,64,98.0,0.395,1993
East,New York Mets,59,103.0,0.364,1993
West,Team [Click for roster],Wins,,,1993
West,Atlanta Braves,104,58.0,0.642,1993
West,San Francisco Giants,103,59.0,0.636,1993
West,Houston Astros,85,77.0,0.525,1993
West,Los Angeles Dodgers,81,81.0,0.5,1993
West,Cincinnati Reds,73,89.0,0.451,1993
West,Colorado Rockies,67,95.0,0.414,1993
West,San Diego Padres,61,101.0,0.377,1993
National League Team Standings,National League Team Standings,National League Team Standings,,,1993
Base on Balls,Philadelphia,665,,,1993
Batting Average,San Francisco,.276,,,1993
Doubles,Philadelphia,297,,,1993
Hits,Philadelphia,1555,,,1993
Home Runs,Atlanta,169,,,1993
On Base Percentage,Philadelphia,.354,,,1993
Runs,Philadelphia,877,,,1993
Slugging Average,San Francisco,.427,,,1993
Stolen Bases,Montreal,228,,,1993
Triples,Colorado,59,,,1993
Complete Games,Philadelphia,24,,,1993
ERA,Atlanta,3.14,,,1993
Fewest Hits Allowed,Atlanta,1297,,,1993
Fewest Home Runs Allowed,Atlanta,101,,,1993
Fewest Walks Allowed,St. Louis,383,,,1993
Saves,Montreal,61,,,1993
Shutouts,Atlanta,16,,,1993
Strikeouts,Philadelphia,1117,,,1993
Base on Balls,Barry Bonds,San Francisco,74.0,,1994
Batting Average,Tony Gwynn,San Diego,0.394,,1994
Doubles,Craig Biggio,Houston,44.0,,1994
Doubles,Larry Walker,Montreal,44.0,,1994
Hits,Tony Gwynn,San Diego,165.0,,1994
Home Runs,Matt Williams,San Francisco,43.0,,1994
On Base Percentage,Jeff Bagwell,Houston,0.461,,1994
RBI,Jeff Bagwell,Houston,116.0,,1994
Runs,Jeff Bagwell,Houston,104.0,,1994
Slugging Average,Jeff Bagwell,Houston,0.75,,1994
Stolen Bases,Craig Biggio,Houston,39.0,,1994
Total Bases,Jeff Bagwell,Houston,300.0,,1994
Triples,Brett Butler,Los Angeles,9.0,,1994
Triples,Darren Lewis,San Francisco,9.0,,1994
Complete Games,Greg Maddux,Atlanta,10.0,,1994
ERA,Greg Maddux,Atlanta,1.56,,1994
Games,Steve Reed,Colorado,61.0,,1994
Saves,John Franco,New York,30.0,,1994
Shutouts,Greg Maddux,Atlanta,3.0,,1994
Shutouts,Ramon Martinez,Los Angeles,3.0,,1994
Strikeouts,Andy Benes,San Diego,189.0,,1994
Winning Percentage,Bret Saberhagen,New York,0.778,,1994
Wins,Ken Hill,Montreal,16.0,,1994
Wins,Greg Maddux,Atlanta,16.0,,1994
1994 National League Team Standings,1994 National League Team Standings,1994 National League Team Standings,,,1994
East,Team [Click for roster],Wins,,,1994
East,Montreal Expos,74,40.0,0.649,1994
East,Atlanta Braves,68,46.0,0.596,1994
East,New York Mets,55,58.0,0.487,1994
East,Philadelphia Phillies,54,61.0,0.47,1994
East,Florida Marlins,51,64.0,0.443,1994
Central,Team [Click for roster],Wins,,,1994
Central,Cincinnati Reds,66,48.0,0.579,1994
Central,Houston Astros,66,49.0,0.574,1994
Central,St. Louis Cardinals,53,61.0,0.465,1994
Central,Pittsburgh Pirates,53,61.0,0.465,1994
Central,Chicago Cubs,49,64.0,0.434,1994
West,Team [Click for roster],Wins,,,1994
West,Los Angeles Dodgers,58,56.0,0.509,1994
West,San Francisco Giants,55,60.0,0.478,1994
West,Colorado Rockies,53,64.0,0.453,1994
West,San Diego Padres,47,70.0,0.402,1994
National League Team Standings,National League Team Standings,National League Team Standings,,,1994
Base on Balls,St. Louis,434,,,1994
Batting Average,Cincinnati,.286,,,1994
Doubles,Houston,252,,,1994
Hits,Cincinnati,1142,,,1994
Home Runs,Atlanta,137,,,1994
On Base Percentage,Cincinnati,.353,,,1994
Runs,Cincinnati,609,,,1994
Slugging Average,Cincinnati,.449,,,1994
Stolen Bases,Montreal,137,,,1994
Triples,Colorado,39,,,1994
Complete Games,Atlanta,16,,,1994
ERA,Montreal,3.56,,,1994
Fewest Hits Allowed,Atlanta,929,,,1994
Fewest Home Runs Allowed,Atlanta,76,,,1994
Fewest Walks Allowed,Montreal,288,,,1994
Saves,Montreal,46,,,1994
Shutouts,Atlanta,8,,,1994
Shutouts,Montreal,8,,,1994
Strikeouts,Atlanta,865,,,1994
Base on Balls,Barry Bonds,San Francisco,120.0,,1995
Batting Average,Tony Gwynn,San Diego,0.368,,1995
Doubles,Mark Grace,Chicago,51.0,,1995
Hits,Dante Bichette,Colorado,197.0,,1995
Hits,Tony Gwynn,San Diego,197.0,,1995
Home Runs,Dante Bichette,Colorado,40.0,,1995
On Base Percentage,Barry Bonds,San Francisco,0.434,,1995
RBI,Dante Bichette,Colorado,128.0,,1995
Runs,Craig Biggio,Houston,123.0,,1995
Slugging Average,Dante Bichette,Colorado,0.62,,1995
Stolen Bases,Quilvio Veras,Florida,56.0,,1995
Total Bases,Dante Bichette,Colorado,359.0,,1995
Triples,Brett Butler,New York,9.0,,1995
Triples,Brett Butler,Los Angeles,9.0,,1995
Triples,Eric Young,Colorado,9.0,,1995
Complete Games,Greg Maddux,Atlanta,10.0,,1995
ERA,Greg Maddux,Atlanta,1.63,,1995
Games,Curt Leskanic,Colorado,76.0,,1995
Saves,Randy Myers,Chicago,38.0,,1995
Shutouts,Hideo Nomo,Los Angeles,3.0,,1995
Shutouts,Greg Maddux,Atlanta,3.0,,1995
Strikeouts,Hideo Nomo,Los Angeles,236.0,,1995
Winning Percentage,Greg Maddux,Atlanta,0.905,,1995
Wins,Greg Maddux,Atlanta,19.0,,1995
1995 National League Team Standings,1995 National League Team Standings,1995 National League Team Standings,,,1995
East,Team [Click for roster],Wins,,,1995
East,Atlanta Braves,90,54.0,0.625,1995
East,New York Mets,69,75.0,0.479,1995
East,Philadelphia Phillies,69,75.0,0.479,1995
East,Florida Marlins,67,76.0,0.469,1995
East,Montreal Expos,66,78.0,0.458,1995
Central,Team [Click for roster],Wins,,,1995
Central,Cincinnati Reds,85,59.0,0.59,1995
Central,Houston Astros,76,68.0,0.528,1995
Central,Chicago Cubs,73,71.0,0.507,1995
Central,St. Louis Cardinals,62,81.0,0.434,1995
Central,Pittsburgh Pirates,58,86.0,0.403,1995
West,Team [Click for roster],Wins,,,1995
West,Los Angeles Dodgers,78,66.0,0.542,1995
West,Colorado Rockies,77,67.0,0.535,1995
West,San Diego Padres,70,74.0,0.486,1995
West,San Francisco Giants,67,77.0,0.465,1995
National League Team Standings,National League Team Standings,National League Team Standings,,,1995
Base on Balls,Houston,566,,,1995
Batting Average,Colorado,.282,,,1995
Doubles,Cincinnati,277,,,1995
Hits,Colorado,1406,,,1995
Home Runs,Colorado,200,,,1995
On Base Percentage,Houston,.356,,,1995
Runs,Colorado,785,,,1995
Slugging Average,Colorado,.471,,,1995
Stolen Bases,Cincinnati,190,,,1995
Triples,Colorado,43,,,1995
Complete Games,Atlanta,18,,,1995
ERA,Atlanta,3.44,,,1995
Fewest Hits Allowed,Atlanta,1184,,,1995
Fewest Home Runs Allowed,Atlanta,107,,,1995
Fewest Walks Allowed,New York,401,,,1995
Saves,Chicago,45,,,1995
Shutouts,Chicago,12,,,1995
Strikeouts,Atlanta,1087,,,1995
Base on Balls,Barry Bonds,San Francisco,151.0,,1996
Batting Average,Tony Gwynn,San Diego,0.353,,1996
Doubles,Jeff Bagwell,Houston,48.0,,1996
Hits,Lance Johnson,New York,227.0,,1996
Home Runs,Andres Galarraga,Colorado,47.0,,1996
On Base Percentage,Gary Sheffield,Florida,0.469,,1996
RBI,Andres Galarraga,Colorado,150.0,,1996
Runs,Ellis Burks,Colorado,142.0,,1996
Slugging Average,Ellis Burks,Colorado,0.639,,1996
Stolen Bases,Eric Young,Colorado,53.0,,1996
Total Bases,Ellis Burks,Colorado,392.0,,1996
Triples,Lance Johnson,New York,21.0,,1996
Complete Games,Curt Schilling,Philadelphia,8.0,,1996
ERA,Kevin Brown,Florida,1.89,,1996
Games,Brad Clontz,Atlanta,81.0,,1996
Saves,Jeff Brantley,Cincinnati,44.0,,1996
Saves,Todd Worrell,Los Angeles,44.0,,1996
Shutouts,Kevin Brown,Florida,3.0,,1996
Strikeouts,John Smoltz,Atlanta,276.0,,1996
Winning Percentage,John Smoltz,Atlanta,0.75,,1996
Wins,John Smoltz,Atlanta,24.0,,1996
1996 National League Team Standings,1996 National League Team Standings,1996 National League Team Standings,,,1996
East,Team [Click for roster],Wins,,,1996
East,Atlanta Braves,96,66.0,0.593,1996
East,Montreal Expos,88,74.0,0.543,1996
East,Florida Marlins,80,82.0,0.494,1996
East,New York Mets,71,91.0,0.438,1996
East,Philadelphia Phillies,67,95.0,0.414,1996
Central,Team [Click for roster],Wins,,,1996
Central,St. Louis Cardinals,88,74.0,0.543,1996
Central,Houston Astros,82,80.0,0.506,1996
Central,Cincinnati Reds,81,81.0,0.5,1996
Central,Chicago Cubs,76,86.0,0.469,1996
Central,Pittsburgh Pirates,73,89.0,0.451,1996
West,Team [Click for roster],Wins,,,1996
West,San Diego Padres,91,71.0,0.562,1996
West,Los Angeles Dodgers,90,72.0,0.556,1996
West,Colorado Rockies,83,79.0,0.512,1996
West,San Francisco Giants,68,94.0,0.42,1996
National League Team Standings,National League Team Standings,National League Team Standings,,,1996
Base on Balls,San Francisco,615,,,1996
Batting Average,Colorado,.287,,,1996
Doubles,Pittsburgh,319,,,1996
Hits,Colorado,1607,,,1996
Home Runs,Colorado,221,,,1996
On Base Percentage,Colorado,.357,,,1996
Runs,Colorado,961,,,1996
Slugging Average,Colorado,.472,,,1996
Stolen Bases,Colorado,201,,,1996
Triples,New York,47,,,1996
Complete Games,Atlanta,14,,,1996
ERA,Los Angeles,3.46,,,1996
Fewest Hits Allowed,Montreal,1353,,,1996
Fewest Home Runs Allowed,Florida,113,,,1996
Fewest Walks Allowed,Atlanta,451,,,1996
Saves,Cincinnati,52,,,1996
Shutouts,Florida,13,,,1996
Strikeouts,Atlanta,1245,,,1996
Base on Balls,Barry Bonds,San Francisco,145.0,,1997
Batting Average,Tony Gwynn,San Diego,0.372,,1997
Doubles,Mark Grudzielanek,Montreal,54.0,,1997
Hits,Tony Gwynn,San Diego,220.0,,1997
Home Runs,Larry Walker,Colorado,49.0,,1997
On Base Percentage,Larry Walker,Colorado,0.455,,1997
RBI,Andres Galarraga,Colorado,140.0,,1997
Runs,Craig Biggio,Houston,146.0,,1997
Slugging Average,Larry Walker,Colorado,0.72,,1997
Stolen Bases,Tony Womack,Pittsburgh,60.0,,1997
Total Bases,Larry Walker,Colorado,409.0,,1997
Triples,Delino DeShields,St. Louis,14.0,,1997
Complete Games,Pedro Martinez,Montreal,13.0,,1997
ERA,Pedro Martinez,Montreal,1.9,,1997
Games,Julian Tavarez,San Francisco,89.0,,1997
Saves,Jeff Shaw,Cincinnati,42.0,,1997
Shutouts,Carlos Perez,Montreal,5.0,,1997
Strikeouts,Curt Schilling,Philadelphia,319.0,,1997
Winning Percentage,Greg Maddux,Atlanta,0.826,,1997
Wins,Denny Neagle,Atlanta,20.0,,1997
1997 National League Team Standings,1997 National League Team Standings,1997 National League Team Standings,,,1997
East,Team | Roster,Wins,,,1997
East,Atlanta Braves,101,61.0,0.623,1997
East,Florida Marlins,92,70.0,0.568,1997
East,New York Mets,88,74.0,0.543,1997
East,Montreal Expos,78,84.0,0.481,1997
East,Philadelphia Phillies,68,94.0,0.42,1997
Central,Team | Roster,Wins,,,1997
Central,Houston Astros,84,78.0,0.519,1997
Central,Pittsburgh Pirates,79,83.0,0.488,1997
Central,Cincinnati Reds,76,86.0,0.469,1997
Central,St. Louis Cardinals,73,89.0,0.451,1997
Central,Chicago Cubs,68,94.0,0.42,1997
West,Team | Roster,Wins,,,1997
West,San Francisco Giants,90,72.0,0.556,1997
West,Los Angeles Dodgers,88,74.0,0.543,1997
West,Colorado Rockies,83,79.0,0.512,1997
West,San Diego Padres,76,86.0,0.469,1997
National League Team Standings,National League Team Standings,National League Team Standings,,,1997
Base on Balls,Florida,686,,,1997
Batting Average,Colorado,.288,,,1997
Doubles,Montreal,339,,,1997
Hits,Colorado,1611,,,1997
Home Runs,Colorado,239,,,1997
On Base Percentage,Colorado,.359,,,1997
Runs,Colorado,923,,,1997
Slugging Average,Colorado,.478,,,1997
Stolen Bases,Cincinnati,190,,,1997
Triples,Pittsburgh,52,,,1997
Complete Games,Montreal,27,,,1997
ERA,Atlanta,3.18,,,1997
Fewest Hits Allowed,Atlanta,1319,,,1997
Fewest Home Runs Allowed,Atlanta,111,,,1997
Fewest Walks Allowed,Atlanta,450,,,1997
Saves,New York,49,,,1997
Shutouts,Atlanta,17,,,1997
Strikeouts,Los Angeles,1232,,,1997
Base on Balls,Mark McGwire,St. Louis,162.0,,1998
Batting Average,Larry Walker,Colorado,0.363,,1998
Doubles,Craig Biggio,Houston,51.0,,1998
Hits,Dante Bichette,Colorado,219.0,,1998
Home Runs,Mark McGwire,St. Louis,70.0,,1998
On Base Percentage,Mark McGwire,St. Louis,0.473,,1998
RBI,Sammy Sosa,Chicago,158.0,,1998
Runs,Sammy Sosa,Chicago,134.0,,1998
Slugging Average,Mark McGwire,St. Louis,0.752,,1998
Stolen Bases,Tony Womack,Pittsburgh,58.0,,1998
Total Bases,Sammy Sosa,Chicago,416.0,,1998
Triples,David Dellucci,Arizona,12.0,,1998
Complete Games,Curt Schilling,Philadelphia,15.0,,1998
ERA,Greg Maddux,Atlanta,2.22,,1998
Games,Rod Beck,Chicago,81.0,,1998
Saves,Trevor Hoffman,San Diego,53.0,,1998
Shutouts,Greg Maddux,Atlanta,5.0,,1998
Strikeouts,Curt Schilling,Philadelphia,300.0,,1998
Winning Percentage,John Smoltz,Atlanta,0.85,,1998
Wins,Tom Glavine,Atlanta,20.0,,1998
1998 National League Team Standings,1998 National League Team Standings,1998 National League Team Standings,,,1998
East,Team [Click for roster],Wins,,,1998
East,Atlanta Braves,106,56.0,0.654,1998
East,New York Mets,88,74.0,0.543,1998
East,Philadelphia Phillies,75,87.0,0.463,1998
East,Montreal Expos,65,97.0,0.401,1998
East,Florida Marlins,54,108.0,0.333,1998
Central,Team [Click for roster],Wins,,,1998
Central,Houston Astros,102,60.0,0.63,1998
Central,Chicago Cubs,90,73.0,0.552,1998
Central,St. Louis Cardinals,83,79.0,0.512,1998
Central,Cincinnati Reds,77,85.0,0.475,1998
Central,Milwaukee Brewers,74,88.0,0.457,1998
Central,Pittsburgh Pirates,69,93.0,0.426,1998
West,Team [Click for roster],Wins,,,1998
West,San Diego Padres,98,64.0,0.605,1998
West,San Francisco Giants,89,74.0,0.546,1998
West,Los Angeles Dodgers,83,79.0,0.512,1998
West,Colorado Rockies,77,85.0,0.475,1998
West,Arizona Diamondbacks,65,97.0,0.401,1998
National League Team Standings,National League Team Standings,National League Team Standings,,,1998
Base on Balls,San Francisco,678,,,1998
Batting Average,Colorado,.291,,,1998
Doubles,Colorado,333,,,1998
Hits,Colorado,1640,,,1998
Home Runs,St. Louis,223,,,1998
On Base Percentage,Houston,.359,,,1998
Runs,Houston,874,,,1998
Slugging Average,Colorado,.461,,,1998
Stolen Bases,Pittsburgh,159,,,1998
Triples,Arizona,46,,,1998
Complete Games,Atlanta,24,,,1998
ERA,Atlanta,3.25,,,1998
Fewest Hits Allowed,Atlanta,1291,,,1998
Fewest Home Runs Allowed,Atlanta,117,,,1998
Fewest Walks Allowed,Houston,465,,,1998
Saves,San Diego,59,,,1998
Shutouts,Atlanta,23,,,1998
Strikeouts,Atlanta,1232,,,1998
Base on Balls,Jeff Bagwell,Houston,149.0,,1999
Batting Average,Larry Walker,Colorado,0.379,,1999
Doubles,Craig Biggio,Houston,56.0,,1999
Hits,Luis Gonzalez,Arizona,206.0,,1999
Home Runs,Mark McGwire,St. Louis,65.0,,1999
On Base Percentage,Larry Walker,Colorado,0.458,,1999
RBI,Mark McGwire,St. Louis,147.0,,1999
Runs,Jeff Bagwell,Houston,143.0,,1999
Slugging Average,Larry Walker,Colorado,0.71,,1999
Stolen Bases,Tony Womack,Arizona,72.0,,1999
Total Bases,Sammy Sosa,Chicago,397.0,,1999
Triples,Bobby Abreu,Philadelphia,11.0,,1999
Triples,Neifi Perez,Colorado,11.0,,1999
Complete Games,Randy Johnson,Arizona,12.0,,1999
ERA,Randy Johnson,Arizona,2.48,,1999
Games,Steve Kline,Montreal,82.0,,1999
Saves,Ugueth Urbina,Montreal,41.0,,1999
Shutouts,Andy Ashby,San Diego,3.0,,1999
Strikeouts,Randy Johnson,Arizona,364.0,,1999
Winning Percentage,Mike Hampton,Houston,0.846,,1999
Wins,Mike Hampton,Houston,22.0,,1999
1999 National League Team Standings,1999 National League Team Standings,1999 National League Team Standings,,,1999
East,Team [Click for roster],Wins,,,1999
East,Atlanta Braves,103,59.0,0.636,1999
East,New York Mets,97,66.0,0.595,1999
East,Philadelphia Phillies,77,85.0,0.475,1999
East,Montreal Expos,68,94.0,0.42,1999
East,Florida Marlins,64,98.0,0.395,1999
Central,Team [Click for roster],Wins,,,1999
Central,Houston Astros,97,65.0,0.599,1999
Central,Cincinnati Reds,96,67.0,0.589,1999
Central,Pittsburgh Pirates,78,83.0,0.484,1999
Central,St. Louis Cardinals,75,86.0,0.466,1999
Central,Milwaukee Brewers,74,87.0,0.46,1999
Central,Chicago Cubs,67,95.0,0.414,1999
West,Team [Click for roster],Wins,,,1999
West,Arizona Diamondbacks,100,62.0,0.617,1999
West,San Francisco Giants,86,76.0,0.531,1999
West,Los Angeles Dodgers,77,85.0,0.475,1999
West,San Diego Padres,74,88.0,0.457,1999
West,Colorado Rockies,72,90.0,0.444,1999
National League Team Standings,National League Team Standings,National League Team Standings,,,1999
Base on Balls,Houston,728,,,1999
Batting Average,Colorado,.288,,,1999
Doubles,Montreal,320,,,1999
Hits,Colorado,1644,,,1999
Home Runs,Colorado,223,,,1999
On Base Percentage,New York,.363,,,1999
Runs,Arizona,908,,,1999
Slugging Average,Colorado,.472,,,1999
Stolen Bases,San Diego,174,,,1999
Triples,Montreal,47,,,1999
Complete Games,Arizona,16,,,1999
ERA,Atlanta,3.65,,,1999
Fewest Hits Allowed,Cincinnati,1309,,,1999
Fewest Home Runs Allowed,Houston,128,,,1999
Fewest Walks Allowed,Houston,478,,,1999
Saves,Cincinnati,55,,,1999
Shutouts,Houston,5,,,1999
Strikeouts,Houston,1204,,,1999
Base on Balls,Barry Bonds,San Francisco,117.0,,2000
Batting Average,Todd Helton,Colorado,0.372,,2000
Doubles,Todd Helton,Colorado,59.0,,2000
Hits,Todd Helton,Colorado,216.0,,2000
Home Runs,Sammy Sosa,Chicago,50.0,,2000
On Base Percentage,Todd Helton,Colorado,0.463,,2000
RBI,Todd Helton,Colorado,147.0,,2000
Runs,Jeff Bagwell,Houston,152.0,,2000
Slugging Average,Todd Helton,Colorado,0.698,,2000
Stolen Bases,Luis Castillo,Florida,62.0,,2000
Total Bases,Todd Helton,Colorado,405.0,,2000
Triples,Tony Womack,Arizona,14.0,,2000
Complete Games,Randy Johnson,Arizona,8.0,,2000
Complete Games,Curt Schilling,Philadelphia,8.0,,2000
Complete Games,Curt Schilling,Arizona,8.0,,2000
ERA,Kevin Brown,Los Angeles,2.58,,2000
Games,Steve Kline,St. Louis,83.0,,2000
Saves,Antonio Alfonseca,Florida,45.0,,2000
Shutouts,Greg Maddux,Atlanta,3.0,,2000
Shutouts,Randy Johnson,Arizona,3.0,,2000
Strikeouts,Randy Johnson,Arizona,347.0,,2000
Winning Percentage,Randy Johnson,Arizona,0.731,,2000
Wins,Tom Glavine,Atlanta,21.0,,2000
2000 National League Team Standings,2000 National League Team Standings,2000 National League Team Standings,,,2000
East,Team [Click for roster],Wins,,,2000
East,Atlanta Braves,95,67.0,0.586,2000
East,New York Mets,94,68.0,0.58,2000
East,Florida Marlins,79,82.0,0.491,2000
East,Montreal Expos,67,95.0,0.414,2000
East,Philadelphia Phillies,65,97.0,0.401,2000
Central,Team [Click for roster],Wins,,,2000
Central,St. Louis Cardinals,95,67.0,0.586,2000
Central,Cincinnati Reds,85,77.0,0.525,2000
Central,Milwaukee Brewers,73,89.0,0.451,2000
Central,Houston Astros,72,90.0,0.444,2000
Central,Pittsburgh Pirates,69,93.0,0.426,2000
Central,Chicago Cubs,65,97.0,0.401,2000
West,Team [Click for roster],Wins,,,2000
West,San Francisco Giants,97,65.0,0.599,2000
West,Los Angeles Dodgers,86,76.0,0.531,2000
West,Arizona Diamondbacks,85,77.0,0.525,2000
West,Colorado Rockies,82,80.0,0.506,2000
West,San Diego Padres,76,86.0,0.469,2000
National League Team Standings,National League Team Standings,National League Team Standings,,,2000
Base on Balls,San Francisco,709,,,2000
Batting Average,Colorado,.294,,,2000
Doubles,Colorado,320,,,2000
Hits,Colorado,1664,,,2000
Home Runs,Houston,249,,,2000
On Base Percentage,Colorado,.362,,,2000
Runs,Colorado,968,,,2000
Slugging Average,Houston,.477,,,2000
Stolen Bases,Florida,168,,,2000
Triples,Colorado,53,,,2000
Complete Games,Arizona,16,,,2000
ERA,Atlanta,4.06,,,2000
Fewest Hits Allowed,Los Angeles,1379,,,2000
Fewest Home Runs Allowed,San Francisco,151,,,2000
Fewest Walks Allowed,Atlanta,484,,,2000
Saves,Atlanta,53,,,2000
Shutouts,San Francisco,15,,,2000
Strikeouts,Arizona,1220,,,2000
Base on Balls,Barry Bonds,San Francisco,177.0,,2001
Batting Average,Larry Walker,Colorado,0.35,,2001
Doubles,Lance Berkman,Houston,55.0,,2001
Hits,Rich Aurilia,San Francisco,206.0,,2001
Home Runs,Barry Bonds,San Francisco,73.0,,2001
On Base Percentage,Barry Bonds,San Francisco,0.515,,2001
RBI,Sammy Sosa,Chicago,160.0,,2001
Runs,Sammy Sosa,Chicago,146.0,,2001
Slugging Average,Barry Bonds,San Francisco,0.863,,2001
Stolen Bases,Juan Pierre,Colorado,46.0,,2001
Stolen Bases,Jimmy Rollins,Philadelphia,46.0,,2001
Total Bases,Sammy Sosa,Chicago,425.0,,2001
Triples,Jimmy Rollins,Philadelphia,12.0,,2001
Complete Games,Curt Schilling,Arizona,6.0,,2001
ERA,Randy Johnson,Arizona,2.49,,2001
Games,Steve Kline,St. Louis,89.0,,2001
Saves,Robb Nen,San Francisco,45.0,,2001
Shutouts,Greg Maddux,Atlanta,3.0,,2001
Shutouts,Javier Vazquez,Montreal,3.0,,2001
Strikeouts,Randy Johnson,Arizona,372.0,,2001
Winning Percentage,Roy Oswalt,Houston,0.824,,2001
Wins,Curt Schilling,Arizona,22.0,,2001
Wins,Matt Morris,St. Louis,22.0,,2001
2001 National League Team Standings,2001 National League Team Standings,2001 National League Team Standings,,,2001
East,Team [Click for roster],Wins,,,2001
East,Atlanta Braves,88,74.0,0.543,2001
East,Philadelphia Phillies,86,76.0,0.531,2001
East,New York Mets,82,80.0,0.506,2001
East,Florida Marlins,76,86.0,0.469,2001
East,Montreal Expos,68,94.0,0.42,2001
Central,Team [Click for roster],Wins,,,2001
Central,Houston Astros,93,69.0,0.574,2001
Central,St. Louis Cardinals,93,69.0,0.574,2001
Central,Chicago Cubs,88,74.0,0.543,2001
Central,Milwaukee Brewers,68,94.0,0.42,2001
Central,Cincinnati Reds,66,96.0,0.407,2001
Central,Pittsburgh Pirates,62,100.0,0.383,2001
West,Team [Click for roster],Wins,,,2001
West,Arizona Diamondbacks,92,70.0,0.568,2001
West,San Francisco Giants,90,72.0,0.556,2001
West,Los Angeles Dodgers,86,76.0,0.531,2001
West,San Diego Padres,79,83.0,0.488,2001
West,Colorado Rockies,73,89.0,0.451,2001
National League Team Standings,National League Team Standings,National League Team Standings,,,2001
Base on Balls,San Diego,678,,,2001
Batting Average,Colorado,.292,,,2001
Doubles,Florida,325,,,2001
Hits,Colorado,1663,,,2001
Home Runs,San Francisco,235,,,2001
On Base Percentage,Colorado,.354,,,2001
Runs,Colorado,923,,,2001
Slugging Average,Colorado,.483,,,2001
Stolen Bases,Philadelphia,153,,,2001
Triples,Colorado,61,,,2001
Complete Games,Arizona,12,,,2001
ERA,Atlanta,3.59,,,2001
Fewest Hits Allowed,Arizona,1352,,,2001
Fewest Home Runs Allowed,San Francisco,145,,,2001
Fewest Walks Allowed,New York,438,,,2001
Saves,Houston,48,,,2001
Saves,New York,48,,,2001
Shutouts,New York,14,,,2001
Strikeouts,Chicago,1344,,,2001
Base on Balls,Barry Bonds,San Francisco,198.0,,2002
Batting Average,Barry Bonds,San Francisco,0.37,,2002
Doubles,Bobby Abreu,Philadelphia,50.0,,2002
Hits,Vladimir Guerrero,Montreal,206.0,,2002
Home Runs,Sammy Sosa,Chicago,49.0,,2002
On Base Percentage,Barry Bonds,San Francisco,0.582,,2002
RBI,Lance Berkman,Houston,128.0,,2002
Runs,Sammy Sosa,Chicago,122.0,,2002
Slugging Average,Barry Bonds,San Francisco,0.799,,2002
Stolen Bases,Luis Castillo,Florida,48.0,,2002
Total Bases,Vladimir Guerrero,Montreal,364.0,,2002
Triples,Jimmy Rollins,Philadelphia,10.0,,2002
Complete Games,Randy Johnson,Arizona,8.0,,2002
ERA,Randy Johnson,Arizona,2.32,,2002
Games,Paul Quantrill,Los Angeles,86.0,,2002
Saves,John Smoltz,Atlanta,55.0,,2002
Shutouts,A.J. Burnett,Florida,5.0,,2002
Strikeouts,Randy Johnson,Arizona,334.0,,2002
Winning Percentage,Randy Johnson,Arizona,0.828,,2002
Wins,Randy Johnson,Arizona,24.0,,2002
2002 National League Team Standings,2002 National League Team Standings,2002 National League Team Standings,,,2002
East,Team [Click for roster],Wins,,,2002
East,Atlanta Braves,101,59.0,0.631,2002
East,Montreal Expos,83,79.0,0.512,2002
East,Philadelphia Phillies,80,81.0,0.497,2002
East,Florida Marlins,79,83.0,0.488,2002
East,New York Mets,75,86.0,0.466,2002
Central,Team [Click for roster],Wins,,,2002
Central,St. Louis Cardinals,97,65.0,0.599,2002
Central,Houston Astros,84,78.0,0.519,2002
Central,Cincinnati Reds,78,84.0,0.481,2002
Central,Pittsburgh Pirates,72,89.0,0.447,2002
Central,Chicago Cubs,67,95.0,0.414,2002
Central,Milwaukee Brewers,56,106.0,0.346,2002
West,Team [Click for roster],Wins,,,2002
West,Arizona Diamondbacks,98,64.0,0.605,2002
West,San Francisco Giants,95,66.0,0.59,2002
West,Los Angeles Dodgers,92,70.0,0.568,2002
West,Colorado Rockies,73,89.0,0.451,2002
West,San Diego Padres,66,96.0,0.407,2002
National League Team Standings,National League Team Standings,National League Team Standings,,,2002
TEAM,G,AB,,,2002
Arizona,162,5508,819.0,1471.0,2002
Atlanta,161,5495,708.0,1428.0,2002
Chicago,162,5496,706.0,1351.0,2002
Cincinnati,162,5470,709.0,1386.0,2002
Colorado,162,5512,778.0,1508.0,2002
Florida,162,5496,699.0,1433.0,2002
Houston,162,5503,749.0,1441.0,2002
Los Angeles,162,5554,713.0,1464.0,2002
Milwaukee,162,5415,627.0,1369.0,2002
Montreal,162,5479,735.0,1432.0,2002
New York,161,5496,690.0,1409.0,2002
Philadelphia,161,5523,710.0,1428.0,2002
Pittsburgh,161,5330,641.0,1300.0,2002
San Diego,162,5515,662.0,1393.0,2002
San Francisco,162,5497,783.0,1465.0,2002
St. Louis,162,5505,787.0,1475.0,2002
TEAM,G,AB,,,2002
TEAM,W,L,,,2002
Arizona,98,64,3.92,14.0,2002
Atlanta,101,59,3.13,3.0,2002
Chicago,67,95,4.29,11.0,2002
Cincinnati,78,84,4.27,2.0,2002
Colorado,73,89,5.2,1.0,2002
Florida,79,83,4.36,11.0,2002
Houston,84,78,4.0,2.0,2002
Los Angeles,92,70,3.69,4.0,2002
Milwaukee,56,106,4.73,7.0,2002
Montreal,83,79,3.97,9.0,2002
New York,75,86,3.89,9.0,2002
Philadelphia,80,81,4.17,5.0,2002
Pittsburgh,72,89,4.23,2.0,2002
San Diego,66,96,4.62,5.0,2002
San Francisco,95,66,3.54,10.0,2002
St. Louis,97,65,3.7,4.0,2002
TEAM,W,L,,,2002
Base on Balls,Barry Bonds,San Francisco,148.0,,2003
Batting Average,Albert Pujols,St. Louis,0.359,,2003
Doubles,Albert Pujols,St. Louis,51.0,,2003
Hits,Albert Pujols,St. Louis,212.0,,2003
Home Runs,Jim Thome,Philadelphia,47.0,,2003
On Base Percentage,Barry Bonds,San Francisco,0.529,,2003
RBI,Preston Wilson,Colorado,141.0,,2003
Runs,Albert Pujols,St. Louis,137.0,,2003
Slugging Average,Barry Bonds,San Francisco,0.749,,2003
Stolen Bases,Juan Pierre,Florida,45.0,,2003
Total Bases,Albert Pujols,St. Louis,394.0,,2003
Triples,Steve Finley,Arizona,10.0,,2003
Triples,Rafael Furcal,Atlanta,10.0,,2003
Complete Games,Livan Hernandez,Montreal,8.0,,2003
ERA,Jason Schmidt,San Francisco,2.34,,2003
Games,Paul Quantrill,Los Angeles,89.0,,2003
Saves,Eric Gagne,Los Angeles,55.0,,2003
Shutouts,Kevin Millwood,Philadelphia,3.0,,2003
Shutouts,Matt Morris,St. Louis,3.0,,2003
Shutouts,Jason Schmidt,San Francisco,3.0,,2003
Strikeouts,Kerry Wood,Chicago,266.0,,2003
Winning Percentage,Jason Schmidt,San Francisco,0.773,,2003
Wins,Russ Ortiz,Atlanta,21.0,,2003
2003 National League Team Standings,2003 National League Team Standings,2003 National League Team Standings,,,2003
East,Team | Roster,Wins,,,2003
East,Atlanta Braves,101,61.0,0.623,2003
East,Florida Marlins,91,71.0,0.562,2003
East,Philadelphia Phillies,86,76.0,0.531,2003
East,Montreal Expos,83,79.0,0.512,2003
East,New York Mets,66,95.0,0.41,2003
Central,Team | Roster,Wins,,,2003
Central,Chicago Cubs,88,74.0,0.543,2003
Central,Houston Astros,87,75.0,0.537,2003
Central,St. Louis Cardinals,85,77.0,0.525,2003
Central,Pittsburgh Pirates,75,87.0,0.463,2003
Central,Cincinnati Reds,69,93.0,0.426,2003
Central,Milwaukee Brewers,68,94.0,0.42,2003
West,Team | Roster,Wins,,,2003
West,San Francisco Giants,100,61.0,0.621,2003
West,Los Angeles Dodgers,85,77.0,0.525,2003
West,Arizona Diamondbacks,84,78.0,0.519,2003
West,Colorado Rockies,74,88.0,0.457,2003
West,San Diego Padres,64,98.0,0.395,2003
National League Team Standings,National League Team Standings,National League Team Standings,,,2003
2003 N.L. Final Standings,2003 N.L. Final Standings,2003 N.L. Final Standings,,,2003
TEAM,G,AB,,,2003
Arizona,162,5570,717.0,1467.0,2003
Atlanta,162,5670,907.0,1608.0,2003
Chicago,162,5519,724.0,1431.0,2003
Cincinnati,162,5509,694.0,1349.0,2003
Colorado,162,5518,853.0,1472.0,2003
Florida,162,5490,751.0,1459.0,2003
Houston,162,5583,805.0,1466.0,2003
Los Angeles,162,5458,574.0,1328.0,2003
Milwaukee,162,5548,714.0,1423.0,2003
Montreal,162,5437,711.0,1404.0,2003
New York,161,5341,642.0,1317.0,2003
Philadelphia,162,5543,791.0,1448.0,2003
Pittsburgh,162,5581,753.0,1492.0,2003
San Diego,162,5531,678.0,1442.0,2003
San Francisco,161,5456,755.0,1440.0,2003
St. Louis,162,5672,876.0,1580.0,2003
Team,W,L,,,2003
Arizona,84,78,3.84,162.0,2003
Atlanta,101,61,4.1,162.0,2003
Chicago,88,74,3.83,162.0,2003
Cincinnati,69,93,5.09,162.0,2003
Colorado,74,88,5.2,162.0,2003
Florida,91,71,4.04,162.0,2003
Houston,87,75,3.86,162.0,2003
Los Angeles,85,77,3.16,162.0,2003
Milwaukee,68,94,5.02,162.0,2003
Montreal,83,79,4.01,162.0,2003
New York,66,95,4.48,161.0,2003
Philadelphia,86,76,4.04,162.0,2003
Pittsburgh,75,87,4.64,162.0,2003
San Diego,64,98,4.87,162.0,2003
San Francisco,100,61,3.73,161.0,2003
St. Louis,85,77,4.6,162.0,2003
Base on Balls,Barry Bonds,San Francisco,232.0,,2004
Batting Average,Barry Bonds,San Francisco,0.362,,2004
Doubles,Lyle Overbay,Milwaukee,53.0,,2004
Hits,Juan Pierre,Florida,221.0,,2004
Home Runs,Adrian Beltre,Los Angeles,48.0,,2004
On Base Percentage,Barry Bonds,San Francisco,0.609,,2004
RBI,Vinny Castilla,Colorado,131.0,,2004
Runs,Albert Pujols,St. Louis,133.0,,2004
Slugging Average,Barry Bonds,San Francisco,0.812,,2004
Stolen Bases,Scott Podsednik,Milwaukee,70.0,,2004
Total Bases,Albert Pujols,St. Louis,389.0,,2004
Triples,Juan Pierre,Florida,12.0,,2004
Triples,Jimmy Rollins,Philadelphia,12.0,,2004
Triples,Jack Wilson,Pittsburgh,12.0,,2004
Complete Games,Livan Hernandez,Montreal,9.0,,2004
ERA,Jake Peavy,San Diego,2.27,,2004
Games,Jim Brower,San Francisco,89.0,,2004
Saves,Armando Benitez,Florida,47.0,,2004
Saves,Jason Isringhausen,St. Louis,47.0,,2004
Shutouts,Cory Lidle,Philadelphia,3.0,,2004
Shutouts,Jason Schmidt,San Francisco,3.0,,2004
Strikeouts,Randy Johnson,Arizona,290.0,,2004
Winning Percentage,Roger Clemens,Houston,0.818,,2004
Wins,Roy Oswalt,Houston,20.0,,2004
2004 National League Team Standings,2004 National League Team Standings,2004 National League Team Standings,,,2004
East,Team [Click for roster],Wins,,,2004
East,Atlanta Braves,96,66.0,0.0,2004
East,Philadelphia Phillies,86,76.0,0.0,2004
East,Florida Marlins,83,79.0,0.0,2004
East,New York Mets,71,91.0,0.0,2004
East,Montreal Expos,67,95.0,0.0,2004
Central,Team [Click for roster],Wins,,,2004
Central,St. Louis Cardinals,105,57.0,0.0,2004
Central,Houston Astros,92,70.0,0.0,2004
Central,Chicago Cubs,89,73.0,0.0,2004
Central,Cincinnati Reds,76,86.0,0.0,2004
Central,Pittsburgh Pirates,72,89.0,0.0,2004
Central,Milwaukee Brewers,67,94.0,0.0,2004
West,Team [Click for roster],Wins,,,2004
West,Los Angeles Dodgers,93,69.0,0.0,2004
West,San Francisco Giants,91,71.0,0.0,2004
West,San Diego Padres,87,75.0,0.0,2004
West,Colorado Rockies,68,94.0,0.0,2004
West,Arizona Diamondbacks,51,111.0,0.0,2004
National League Team Standings,National League Team Standings,National League Team Standings,,,2004
Base on Balls,San Francisco,705,,,2004
Batting Average,St. Louis,.278,,,2004
Doubles,Colorado,331,,,2004
Hits,St. Louis,1544,,,2004
Home Runs,Chicago,235,,,2004
On Base Percentage,San Francisco,.357,,,2004
Runs,San Francisco,855,,,2004
Slugging Average,St. Louis,.460,,,2004
Stolen Bases,Milwaukee,138,,,2004
Triples,Pittsburgh,39,,,2004
Complete Games,Montreal,11,,,2004
ERA,Atlanta,3.74,,,2004
Fewest Hits Allowed,Chicago,1363,,,2004
Fewest Home Runs Allowed,Pittsburgh,149,,,2004
Fewest Walks Allowed,San Diego,422,,,2004
Saves,St. Louis,57,,,2004
Shutouts,Florida,14,,,2004
Strikeouts,Chicago,1346,,,2004
Base on Balls,Brian Giles,San Diego,119.0,,2005
Batting Average,Derrek Lee,Chicago,0.335,,2005
Doubles,Derrek Lee,Chicago,50.0,,2005
Hits,Derrek Lee,Chicago,199.0,,2005
Home Runs,Andruw Jones,Atlanta,51.0,,2005
On Base Percentage,Todd Helton,Colorado,0.445,,2005
RBI,Andruw Jones,Atlanta,128.0,,2005
Runs,Albert Pujols,St. Louis,129.0,,2005
Slugging Average,Derrek Lee,Chicago,0.662,,2005
Stolen Bases,Jose Reyes,New York,60.0,,2005
Total Bases,Derrek Lee,Chicago,393.0,,2005
Triples,Jose Reyes,New York,17.0,,2005
Complete Games,Chris Carpenter,St. Louis,7.0,,2005
Complete Games,Dontrelle Willis,Florida,7.0,,2005
ERA,Roger Clemens,Houston,1.87,,2005
Games,Scott Eyre,San Francisco,86.0,,2005
Saves,Chad Cordero,Washington,47.0,,2005
Shutouts,Dontrelle Willis,Florida,5.0,,2005
Strikeouts,Jake Peavy,San Diego,216.0,,2005
Winning Percentage,Chris Carpenter,St. Louis,0.808,,2005
Wins,Dontrelle Willis,Florida,22.0,,2005
2005 National League Team Standings,2005 National League Team Standings,2005 National League Team Standings,,,2005
East,Team [Click for roster],Wins,,,2005
East,Atlanta Braves,90,72.0,0.0,2005
East,Philadelphia Phillies,88,74.0,0.0,2005
East,Florida Marlins,83,79.0,0.0,2005
East,New York Mets,83,79.0,0.0,2005
East,Washington Nationals,81,81.0,0.0,2005
Central,Team [Click for roster],Wins,,,2005
Central,St. Louis Cardinals,100,62.0,0.0,2005
Central,Houston Astros,89,73.0,0.0,2005
Central,Milwaukee Brewers,81,81.0,0.0,2005
Central,Chicago Cubs,79,83.0,0.0,2005
Central,Cincinnati Reds,73,89.0,0.0,2005
Central,Pittsburgh Pirates,67,95.0,0.0,2005
West,Team [Click for roster],Wins,,,2005
West,San Diego Padres,82,80.0,0.0,2005
West,Arizona Diamondbacks,77,85.0,0.0,2005
West,San Francisco Giants,75,87.0,0.0,2005
West,Los Angeles Dodgers,71,91.0,0.0,2005
West,Colorado Rockies,67,95.0,0.0,2005
Base on Balls,Barry Bonds,San Francisco,115.0,,2006
Batting Average,Freddy Sanchez,Pittsburgh,0.344,,2006
Doubles,Freddy Sanchez,Pittsburgh,53.0,,2006
Hits,Juan Pierre,Chicago,204.0,,2006
Home Runs,Ryan Howard,Philadelphia,58.0,,2006
On Base Percentage,Barry Bonds *,San Francisco,0.454,,2006
RBI,Ryan Howard,Philadelphia,149.0,,2006
Runs,Chase Utley,Philadelphia,131.0,,2006
Slugging Average,Albert Pujols,St. Louis,0.671,,2006
Stolen Bases,Jose Reyes,New York,64.0,,2006
Total Bases,Ryan Howard,Philadelphia,383.0,,2006
Triples,Jose Reyes,New York,17.0,,2006
2006 A.L. | N.L. Retirements | N.L. Rookies | Year-by-Year,2006 A.L. | N.L. Retirements | N.L. Rookies | Year-by-Year,2006 A.L. | N.L. Retirements | N.L. Rookies | Year-by-Year,,,2006
Complete Games,Aaron Harang,Cincinnati,6.0,,2006
ERA,Roy Oswalt,Houston,2.98,,2006
Games,Salomon Torres,Pittsburgh,94.0,,2006
Saves,Trevor Hoffman,San Diego,46.0,,2006
Shutouts,Chris Carpenter,St. Louis,3.0,,2006
Shutouts,Brandon Webb,Arizona,3.0,,2006
Strikeouts,Aaron Harang,Cincinnati,216.0,,2006
Winning Percentage,Carlos Zambrano,Chicago,0.696,,2006
Wins,Aaron Harang,Cincinnati,16.0,,2006
Wins,Derek Lowe,Los Angeles,16.0,,2006
Wins,Brad Penny,Los Angeles,16.0,,2006
Wins,John Smoltz,Atlanta,16.0,,2006
Wins,Brandon Webb,Arizona,16.0,,2006
Wins,Carlos Zambrano,Chicago,16.0,,2006
2006 A.L. | N.L. Retirements | N.L. Rookies | Year-by-Year,2006 A.L. | N.L. Retirements | N.L. Rookies | Year-by-Year,2006 A.L. | N.L. Retirements | N.L. Rookies | Year-by-Year,,,2006
East,Team | Roster,Wins,,,2006
East,New York Mets,97,65.0,0.0,2006
East,Philadelphia Phillies,85,77.0,0.0,2006
East,Atlanta Braves,79,83.0,0.0,2006
East,Florida Marlins,78,84.0,0.0,2006
East,Washington Nationals,71,91.0,0.0,2006
Central,Team | Roster,Wins,,,2006
Central,St. Louis Cardinals,83,78.0,0.0,2006
Central,Houston Astros,82,80.0,0.0,2006
Central,Cincinnati Reds,80,82.0,0.0,2006
Central,Milwaukee Brewers,75,87.0,0.0,2006
Central,Pittsburgh Pirates,67,95.0,0.0,2006
Central,Chicago Cubs,66,96.0,0.0,2006
West,Team | Roster,Wins,,,2006
West,San Diego Padres,88,74.0,0.0,2006
West,Los Angeles Dodgers,88,74.0,0.0,2006
West,San Francisco Giants,76,85.0,0.0,2006
West,Arizona Diamondbacks,76,86.0,0.0,2006
West,Colorado Rockies,76,86.0,0.0,2006
N.L.,Team | Roster,Wins,,,2006
2006 National League Final Standings,2006 National League Final Standings,2006 National League Final Standings,,,2006
Base on Balls,Barry Bonds,San Francisco,132.0,,2007
Batting Average,Matt Holliday,Colorado,0.34,,2007
Doubles,Matt Holliday,Colorado,50.0,,2007
Hits,Matt Holliday,Colorado,216.0,,2007
Home Runs,Prince Fielder,Milwaukee,50.0,,2007
On Base Percentage,Todd Helton,Colorado,0.434,,2007
RBI,Matt Holliday,Colorado,137.0,,2007
Runs,Jimmy Rollins,Philadelphia,139.0,,2007
Slugging Average,Prince Fielder,Milwaukee,0.618,,2007
Stolen Bases,Jose Reyes,New York,78.0,,2007
Total Bases,Matt Holliday,Colorado,386.0,,2007
Triples,Jimmy Rollins,Philadelphia,20.0,,2007
2007 A.L. | N.L. Retirements | N.L. Rookies | Year-by-Year,2007 A.L. | N.L. Retirements | N.L. Rookies | Year-by-Year,2007 A.L. | N.L. Retirements | N.L. Rookies | Year-by-Year,,,2007
Complete Games,Brandon Webb,Arizona,4.0,,2007
ERA,Jake Peavy,San Diego,2.54,,2007
Games,Jon Rauch,Washington,88.0,,2007
Saves,Jose Valverde,Arizona,47.0,,2007
Shutouts,Brandon Webb,Arizona,3.0,,2007
Strikeouts,Jake Peavy,San Diego,240.0,,2007
Winning Percentage,Brad Penny,Los Angeles,0.8,,2007
Wins,Jake Peavy,San Diego,19.0,,2007
2007 A.L. | N.L. Retirements | N.L. Rookies | Year-by-Year,2007 A.L. | N.L. Retirements | N.L. Rookies | Year-by-Year,2007 A.L. | N.L. Retirements | N.L. Rookies | Year-by-Year,,,2007
East,Team | Roster,Wins,,,2007
East,Philadelphia Phillies,89,73.0,0.0,2007
East,New York Mets,88,74.0,0.0,2007
East,Atlanta Braves,84,78.0,0.0,2007
East,Washington Nationals,73,89.0,0.0,2007
East,Florida Marlins,71,91.0,0.0,2007
Central,Team | Roster,Wins,,,2007
Central,Chicago Cubs,85,77.0,0.0,2007
Central,Milwaukee Brewers,83,79.0,0.0,2007
Central,St. Louis Cardinals,78,84.0,0.0,2007
Central,Houston Astros,73,89.0,0.0,2007
Central,Cincinnati Reds,72,90.0,0.0,2007
Central,Pittsburgh Pirates,68,94.0,0.0,2007
West,Team | Roster,Wins,,,2007
West,Arizona Diamondbacks,90,72.0,0.0,2007
West,Colorado Rockies,90,73.0,0.0,2007
West,San Diego Padres,89,74.0,0.0,2007
West,Los Angeles Dodgers,82,80.0,0.0,2007
West,San Francisco Giants,71,91.0,0.0,2007
N.L.,Team | Roster,Wins,,,2007
2007 National League Final Standings,2007 National League Final Standings,2007 National League Final Standings,,,2007
Base on Balls,Adam Dunn,Arizona,122.0,,2008
Batting Average,Chipper Jones,Atlanta,0.364,,2008
Doubles,Lance Berkman,Houston,46.0,,2008
Doubles,Nate McLouth,Pittsburgh,46.0,,2008
Hits,Jose Reyes,New York,204.0,,2008
Home Runs,Ryan Howard,Philadelphia,48.0,,2008
On Base Percentage,Chipper Jones,Atlanta,0.47,,2008
RBI,Ryan Howard,Philadelphia,146.0,,2008
Runs,Hanley Ramirez,Florida,125.0,,2008
Slugging Average,Albert Pujols,St. Louis,0.653,,2008
Stolen Bases,Willy Taveras,Colorado,68.0,,2008
Total Bases,Albert Pujols,St. Louis,342.0,,2008
Triples,Jose Reyes,New York,19.0,,2008
2008 A.L. | N.L. Retirements | N.L. Rookies | Year-by-Year,2008 A.L. | N.L. Retirements | N.L. Rookies | Year-by-Year,2008 A.L. | N.L. Retirements | N.L. Rookies | Year-by-Year,,,2008
Complete Games,C.C. Sabathia,Milwaukee,7.0,,2008
ERA,Johan Santana,New York,2.53,,2008
Games,Pedro Feliciano,New York,86.0,,2008
Saves,Jose Valverde,Houston,44.0,,2008
Shutouts,C.C. Sabathia,Milwaukee,3.0,,2008
Shutouts,Ben Sheets,Milwaukee,3.0,,2008
Strikeouts,Tim Lincecum,San Francisco,265.0,,2008
Winning Percentage,Tim Lincecum,San Francisco,0.783,,2008
Wins,Brandon Webb,Arizona,22.0,,2008
2008 A.L. | N.L. Retirements | N.L. Rookies | Year-by-Year,2008 A.L. | N.L. Retirements | N.L. Rookies | Year-by-Year,2008 A.L. | N.L. Retirements | N.L. Rookies | Year-by-Year,,,2008
East,Team | Roster,Wins,,,2008
East,Philadelphia Phillies,92,70.0,0.0,2008
East,New York Mets,89,73.0,0.0,2008
East,Florida Marlins,84,77.0,0.0,2008
East,Atlanta Braves,72,90.0,0.0,2008
East,Washington Nationals,59,102.0,0.0,2008
Central,Team | Roster,Wins,,,2008
Central,Chicago Cubs,97,64.0,0.0,2008
Central,Milwaukee Brewers,90,72.0,0.0,2008
Central,Houston Astros,86,75.0,0.0,2008
Central,St. Louis Cardinals,86,76.0,0.0,2008
Central,Cincinnati Reds,74,88.0,0.0,2008
Central,Pittsburgh Pirates,67,95.0,0.0,2008
West,Team | Roster,Wins,,,2008
West,Los Angeles Dodgers,84,78.0,0.0,2008
West,Arizona Diamondbacks,82,80.0,0.0,2008
West,Colorado Rockies,74,88.0,0.0,2008
West,San Francisco Giants,72,90.0,0.0,2008
West,San Diego Padres,63,99.0,0.0,2008
N.L.,Team | Roster,Wins,,,2008
2008 National League Final Standings,2008 National League Final Standings,2008 National League Final Standings,,,2008
Base on Balls,Adrian Gonzalez,San Diego,119.0,,2009
Batting Average,Hanley Ramirez,Florida,0.342,,2009
Doubles,Miguel Tejada,Houston,46.0,,2009
Hits,Ryan Braun,Milwaukee,203.0,,2009
Home Runs,Albert Pujols,St. Louis,47.0,,2009
On Base Percentage,Albert Pujols,St. Louis,0.443,,2009
RBI,Prince Fielder,Milwaukee,141.0,,2009
RBI,Ryan Howard,Philadelphia,141.0,,2009
Runs,Albert Pujols,St. Louis,124.0,,2009
Slugging Average,Albert Pujols,St. Louis,0.658,,2009
Stolen Bases,Michael Bourn,Houston,61.0,,2009
Total Bases,Albert Pujols,St. Louis,374.0,,2009
Triples,Shane Victorino,Philadelphia,13.0,,2009
Complete Games,Matt Cain,San Francisco,4.0,,2009
Complete Games,Tim Lincecum,San Francisco,4.0,,2009
ERA,Chris Carpenter,St. Louis,2.24,,2009
Games,Pedro Feliciano,New York,88.0,,2009
Saves,Heath Bell,San Diego,42.0,,2009
Shutouts,Bronson Arroyo,Cincinnati,2.0,,2009
Shutouts,Cole Hamels,Philadelphia,2.0,,2009
Shutouts,J.A. Happ,Philadelphia,2.0,,2009
Shutouts,Tim Lincecum,San Francisco,2.0,,2009
Shutouts,Joel Pineiro,St. Louis,2.0,,2009
Strikeouts,Tim Lincecum,San Francisco,261.0,,2009
Winning Percentage,Chris Carpenter,St. Louis,0.81,,2009
Wins,Adam Wainwright,St. Louis,19.0,,2009
2009 National League Team Standings,2009 National League Team Standings,2009 National League Team Standings,,,2009
East,Team [Click for roster],Wins,,,2009
East,Philadelphia Phillies,93,69.0,0.0,2009
East,Florida Marlins,87,75.0,0.0,2009
East,Atlanta Braves,86,76.0,0.0,2009
East,New York Mets,70,92.0,0.0,2009
East,Washington Nationals,59,103.0,0.0,2009
Central,Team [Click for roster],Wins,,,2009
Central,St. Louis Cardinals,91,71.0,0.0,2009
Central,Chicago Cubs,83,78.0,0.0,2009
Central,Milwaukee Brewers,80,82.0,0.0,2009
Central,Cincinnati Reds,78,84.0,0.0,2009
Central,Houston Astros,74,88.0,0.0,2009
Central,Pittsburgh Pirates,62,99.0,0.0,2009
West,Team [Click for roster],Wins,,,2009
West,Los Angeles Dodgers,95,67.0,0.0,2009
West,Colorado Rockies,92,70.0,0.0,2009
West,San Francisco Giants,88,74.0,0.0,2009
West,San Diego Padres,75,87.0,0.0,2009
West,Arizona Diamondbacks,70,92.0,0.0,2009
2009 National League Final Standings,2009 National League Final Standings,2009 National League Final Standings,,,2009
Base on Balls,Prince Fielder,Milwaukee,114.0,,2010
Batting Average,Carlos Gonzalez,Colorado,0.336,,2010
Doubles,Jayson Werth,Philadelphia,46.0,,2010
Hits,Carlos Gonzalez,Colorado,197.0,,2010
Home Runs,Albert Pujols,St. Louis,42.0,,2010
On Base Percentage,Joey Votto,Cincinnati,0.424,,2010
RBI,Albert Pujols,St. Louis,118.0,,2010
Runs,Albert Pujols,St. Louis,115.0,,2010
Slugging Average,Joey Votto,Cincinnati,0.6,,2010
Stolen Bases,Michael Bourn,Houston,52.0,,2010
Total Bases,Carlos Gonzalez,Colorado,351.0,,2010
Triples,Dexter Fowler,Colorado,14.0,,2010
Complete Games,Roy Hallady,Philadelphia,9.0,,2010
ERA,Josh Johnson,Florida,2.3,,2010
Games,Pedro Feliciano,New York,92.0,,2010
Saves,Brian Wilson,San Francisco,48.0,,2010
Shutouts,Roy Hallady,Philadelphia,4.0,,2010
Strikeouts,Tim Lincecum,San Francisco,231.0,,2010
Winning Percentage,Ubaldo Jimenez,Colorado,0.704,,2010
Wins,Roy Hallady,Philadelphia,21.0,,2010
2010 National League Team Standings,2010 National League Team Standings,2010 National League Team Standings,,,2010
East,Team [Click for roster],Wins,,,2010
East,Philadelphia Phillies,97,65.0,0.0,2010
East,Atlanta Braves,91,71.0,0.0,2010
East,Florida Marlins,80,82.0,0.0,2010
East,New York Mets,79,83.0,0.0,2010
East,Washington Nationals,69,93.0,0.0,2010
Central,Team [Click for roster],Wins,,,2010
Central,Cincinnati Reds,91,71.0,0.0,2010
Central,St. Louis Cardinals,86,76.0,0.0,2010
Central,Milwaukee Brewers,77,85.0,0.0,2010
Central,Houston Astros,76,86.0,0.0,2010
Central,Chicago Cubs,75,87.0,0.0,2010
Central,Pittsburgh Pirates,57,105.0,0.0,2010
West,Team [Click for roster],Wins,,,2010
West,San Francisco Giants,92,70.0,0.0,2010
West,San Diego Padres,90,72.0,0.0,2010
West,Colorado Rockies,83,79.0,0.0,2010
West,Los Angeles Dodgers,80,82.0,0.0,2010
West,Arizona Diamondbacks,65,97.0,0.0,2010
2010 National League Final Standings,2010 National League Final Standings,2010 National League Final Standings,,,2010
Base on Balls,Joey Votto,Cincinnati,110.0,,2011
Batting Average,Jose Reyes,New York,0.337,,2011
Doubles,Joey Votto,Cincinnati,40.0,,2011
Hits,Starlin Castro,Chicago,207.0,,2011
Home Runs,Matt Kemp,Los Angeles,39.0,,2011
On Base Percentage,Joey Votto,Cincinnati,0.416,,2011
RBI,Matt Kemp,Los Angeles,126.0,,2011
Runs,Matt Kemp,Los Angeles,115.0,,2011
Slugging Average,Ryan Braun,Milwaukee,0.597,,2011
Stolen Bases,Michael Bourn,Houston / Atlanta,61.0,,2011
Total Bases,Matt Kemp,Los Angeles,353.0,,2011
Triples,Jose Reyes,New York,16.0,,2011
Triples,Shane Victorino,Philadelphia,16.0,,2011
Complete Games,Roy Halladay,Philadelphia,8.0,,2011
ERA,Clayton Kershaw,Los Angeles,2.28,,2011
Games,Jonny Venters,Atlanta,85.0,,2011
Saves,John Axford,Milwaukee,46.0,,2011
Saves,Craig Kimbrel,Atlanta,46.0,,2011
Shutouts,Cliff Lee,Philadelphia,6.0,,2011
Strikeouts,Clayton Kershaw,Los Angeles,248.0,,2011
Winning Percentage,Ian Kennedy,Arizona,0.84,,2011
Wins,Ian Kennedy,Arizona,21.0,,2011
Wins,Clayton Kershaw,Los Angeles,21.0,,2011
2011 National League Team Standings,2011 National League Team Standings,2011 National League Team Standings,,,2011
East,Team | Roster,Wins,,,2011
East,Philadelphia Phillies,102,60.0,0.0,2011
East,Atlanta Braves,89,73.0,0.0,2011
East,Washington Nationals,80,81.0,0.0,2011
East,New York Mets,77,85.0,0.0,2011
East,Florida Marlins,72,90.0,0.0,2011
Central,Team | Roster,Wins,,,2011
Central,Milwaukee Brewers,96,66.0,0.0,2011
Central,St. Louis Cardinals,90,72.0,0.0,2011
Central,Cincinnati Reds,79,83.0,0.0,2011
Central,Pittsburgh Pirates,72,90.0,0.0,2011
Central,Chicago Cubs,71,91.0,0.0,2011
Central,Houston Astros,56,106.0,0.0,2011
West,Team | Roster,Wins,,,2011
West,Arizona Diamondbacks,94,68.0,0.0,2011
West,San Francisco Giants,86,76.0,0.0,2011
West,Los Angeles Dodgers,82,79.0,0.0,2011
West,Colorado Rockies,73,89.0,0.0,2011
West,San Diego Padres,71,91.0,0.0,2011
2011 National League Final Standings,2011 National League Final Standings,2011 National League Final Standings,,,2011
Base on Balls,Dan Uggla,Atlanta,94.0,,2012
Base on Balls,Joey Votto,Cincinnati,94.0,,2012
Batting Average,Buster Posey *,San Francisco,0.336,,2012
Doubles,Aramis Ramirez,Milwaukee,50.0,,2012
Hits,Andrew McCutchen,Pittsburgh,194.0,,2012
Home Runs,Ryan Braun,Milwaukee,41.0,,2012
On Base Percentage,Joey Votto,Cincinnati,0.474,,2012
RBI,Chase Headley,San Diego,115.0,,2012
Runs,Ryan Braun,Milwaukee,108.0,,2012
Slugging Average,Mike Stanton,Miami,0.608,,2012
Stolen Bases,Everth Cabrera,San Diego,44.0,,2012
Total Bases,Ryan Braun,Milwaukee,356.0,,2012
Triples,Angel Pagan,San Francisco,15.0,,2012
2012 A.L. | N.L. Retirements | N.L. Rookies | Year-by-Year,2012 A.L. | N.L. Retirements | N.L. Rookies | Year-by-Year,2012 A.L. | N.L. Retirements | N.L. Rookies | Year-by-Year,,,2012
Complete Games,R.A. Dickey,New York,5.0,,2012
ERA,Clayton Kershaw,Los Angeles,2.53,,2012
Games,Matt Belisle,Colorado,80.0,,2012
Games,Shawn Camp,Chicago,80.0,,2012
Games,Randy Choate,Miami / Los Angeles,80.0,,2012
Saves,Craig Kimbrel,Atlanta,42.0,,2012
Saves,Jason Motte,St. Louis,42.0,,2012
Shutouts,R.A. Dickey,New York,3.0,,2012
Strikeouts,R.A. Dickey,New York,230.0,,2012
Winning Percentage,Kyle Lohse,St. Louis,0.842,,2012
Wins,Gio Gonzalez,Washington,21.0,,2012
2012 A.L. | N.L. Retirements | N.L. Rookies | Year-by-Year,2012 A.L. | N.L. Retirements | N.L. Rookies | Year-by-Year,2012 A.L. | N.L. Retirements | N.L. Rookies | Year-by-Year,,,2012
East,Team | Roster,W,,,2012
East,Washington Nationals,98,64.0,0.0,2012
East,Atlanta Braves,94,68.0,0.0,2012
East,Philadelphia Phillies,81,81.0,0.0,2012
East,New York Mets,74,88.0,0.0,2012
East,Miami Marlins,69,93.0,0.0,2012
Central,Team | Roster,W,,,2012
Central,Cincinnati Reds,97,65.0,0.0,2012
Central,St. Louis Cardinals,88,74.0,0.0,2012
Central,Milwaukee Brewers,83,79.0,0.0,2012
Central,Pittsburgh Pirates,79,83.0,0.0,2012
Central,Chicago Cubs,61,101.0,0.0,2012
Central,Houston Astros,55,107.0,0.0,2012
West,Team | Roster,W,,,2012
West,San Francisco Giants,94,68.0,0.0,2012
West,Los Angeles Dodgers,86,76.0,0.0,2012
West,Arizona Diamondbacks,81,81.0,0.0,2012
West,San Diego Padres,76,86.0,0.0,2012
West,Colorado Rockies,64,98.0,0.0,2012
N.L.,Team | Roster,W,,,2012
2012 National League Final Standings,2012 National League Final Standings,2012 National League Final Standings,,,2012
Base on Balls,Joey Votto,Cincinnati,135.0,,2013
Batting Average,Michael Cuddyer,Colorado,0.331,,2013
Doubles,Matt Carpenter,St. Louis,55.0,,2013
Hits,Matt Carpenter,St. Louis,199.0,,2013
Home Runs,Pedro Alvarez,Pittsburgh,36.0,,2013
Home Runs,Paul Goldschmidt,Arizona,36.0,,2013
On Base Percentage,Joey Votto,Cincinnati,0.435,,2013
RBI,Paul Goldschmidt,Arizona,125.0,,2013
Runs,Matt Carpenter,St. Louis,126.0,,2013
Slugging Average,Paul Goldschmidt,Arizona,0.552,,2013
Stolen Bases,Eric Young,Colorado / New York,46.0,,2013
Total Bases,Paul Goldschmidt,Arizona,332.0,,2013
Triples,Denard Span,Washington,11.0,,2013
Complete Games,Adam Wainwright,St. Louis,4.0,,2013
Complete Games,Jordan Zimmermann,Washington,4.0,,2013
ERA,Clayton Kershaw,Los Angeles,1.83,,2013
Games,Brad Ziegler,Arizona,78.0,,2013
Saves,Craig Kimbrel,Atlanta,50.0,,2013
Shutouts,Clayton Kershaw,Los Angeles,3.0,,2013
Shutouts,Adam Wainwright,St. Louis,3.0,,2013
Shutouts,Jordan Zimmermann,Washington,3.0,,2013
Strikeouts,Clayton Kershaw,Los Angeles,232.0,,2013
Winning Percentage,Zack Greinke,Los Angeles,0.789,,2013
Wins,Adam Wainwright,St. Louis,19.0,,2013
Wins,Jordan Zimmermann,Washington,19.0,,2013
2013 National League Team Standings,2013 National League Team Standings,2013 National League Team Standings,,,2013
East,Team [Click for roster],Wins,,,2013
East,Atlanta Braves,96,66.0,0.0,2013
East,Washington Nationals,86,76.0,0.0,2013
East,New York Mets,74,88.0,0.0,2013
East,Philadelphia Phillies,73,89.0,0.0,2013
East,Miami Marlins,62,100.0,0.0,2013
Central,Team [Click for roster],Wins,,,2013
Central,St. Louis Cardinals,97,65.0,0.0,2013
Central,Pittsburgh Pirates,94,68.0,0.0,2013
Central,Cincinnati Reds,90,72.0,0.0,2013
Central,Milwaukee Brewers,74,88.0,0.0,2013
Central,Chicago Cubs,66,96.0,0.0,2013
West,Team [Click for roster],Wins,,,2013
West,Los Angeles Dodgers,92,70.0,0.0,2013
West,Arizona Diamondbacks,81,81.0,0.0,2013
West,San Diego Padres,76,86.0,0.0,2013
West,San Francisco Giants,76,86.0,0.0,2013
West,Colorado Rockies,74,88.0,0.0,2013
2013 National League Final Standings,2013 National League Final Standings,2013 National League Final Standings,,,2013
Base on Balls,Matt Carpenter,St. Louis,95.0,,2014
Batting Average,Justin Morneau,Colorado,0.319,,2014
Doubles,Jonathan Lucroy,Milwaukee,53.0,,2014
Hits,Ben Revere,Philadelphia,184.0,,2014
Hits,Denard Span,Washington,184.0,,2014
Home Runs,Giancarlo Stanton,Miami,37.0,,2014
On Base Percentage,Andrew McCutchen,Pittsburgh,0.41,,2014
RBI,Adrian Gonzalez,Los Angeles,116.0,,2014
Runs,Anthony Rendon,Washington,111.0,,2014
Slugging Average,Giancarlo Stanton,Miami,0.555,,2014
Stolen Bases,Dee Strange-Gordon,Los Angeles,64.0,,2014
Total Bases,Giancarlo Stanton,Miami,299.0,,2014
Triples,Dee Strange-Gordon,Los Angeles,12.0,,2014
2014 N.L. History | 2014 A.L. History | Year-by-Year History,2014 N.L. History | 2014 A.L. History | Year-by-Year History,2014 N.L. History | 2014 A.L. History | Year-by-Year History,,,2014
Complete Games,Clayton Kershaw,Los Angeles,6.0,,2014
ERA,Clayton Kershaw,Los Angeles,1.77,,2014
Games,Will Smith,Milwaukee,78.0,,2014
Games,Tony Watson,Pittsburgh,78.0,,2014
Saves,Craig Kimbrel,Atlanta,47.0,,2014
Shutouts,Henderson Alvarez,Miami,4.0,,2014
Strikeouts,Johnny Cueto,Cincinnati,242.0,,2014
Strikeouts,Stephen Strasburg,Washington,242.0,,2014
Winning Percentage,Clayton Kershaw,Los Angeles,0.875,,2014
Wins,Clayton Kershaw,Los Angeles,21.0,,2014
2014 N.L. History | 2014 A.L. History | Year-by-Year History,2014 N.L. History | 2014 A.L. History | Year-by-Year History,2014 N.L. History | 2014 A.L. History | Year-by-Year History,,,2014
East,Team | Roster,W,,,2014
East,Washington Nationals,96,66.0,0.0,2014
East,Atlanta Braves,79,83.0,0.0,2014
East,New York Mets,79,83.0,0.0,2014
East,Miami Marlins,77,85.0,0.0,2014
East,Philadelphia Phillies,73,89.0,0.0,2014
Central,Team | Roster,W,,,2014
Central,St. Louis Cardinals,90,72.0,0.0,2014
Central,Pittsburgh Pirates,88,74.0,0.0,2014
Central,Milwaukee Brewers,82,80.0,0.0,2014
Central,Cincinnati Reds,76,86.0,0.0,2014
Central,Chicago Cubs,73,89.0,0.0,2014
West,Team | Roster,W,,,2014
West,Los Angeles Dodgers,94,68.0,0.0,2014
West,San Francisco Giants,88,74.0,0.0,2014
West,San Diego Padres,77,85.0,0.0,2014
West,Colorado Rockies,66,96.0,0.0,2014
West,Arizona Diamondbacks,64,98.0,0.0,2014
N.L.,Team | Roster,W,,,2014
2014 National League Final Standings,2014 National League Final Standings,2014 National League Final Standings,,,2014
Base on Balls,Joey Votto,Cincinnati,143.0,,2015
Batting Average,Dee Gordon,Miami,0.333,,2015
Doubles,Matt Carpenter,St. Louis,44.0,,2015
Hits,Dee Gordon,Miami,205.0,,2015
Home Runs,Nolan Arenado,Colorado,42.0,,2015
Home Runs,Bryce Harper,Washington,42.0,,2015
On Base Percentage,Bryce Harper,Washington,0.46,,2015
RBI,Nolan Arenado,Colorado,130.0,,2015
Runs,Bryce Harper,Washington,118.0,,2015
Slugging Average,Bryce Harper,Washington,0.649,,2015
Stolen Bases,Dee Gordon,Miami,58.0,,2015
Total Bases,Nolan Arenado,Colorado,354.0,,2015
Triples,David Peralta,Arizona,10.0,,2015
Complete Games,Jake Arrieta,Chicago,4.0,,2015
Complete Games,Madison Bumgarner,San Francisco,4.0,,2015
Complete Games,Clayton Kershaw,Los Angeles,4.0,,2015
Complete Games,Max Scherzer,Washington,4.0,,2015
ERA,Zack Greinke,Los Angeles,1.66,,2015
Games,Kevin Siegrist,St. Louis,81.0,,2015
Saves,Mark Melancon,Pittsburgh,51.0,,2015
Shutouts,Jake Arrieta,Chicago,3.0,,2015
Shutouts,Clayton Kershaw,Los Angeles,3.0,,2015
Shutouts,Max Scherzer,Washington,3.0,,2015
Strikeouts,Clayton Kershaw,Los Angeles,301.0,,2015
Winning Percentage,Zack Greinke,Los Angeles,0.864,,2015
Wins,Jake Arrieta,Chicago,22.0,,2015
2015 National League Team Standings,2015 National League Team Standings,2015 National League Team Standings,,,2015
East,Team [Click for roster],Wins,,,2015
East,New York Mets,90,72.0,0.0,2015
East,Washington Nationals,83,79.0,0.0,2015
East,Miami Marlins,71,91.0,0.0,2015
East,Atlanta Braves,67,95.0,0.0,2015
East,Philadelphia Phillies,63,99.0,0.0,2015
Central,Team [Click for roster],Wins,,,2015
Central,St. Louis Cardinals,100,62.0,0.0,2015
Central,Pittsburgh Pirates,98,64.0,0.0,2015
Central,Chicago Cubs,97,65.0,0.0,2015
Central,Milwaukee Brewers,68,94.0,0.0,2015
Central,Cincinnati Reds,64,98.0,0.0,2015
West,Team [Click for roster],Wins,,,2015
West,Los Angeles Dodgers,92,70.0,0.0,2015
West,San Francisco Giants,84,78.0,0.0,2015
West,Arizona Diamondbacks,79,83.0,0.0,2015
West,San Diego Padres,74,88.0,0.0,2015
West,Colorado Rockies,68,94.0,0.0,2015
2015 National League Final Standings,2015 National League Final Standings,2015 National League Final Standings,,,2015
Base on Balls,Paul Goldschmidt,Arizona,110.0,,2016
Batting Average,DJ LeMahieu,Colorado,0.348,,2016
Doubles,Daniel Murphy,Washington,47.0,,2016
Hits,Jean Segura,Arizona,203.0,,2016
Home Runs,Nolan Arenado,Colorado,41.0,,2016
Home Runs,Chris Carter,Milwaukee,41.0,,2016
On Base Percentage,Joey Votto,Cincinnati,0.434,,2016
RBI,Nolan Arenado,Colorado,133.0,,2016
Runs,Kris Bryant,Chicago,121.0,,2016
Slugging Average,Daniel Murphy,Washington,0.595,,2016
Stolen Bases,Jonathan Villar,Milwaukee,62.0,,2016
Total Bases,Nolan Arenado,Colorado,352.0,,2016
Triples,Brandon Crawford,San Francisco,11.0,,2016
Triples,Cesar Hernandez,Philadelphia,11.0,,2016
Triples,Chris Owings,Arizona,11.0,,2016
Complete Games,Johnny Cueto,San Francisco,5.0,,2016
ERA,Kyle Hendricks,Chicago,2.13,,2016
Games,Brad Hand,San Diego,82.0,,2016
Saves,Jeurys Familia,New York,51.0,,2016
Shutouts,Clayton Kershaw,Los Angeles,3.0,,2016
Strikeouts,Max Scherzer,Washington,284.0,,2016
Winning Percentage,Jon Lester,Chicago,0.792,,2016
Wins,Max Scherzer,Washington,20.0,,2016
2016 National League Team Standings,2016 National League Team Standings,2016 National League Team Standings,,,2016
East,Team [Click for roster],Wins,,,2016
East,Washington Nationals,95,67.0,0.0,2016
East,New York Mets,87,75.0,0.0,2016
East,Miami Marlins,79,82.0,0.0,2016
East,Philadelphia Phillies,71,91.0,0.0,2016
East,Atlanta Braves,68,93.0,0.0,2016
Central,Team [Click for roster],Wins,,,2016
Central,Chicago Cubs,103,58.0,0.0,2016
Central,St. Louis Cardinals,86,76.0,0.0,2016
Central,Pittsburgh Pirates,78,83.0,0.0,2016
Central,Milwaukee Brewers,73,89.0,0.0,2016
Central,Cincinnati Reds,68,94.0,0.0,2016
West,Team [Click for roster],Wins,,,2016
West,Los Angeles Dodgers,91,71.0,0.0,2016
West,San Francisco Giants,87,75.0,0.0,2016
West,Colorado Rockies,75,87.0,0.0,2016
West,Arizona Diamondbacks,69,93.0,0.0,2016
West,San Diego Padres,68,94.0,0.0,2016
2016 National League Final Standings,2016 National League Final Standings,2016 National League Final Standings,,,2016
Base on Balls,Joey Votto,Cincinnati Reds,134.0,,2017
Batting Average,Charlie Blackmon,Colorado Rockies,0.331,,2017
Doubles,Nolan Arenado,Colorado Rockies,43.0,,2017
Doubles,Daniel Murphy,Washington Nationals,43.0,,2017
Hits,Charlie Blackmon,Colorado Rockies,213.0,,2017
Home Runs,Giancarlo Stanton,Miami Marlins,59.0,,2017
On Base Percentage,Joey Votto,Cincinnati Reds,0.454,,2017
RBI,Giancarlo Stanton,Miami Marlins,132.0,,2017
Runs,Charlie Blackmon,Colorado Rockies,137.0,,2017
Slugging Average,Giancarlo Stanton,Miami Marlins,0.631,,2017
Stolen Bases,Dee Gordon,Miami Marlins,60.0,,2017
Total Bases,Charlie Blackmon,Colorado Rockies,387.0,,2017
Triples,Charlie Blackmon,Colorado Rockies,14.0,,2017
Complete Games,Carlos Martinez,St. Louis Cardinals,2.0,,2017
Complete Games,Ivan Nova,Pittsburgh Pirates,2.0,,2017
Complete Games,Clayton Richard,San Diego Padres,2.0,,2017
Complete Games,Max Scherzer,Washington Nationals,2.0,,2017
ERA,Clayton Kershaw,Los Angeles Dodgers,2.21,,2017
Games,Corey Knebel,Milwaukee Brewers,76.0,,2017
Saves,Greg Holland,Colorado Rockies,41.0,,2017
Saves,Kenley Jansen,Los Angeles Dodgers,41.0,,2017
Shutouts,Carlos Martinez,St. Louis Cardinals,2.0,,2017
Strikeouts,Max Scherzer,Washington Nationals,268.0,,2017
Winning Percentage,Clayton Kershaw,Los Angeles Dodgers,0.818,,2017
Wins,Clayton Kershaw,Los Angeles Dodgers,18.0,,2017
2017 National League Final Team Standings,2017 National League Final Team Standings,2017 National League Final Team Standings,,,2017
East,Team [Click for roster],Wins,,,2017
East,Washington Nationals,97,65.0,0.0,2017
East,Miami Marlins,77,85.0,0.0,2017
East,Atlanta Braves,72,90.0,0.0,2017
East,New York Mets,70,92.0,0.0,2017
East,Philadelphia Phillies,66,96.0,0.0,2017
Central,Team [Click for roster],Wins,,,2017
Central,Chicago Cubs,92,70.0,0.0,2017
Central,Milwaukee Brewers,86,76.0,0.0,2017
Central,St. Louis Cardinals,83,79.0,0.0,2017
Central,Pittsburgh Pirates,75,87.0,0.0,2017
Central,Cincinnati Reds,68,94.0,0.0,2017
West,Team [Click for roster],Wins,,,2017
West,Los Angeles Dodgers,104,58.0,0.0,2017
West,Arizona Diamondbacks,93,69.0,0.0,2017
West,Colorado Rockies,87,75.0,0.0,2017
West,San Diego Padres,71,91.0,0.0,2017
West,San Francisco Giants,64,98.0,0.0,2017
2017 National League Final Standings,2017 National League Final Standings,2017 National League Final Standings,,,2017
Base on Balls,Bryce Harper,Washington Nationals,130.0,,2018
Batting Average,Christian Yelich,Milwaukee Brewers,0.326,,2018
Doubles,Freddie Freeman,Atlanta Braves,44.0,,2018
Doubles,Anthony Rendon,Washington Nationals,44.0,,2018
Hits,Freddie Freeman,Atlanta Braves,191.0,,2018
Home Runs,Nolan Arenado,Colorado Rockies,38.0,,2018
On Base Percentage,Joey Votto,Cincinnati Reds,0.417,,2018
RBI,Javier Baez,Chicago Cubs,111.0,,2018
Runs,Charlie Blackmon,Colorado Rockies,119.0,,2018
Slugging Average,Christian Yelich,Milwaukee Brewers,0.598,,2018
Stolen Bases,Trea Turner,Washington Nationals,43.0,,2018
Total Bases,Christian Yelich,Milwaukee Brewers,343.0,,2018
Triples,Ketel Marte,Arizona Diamondbacks,12.0,,2018
2018 N.L. History | 2018 A.L. History | Year-by-Year History,2018 N.L. History | 2018 A.L. History | Year-by-Year History,2018 N.L. History | 2018 A.L. History | Year-by-Year History,,,2018
Complete Games,Michael Foltynewicz,Atlanta Braves,2.0,,2018
Complete Games,Max Scherzer,Washington Nationals,2.0,,2018
Complete Games,Noah Syndergaard,New York Mets,2.0,,2018
Complete Games,Jameson Taillon,Pittsburgh Pirates,2.0,,2018
ERA,Jacob deGrom,New York Mets,1.7,,2018
Games,Brad Ziegler,Miami Marlins,82.0,,2018
Games,Brad Ziegler,Arizona Diamondbacks,82.0,,2018
Saves,Wade Davis,Colorado Rockies,43.0,,2018
Shutouts,Patrick Corbin,Arizona Diamondbacks,1.0,,2018
Shutouts,Michael Foltynewicz,Atlanta Braves,1.0,,2018
Shutouts,Miles Mikolas,St. Louis Cardinals,1.0,,2018
Shutouts,Max Scherzer,Washington Nationals,1.0,,2018
Shutouts,Chris Stratton,San Francisco Giants,1.0,,2018
Shutouts,Noah Syndergaard,New York Mets,1.0,,2018
Shutouts,Jameson Taillon,Pittsburgh Pirates,1.0,,2018
Shutouts,Trevor Williams,Pittsburgh Pirates,1.0,,2018
Strikeouts,Max Scherzer,Washington Nationals,300.0,,2018
Winning Percentage,Miles Mikolas,St. Louis Cardinals,0.818,,2018
Wins,Jon Lester,Chicago Cubs,18.0,,2018
Wins,Miles Mikolas,St. Louis Cardinals,18.0,,2018
Wins,Max Scherzer,Washington Nationals,18.0,,2018
2018 N.L. History | 2018 A.L. History | Year-by-Year History,2018 N.L. History | 2018 A.L. History | Year-by-Year History,2018 N.L. History | 2018 A.L. History | Year-by-Year History,,,2018
East,Team | Roster,W,,,2018
East,Atlanta Braves,90,72.0,0.0,2018
East,Washington Nationals,82,80.0,0.0,2018
East,Philadelphia Phillies,80,82.0,0.0,2018
East,New York Mets,77,85.0,0.0,2018
East,Miami Marlins,63,98.0,0.0,2018
Central,Team | Roster,W,,,2018
Central,Milwaukee Brewers,96,67.0,0.0,2018
Central,Chicago Cubs,95,68.0,0.0,2018
Central,St. Louis Cardinals,88,74.0,0.0,2018
Central,Pittsburgh Pirates,82,79.0,0.0,2018
Central,Cincinnati Reds,67,95.0,0.0,2018
West,Team | Roster,W,,,2018
West,Los Angeles Dodgers,92,71.0,0.0,2018
West,Colorado Rockies,91,72.0,0.0,2018
West,Arizona Diamondbacks,82,80.0,0.0,2018
West,San Francisco Giants,73,89.0,0.0,2018
West,San Diego Padres,66,96.0,0.0,2018
N.L.,Team | Roster,W,,,2018
2018 National Standings,2018 National Standings,2018 National Standings,,,2018
Base on Balls,Rhys Hoskins,Philadelphia Phillies,116.0,,2019
Batting Average,Christian Yelich,Milwaukee Brewers,0.329,,2019
Doubles,Anthony Rendon,Washington Nationals,44.0,,2019
Doubles,Corey Seager,Los Angeles Dodgers,44.0,,2019
Hits,Ozzie Albies,Atlanta Braves,189.0,,2019
Home Runs,Pete Alonso,New York Mets,53.0,,2019
On Base Percentage,Christian Yelich,Milwaukee Brewers,0.429,,2019
RBI,Anthony Rendon,Washington Nationals,126.0,,2019
Runs,Ronald Acuna Jr.,Atlanta Braves,127.0,,2019
Slugging Average,Christian Yelich,Milwaukee Brewers,0.671,,2019
Stolen Bases,Ronald Acuna Jr.,Atlanta Braves,37.0,,2019
Total Bases,Cody Bellinger,Los Angeles Dodgers,351.0,,2019
Triples,Eduardo Escobar,Arizona Diamondbacks,10.0,,2019
Complete Games,Sandy Alcantara,Miami Marlins,2.0,,2019
Complete Games,Walker Buehler,Los Angeles Dodgers,2.0,,2019
Complete Games,Zach Eflin,Philadelphia Phillies,2.0,,2019
ERA,Hyun-Jin Ryu,Los Angeles Dodgers,2.32,,2019
Games,Alex Claudio,Milwaukee Brewers,83.0,,2019
Saves,Kirby Yates,San Diego Padres,41.0,,2019
Shutouts,Sandy Alcantara,Miami Marlins,2.0,,2019
Strikeouts,Jacob deGrom,New York Mets,255.0,,2019
Winning Percentage,Walker Buehler,Los Angeles Dodgers,0.778,,2019
Wins,Stephen Strasburg,Washington Nationals,18.0,,2019
2019 National League Team Standings,2019 National League Team Standings,2019 National League Team Standings,,,2019
East,Team | Roster,W,,,2019
East,Atlanta Braves,97,65.0,0.0,2019
East,Washington Nationals,93,69.0,0.0,2019
East,New York Mets,86,76.0,0.0,2019
East,Philadelphia Phillies,81,81.0,0.0,2019
East,Miami Marlins,57,105.0,0.0,2019
Central,Team | Roster,W,,,2019
Central,St. Louis Cardinals,91,71.0,0.0,2019
Central,Milwaukee Brewers,89,73.0,0.0,2019
Central,Chicago Cubs,84,78.0,0.0,2019
Central,Cincinnati Reds,75,87.0,0.0,2019
Central,Pittsburgh Pirates,69,93.0,0.0,2019
West,Team | Roster,W,,,2019
West,Los Angeles Dodgers,106,56.0,0.0,2019
West,Arizona Diamondbacks,85,77.0,0.0,2019
West,San Francisco Giants,77,85.0,0.0,2019
West,Colorado Rockies,71,91.0,0.0,2019
West,San Diego Padres,70,92.0,0.0,2019
2019 National League Standings,2019 National League Standings,2019 National League Standings,,,2019
Base on Balls,Bryce Harper,Philadelphia Phillies,49.0,,2020
Batting Average,Juan Soto,Washington Nationals,0.351,,2020
Doubles,Freddie Freeman,Atlanta Braves,23.0,,2020
Hits,Trea Turner,Washington Nationals,78.0,,2020
Home Runs,Marcell Ozuna,Atlanta Braves,18.0,,2020
On Base Percentage,Juan Soto,Washington Nationals,0.49,,2020
RBI,Marcell Ozuna,Atlanta Braves,56.0,,2020
Runs,Freddie Freeman,Atlanta Braves,51.0,,2020
Slugging Average,Juan Soto,Washington Nationals,0.695,,2020
Stolen Bases,Trevor Story,Colorado Rockies,15.0,,2020
Total Bases,Marcell Ozuna,Atlanta Braves,145.0,,2020
Triples,Trevor Story,Colorado Rockies,4.0,,2020
Triples,Trea Turner,Washington Nationals,4.0,,2020
Triples,Mike Yastrzemski,San Francisco Giants,4.0,,2020
2020 N.L. History | 2020 A.L. History | Year-by-Year History,2020 N.L. History | 2020 A.L. History | Year-by-Year History,2020 N.L. History | 2020 A.L. History | Year-by-Year History,,,2020
Complete Games,Trevor Bauer,Cincinnati Reds,2.0,,2020
Complete Games,Aaron Nola,Philadelphia Phillies,2.0,,2020
Complete Games,Adam Wainwright,St. Louis Cardinals,2.0,,2020
ERA,Trevor Bauer,Cincinnati Reds,1.73,,2020
Games,Tyler Rogers,San Francisco Giants,29.0,,2020
Saves,Josh Hader,Milwaukee Brewers,13.0,,2020
Shutouts,Trevor Bauer,Cincinnati Reds,2.0,,2020
Strikeouts,Jacob deGrom,New York Mets,104.0,,2020
Winning Percentage,Max Fried,Atlanta Braves,1.0,,2020
Wins,Yu Darvish,Chicago Cubs,8.0,,2020
2020 N.L. History | 2020 A.L. History | Year-by-Year History,2020 N.L. History | 2020 A.L. History | Year-by-Year History,2020 N.L. History | 2020 A.L. History | Year-by-Year History,,,2020
East,Team | Roster,W,,,2020
East,Atlanta Braves,35,25.0,0.0,2020
East,Miami Marlins,31,29.0,0.0,2020
East,Philadelphia Phillies,28,32.0,0.0,2020
East,New York Mets,26,34.0,0.0,2020
East,Washington Nationals,26,34.0,0.0,2020
Central,Team | Roster,W,,,2020
Central,Chicago Cubs,34,26.0,0.0,2020
Central,Cincinnati Reds,31,29.0,0.0,2020
Central,St. Louis Cardinals,30,28.0,0.0,2020
Central,Milwaukee Brewers,29,31.0,0.0,2020
Central,Pittsburgh Pirates,19,41.0,0.0,2020
West,Team | Roster,W,,,2020
West,Los Angeles Dodgers,43,17.0,0.0,2020
West,San Diego Padres,37,23.0,0.0,2020
West,San Francisco Giants,29,31.0,0.0,2020
West,Colorado Rockies,26,34.0,0.0,2020
West,Arizona Diamondbacks,25,35.0,0.0,2020
N.L.,Team | Roster,W,,,2020
2020 National League Standings,2020 National League Standings,2020 National League Standings,,,2020
Base on Balls,Juan Soto,Washington Nationals,145.0,,2021
Batting Average,Trea Turner,Washington Nationals,0.328,,2021
Batting Average,Trea Turner,Los Angeles Dodgers,0.328,,2021
Doubles,Bryce Harper,Philadelphia Phillies,42.0,,2021
Hits,Trea Turner,Washington Nationals,195.0,,2021
Hits,Trea Turner,Los Angeles Dodgers,195.0,,2021
Home Runs,Fernando Tatis Jr.,San Diego Padres,42.0,,2021
On Base Percentage,Juan Soto,Washington Nationals,0.465,,2021
RBI,Adam Duvall,Miami Marlins,113.0,,2021
RBI,Adam Duvall,Atlanta Braves,113.0,,2021
Runs,Freddie Freeman,Atlanta Braves,120.0,,2021
Slugging Average,Bryce Harper,Philadelphia Phillies,0.615,,2021
Stolen Bases,Trea Turner,Washington Nationals,32.0,,2021
Stolen Bases,Trea Turner,Los Angeles Dodgers,32.0,,2021
Total Bases,Trea Turner,Washington Nationals,319.0,,2021
Total Bases,Trea Turner,Los Angeles Dodgers,319.0,,2021
Triples,David Peralta,Arizona Diamondbacks,8.0,,2021
Triples,Bryan Reynolds,Pittsburgh Pirates,8.0,,2021
2021 N.L. History | 2021 A.L. History | Year-by-Year History,2021 N.L. History | 2021 A.L. History | Year-by-Year History,2021 N.L. History | 2021 A.L. History | Year-by-Year History,,,2021
Complete Games,German Marquez,Colorado Rockies,3.0,,2021
Complete Games,Adam Wainwright,St. Louis Cardinals,3.0,,2021
Complete Games,Zack Wheeler,Philadelphia Phillies,3.0,,2021
ERA,Corbin Burnes,Milwaukee Brewers,2.43,,2021
Games,Tyler Rogers,San Francisco Giants,80.0,,2021
Saves,Mark Melancon,San Diego Padres,39.0,,2021
Shutouts,Anthony DeSclafani,San Francisco Giants,2.0,,2021
Shutouts,Max Fried,Atlanta Braves,2.0,,2021
Shutouts,Joe Musgrove,San Diego Padres,2.0,,2021
Shutouts,Zack Wheeler,Philadelphia Phillies,2.0,,2021
Strikeouts,Zack Wheeler,Philadelphia Phillies,247.0,,2021
Winning Percentage,Julio Urias,Los Angeles Dodgers,0.87,,2021
Wins,Julio Urias,Los Angeles Dodgers,20.0,,2021
2021 N.L. History | 2021 A.L. History | Year-by-Year History,2021 N.L. History | 2021 A.L. History | Year-by-Year History,2021 N.L. History | 2021 A.L. History | Year-by-Year History,,,2021
East,Team | Roster,W,,,2021
East,Atlanta Braves,88,73.0,0.0,2021
East,Philadelphia Phillies,82,80.0,0.0,2021
East,New York Mets,77,85.0,0.0,2021
East,Miami Marlins,67,95.0,0.0,2021
East,Washington Nationals,65,97.0,0.0,2021
Central,Team | Roster,W,,,2021
Central,Milwaukee Brewers,95,67.0,0.0,2021
Central,St. Louis Cardinals,90,72.0,0.0,2021
Central,Cincinnati Reds,83,79.0,0.0,2021
Central,Chicago Cubs,71,91.0,0.0,2021
Central,Pittsburgh Pirates,61,101.0,0.0,2021
West,Team | Roster,W,,,2021
West,San Francisco Giants,107,55.0,0.0,2021
West,Los Angeles Dodgers,106,56.0,0.0,2021
West,San Diego Padres,79,83.0,0.0,2021
West,Colorado Rockies,74,87.0,0.0,2021
West,Arizona Diamondbacks,52,110.0,0.0,2021
N.L.,Team | Roster,w,,,2021
2021 National League Standings,2021 National League Standings,2021 National League Standings,,,2021
Base on Balls,Juan Soto,Washington Nationals,135.0,,2022
Base on Balls,Juan Soto,San Diego Padres,135.0,,2022
Batting Average,Jeff McNeil,New York Mets,0.326,,2022
Doubles,Freddie Freeman,Los Angeles Dodgers,44.0,,2022
Hits,Freddie Freeman,Los Angeles Dodgers,11.0,,2022
Home Runs,Kyle Schwarber,Philadelphia Phillies,46.0,,2022
On Base Percentage,Freddie Freeman,Los Angeles Dodgers,0.407,,2022
RBI,Pete Alonso,New York Mets,131.0,,2022
Runs,Mookie Betts,Los Angeles Dodgers,117.0,,2022
Runs,Freddie Freeman,Los Angeles Dodgers,117.0,,2022
Slugging Average,Paul Goldschmidt,St. Louis Cardinals,0.578,,2022
Stolen Bases,Jon Berti,Miami Marlins,41.0,,2022
Total Bases,Austin Riley,Atlanta Braves,325.0,,2022
Triples,Gavin Lux,Los Angeles Dodgers,7.0,,2022
Triples,Brandon Nimmo,New York Mets,7.0,,2022
2022 N.L. History | 2022 A.L. History | Year-by-Year History,2022 N.L. History | 2022 A.L. History | Year-by-Year History,2022 N.L. History | 2022 A.L. History | Year-by-Year History,,,2022
Complete Games,Sandy Alcantara,Miami Marlins,6.0,,2022
ERA,Julio Urías,Los Angeles Dodgers,2.16,,2022
Games,John Brebbia,San Francisco Giants,76.0,,2022
Saves,Kenley Jansen,Atlanta Braves,41.0,,2022
Shutouts,Sandy Alcantara,Miami Marlins,1.0,,2022
Shutouts,Walker Buehler,Los Angeles Dodgers,1.0,,2022
Shutouts,Bryce Elder,Atlanta Braves,1.0,,2022
Shutouts,Hunter Greene,Cincinnati Reds,1.0,,2022
Shutouts,Chad Kuhl,Colorado Rockies,1.0,,2022
Shutouts,Jordan Montgomery,St. Louis Cardinals,1.0,,2022
Shutouts,Aaron Nola,Philadelphia Phillies,1.0,,2022
Strikeouts,Corbin Burnes,Milwaukee Brewers,243.0,,2022
Winning Percentage,Kyle Wright,Atlanta Braves,0.808,,2022
Wins,Kyle Wright,Atlanta Braves,21.0,,2022
2022 N.L. History | 2022 A.L. History | Year-by-Year History,2022 N.L. History | 2022 A.L. History | Year-by-Year History,2022 N.L. History | 2022 A.L. History | Year-by-Year History,,,2022
East,Team | Roster,W,,,2022
East,Atlanta Braves,101,61.0,0.0,2022
East,New York Mets,101,61.0,0.0,2022
East,Philadelphia Phillies,87,75.0,0.0,2022
East,Miami Marlins,69,93.0,0.0,2022
East,Washington Nationals,55,107.0,0.0,2022
Central,Team | Roster,W,,,2022
Central,St. Louis Cardinals,93,69.0,0.0,2022
Central,Milwaukee Brewers,86,76.0,0.0,2022
Central,Chicago Cubs,74,88.0,0.0,2022
Central,Cincinnati Reds,62,100.0,0.0,2022
Central,Pittsburgh Pirates,62,100.0,0.0,2022
West,Team | Roster,W,,,2022
West,Los Angeles Dodgers,111,51.0,0.0,2022
West,San Diego Padres,89,73.0,0.0,2022
West,San Francisco Giants,81,81.0,0.0,2022
West,Arizona Diamondbacks,74,88.0,0.0,2022
West,Colorado Rockies,68,94.0,0.0,2022
N.L.,Team | Roster,W,,,2022
2022 National League Standings,2022 National League Standings,2022 National League Standings,,,2022
Base on Balls,Juan Soto,San Diego Padres,132.0,,2023
Batting Average,Luis Arraez,Miami Marlins,0.354,,2023
Doubles,Freddie Freeman,Los Angeles Dodgers,59.0,,2023
Hits,Ronald Acuña Jr.,Atlanta Braves,217.0,,2023
Home Runs,Matt Olson,Atlanta Braves,54.0,,2023
On Base Percentage,Ronald Acuña Jr.,Atlanta Braves,0.416,,2023
RBI,Matt Olson,Atlanta Braves,139.0,,2023
Runs,Ronald Acuña Jr.,Atlanta Braves,149.0,,2023
Slugging Average,Matt Olson,Atlanta Braves,0.604,,2023
Stolen Bases,Ronald Acuña Jr.,Atlanta Braves,73.0,,2023
Total Bases,Ronald Acuña Jr.,Atlanta Braves,383.0,,2023
Triples,Corbin Carroll,Arizona Diamondbacks,10.0,,2023
2023 N.L. History | 2023 A.L. History | Year-by-Year History,2023 N.L. History | 2023 A.L. History | Year-by-Year History,2023 N.L. History | 2023 A.L. History | Year-by-Year History,,,2023
Complete Games,Sandy Alcantara,Miami Marlins,3.0,,2023
ERA,Blake Snell,San Diego Padres,2.25,,2023
Games,Miguel Castro,Arizona Diamondbacks,75.0,,2023
Saves,David Bednar,Pittsburgh Pirates,39.0,,2023
Saves,Camilo Doval,San Francisco Giants,39.0,,2023
Shutouts,Sandy Alcantara,Miami Marlins,1.0,,2023
Shutouts,Alex Cobb,San Francisco Giants,1.0,,2023
Shutouts,Max Fried,Atlanta Braves,1.0,,2023
Shutouts,Zac Gallen,Arizona Diamondbacks,1.0,,2023
Shutouts,Mitch Keller,Pittsburgh Pirates,1.0,,2023
Shutouts,Michael Lorenzen,Philadelphia Phillies,1.0,,2023
Shutouts,Johan Oviedo,Pittsburgh Pirates,1.0,,2023
Shutouts,Marcus Stroman,Chicago Cubs,1.0,,2023
Shutouts,Logan Webb,San Francisco Giants,1.0,,2023
Shutouts,Brandon Woodruff,Milwaukee Brewers,1.0,,2023
Strikeouts,Spencer Strider,Atlanta Braves,281.0,,2023
Winning Percentage,Spencer Strider,Atlanta Braves,0.8,,2023
Wins,Spencer Strider,Atlanta Braves,20.0,,2023
2023 N.L. History | 2023 A.L. History | Year-by-Year History,2023 N.L. History | 2023 A.L. History | Year-by-Year History,2023 N.L. History | 2023 A.L. History | Year-by-Year History,,,2023
East,Team | Roster,W,,,2023
East,Atlanta Braves,104,58.0,0.0,2023
East,Philadelphia Phillies,90,72.0,0.0,2023
East,Miami Marlins,84,78.0,0.0,2023
East,New York Mets,75,87.0,0.0,2023
East,Washington Nationals,71,91.0,0.0,2023
Central,Team | Roster,W,,,2023
Central,Milwaukee Brewers,92,70.0,0.0,2023
Central,Chicago Cubs,83,79.0,0.0,2023
Central,Cincinnati Reds,82,80.0,0.0,2023
Central,Pittsburgh Pirates,76,86.0,0.0,2023
Central,St. Louis Cardinals,71,91.0,0.0,2023
West,Team | Roster,W,,,2023
West,Los Angeles Dodgers,100,62.0,0.0,2023
West,Arizona Diamondbacks,84,78.0,0.0,2023
West,San Diego Padres,82,80.0,0.0,2023
West,San Francisco Giants,79,83.0,0.0,2023
West,Colorado Rockies,59,103.0,0.0,2023
N.L.,Team | Roster,W,,,2023
2023 National League Standings,2023 National League Standings,2023 National League Standings,,,2023
Base on Balls,Kyle Schwarber,Philadelphia,105.0,,2024
Batting Average,Luis Arraez,Miami,0.314,,2024
Batting Average,Luis Arraez,San Diego,0.314,,2024
Doubles,Ezequiel Tovar,Colorado,45.0,,2024
Hits,Luis Arraez,Miami,200.0,,2024
Hits,Luis Arraez,San Diego,200.0,,2024
Home Runs,Shohei Ohtani,Los Angeles,54.0,,2024
On Base Percentage,Shohei Ohtani,Los Angeles,0.39,,2024
RBI,Shohei Ohtani,Los Angeles,130.0,,2024
Runs,Shohei Ohtani,Los Angeles,134.0,,2024
Slugging Average,Shohei Ohtani,Los Angeles,0.646,,2024
Stolen Bases,Elly De La Cruz,Cincinnati,67.0,,2024
Total Bases,Shohei Ohtani,Los Angeles,411.0,,2024
Triples,Corbin Carroll,Arizona,14.0,,2024
2024 N.L. History | 2024 A.L. History | Year-by-Year History,2024 N.L. History | 2024 A.L. History | Year-by-Year History,2024 N.L. History | 2024 A.L. History | Year-by-Year History,,,2024
Complete Games,Max Fried,Atlanta,2.0,,2024
Complete Games,Cristopher Sánchez,Philadelphia,2.0,,2024
ERA,Chris Sale,Atlanta,2.38,,2024
Games,Tyler Rogers,San Francisco,77.0,,2024
Saves,Ryan Helsley,St. Louis,49.0,,2024
Shutouts,Dylan Cease,San Diego,1.0,,2024
Shutouts,Max Fried,Atlanta,1.0,,2024
Shutouts,Braxton Garrett,Miami,1.0,,2024
Shutouts,Aaron Nola,Philadelphia,1.0,,2024
Shutouts,Tyler Phillips,Philadelphia,1.0,,2024
Shutouts,Luis Severino,New York,1.0,,2024
Shutouts,Blake Snell,San Francisco,1.0,,2024
Shutouts,Gavin Stone,Los Angeles,1.0,,2024
Shutouts,Ranger Suárez,Philadelphia,1.0,,2024
Shutouts,Cristopher Sánchez,Philadelphia,1.0,,2024
Shutouts,Logan Webb,San Francisco,1.0,,2024
Strikeouts,Chris Sale,Atlanta,225.0,,2024
Winning Percentage,Chris Sale,Atlanta,0.857,,2024
Wins,Chris Sale,Atlanta,18.0,,2024
2024 N.L. History | 2024 A.L. History | Year-by-Year History,2024 N.L. History | 2024 A.L. History | Year-by-Year History,2024 N.L. History | 2024 A.L. History | Year-by-Year History,,,2024
East,Team | Roster,W,,,2024
East,Philadelphia Phillies,95,67.0,0.0,2024
East,Atlanta Braves,89,73.0,0.0,2024
East,New York Mets,89,73.0,0.0,2024
East,Washington Nationals,71,91.0,0.0,2024
East,Miami Marlins,62,100.0,0.0,2024
Central,Team | Roster,W,,,2024
Central,Milwaukee Brewers,93,69.0,0.0,2024
Central,Chicago Cubs,83,79.0,0.0,2024
Central,St. Louis Cardinals,83,79.0,0.0,2024
Central,Cincinnati Reds,77,85.0,0.0,2024
Central,Pittsburgh Pirates,76,86.0,0.0,2024
West,Team | Roster,W,,,2024
West,Los Angeles Dodgers,98,64.0,0.0,2024
West,San Diego Padres,93,69.0,0.0,2024
West,Arizona Diamondbacks,89,73.0,0.0,2024
West,San Francisco Giants,80,82.0,0.0,2024
West,Colorado Rockies,61,101.0,0.0,2024
N.L.,Team | Roster,W,,,2024
2024 National League Standings,2024 National League Standings,2024 National League Standings,,,2024
Base on Balls,Juan Soto,New York,127.0,,2025
Batting Average,Trea Turner,Philadelphia,0.304,,2025
Doubles,Pete Alonso,New York,41.0,,2025
Doubles,Matt Olson,Atlanta,41.0,,2025
Hits,Luis Arraez,San Diego,181.0,,2025
Home Runs,Kyle Schwarber,Philadelphia,56.0,,2025
On Base Percentage,Juan Soto,New York,0.396,,2025
RBI,Kyle Schwarber,Philadelphia,132.0,,2025
Runs,Shohei Ohtani,Los Angeles,146.0,,2025
Slugging Average,Shohei Ohtani,Los Angeles,0.622,,2025
Stolen Bases,Oneil Cruz,Pittsburgh,38.0,,2025
Stolen Bases,Juan Soto,New York,38.0,,2025
Total Bases,Shohei Ohtani,Los Angeles,380.0,,2025
Triples,Corbin Carroll,Arizona,17.0,,2025
2025 N.L. History | 2025 A.L. History | Year-by-Year History,2025 N.L. History | 2025 A.L. History | Year-by-Year History,2025 N.L. History | 2025 A.L. History | Year-by-Year History,,,2025
Complete Games,Nick Lodolo,Cincinnati,2.0,,2025
ERA,Paul Skenes,Pittsburgh,1.97,,2025
Games,Tyler Rogers,San Francisco (53),81.0,,2025
Games,Tyler Rogers,New York (28),81.0,,2025
Saves,Robert Suarez,San Diego,40.0,,2025
Shutouts,Andrew Abbott,Cincinnati,1.0,,2025
Shutouts,Erick Fedde,St. Louis,1.0,,2025
Shutouts,Sonny Gray,St. Louis,1.0,,2025
Shutouts,Hunter Greene,Cincinnati,1.0,,2025
Shutouts,Michael King,San Diego,1.0,,2025
Shutouts,Stephen Kolek,San Diego,1.0,,2025
Shutouts,Nick Lodolo,Cincinnati,1.0,,2025
Shutouts,David Peterson,New York,1.0,,2025
Strikeouts,Logan Webb,San Francisco,224.0,,2025
Winning Percentage,Freddy Peralta,Milwaukee,0.739,,2025
Wins,Freddy Peralta,Milwaukee,17.0,,2025
2025 N.L. History | 2025 A.L. History | Year-by-Year History,2025 N.L. History | 2025 A.L. History | Year-by-Year History,2025 N.L. History | 2025 A.L. History | Year-by-Year History,,,2025
East,Team | Roster,W,,,2025
East,Philadelphia Phillies,96,66.0,0.0,2025
East,New York Mets,83,79.0,0.0,2025
East,Miami Marlins,79,83.0,0.0,2025
East,Atlanta Braves,76,86.0,0.0,2025
East,Washington Nationals,66,96.0,0.0,2025
Central,Team | Roster,W,,,2025
Central,Milwaukee Brewers,97,65.0,0.0,2025
Central,Chicago Cubs wc,92,70.0,0.0,2025
Central,Cincinnati Reds wc,83,79.0,0.0,2025
Central,St. Louis Cardinals,78,84.0,0.0,2025
Central,Pittsburgh Pirates,71,91.0,0.0,2025
West,Team | Roster,W,,,2025
West,Los Angeles Dodgers,93,69.0,0.0,2025
West,San Diego Padres wc,90,72.0,0.0,2025
West,San Francisco Giants,81,81.0,0.0,2025
West,Arizona Diamondbacks,80,82.0,0.0,2025
West,Colorado Rockies,43,119.0,0.0,2025
N.L.,Team | Roster,W,,,2025
2025 National League Standings,2025 National League Standings,2025 National League Standings,,,2025
Base on Balls,Al Wickland,Chicago,81.0,,1914
Batting Average,Benny Kauff,Indianapolis,0.37,,1914
Doubles,Benny Kauff,Indianapolis,44.0,,1914
Hits,Benny Kauff,Indianapolis,211.0,,1914
Home Runs,Dutch Zwilling,Chicago,16.0,,1914
On Base Percentage,Benny Kauff,Indianapolis,0.447,,1914
RBI,Frank LaPorte,Indianapolis,107.0,,1914
Runs,Benny Kauff,Indianapolis,120.0,,1914
Slugging Average,Steve Evans,Brooklyn,0.556,,1914
Stolen Bases,Benny Kauff,Indianapolis,75.0,,1914
Total Bases,Benny Kauff,Indianapolis,305.0,,1914
Triples,Jimmy Esmond,Indianapolis,15.0,,1914
Triples,Steve Evans,Brooklyn,15.0,,1914
F.L. Retirements | F.L. Rookies | Year-by-Year,F.L. Retirements | F.L. Rookies | Year-by-Year,F.L. Retirements | F.L. Rookies | Year-by-Year,,,1914
Complete Games,Claude Hendrix,Chicago,34.0,,1914
ERA,Claude Hendrix,Chicago,1.69,,1914
Games,Cy Falkenberg,Indianapolis,49.0,,1914
Games,Claude Hendrix,Chicago,49.0,,1914
Saves,Russ Ford,Buffalo,6.0,,1914
Shutouts,Cy Falkenberg,Indianapolis,9.0,,1914
Strikeouts,Cy Falkenberg,Indianapolis,236.0,,1914
Winning Percentage,Russ Ford,Buffalo,0.778,,1914
Wins,Claude Hendrix,Chicago,29.0,,1914
F.L. Retirements | F.L. Rookies | Year-by-Year,F.L. Retirements | F.L. Rookies | Year-by-Year,F.L. Retirements | F.L. Rookies | Year-by-Year,,,1914
Team | Roster,W,L,,,1914
Indianapolis Hoosiers,88,65,0.575,0.0,1914
Chicago Whales,87,67,0.565,,1914
Baltimore Terrapins,84,70,0.545,,1914
Buffalo Buffeds,80,71,0.53,7.0,1914
Brooklyn Tip-Tops,77,77,0.5,,1914
Kansas City Packers,67,84,0.444,20.0,1914
Pittsburgh Rebels,64,86,0.427,,1914
St. Louis Terriers,62,89,0.411,25.0,1914
Team | Roster,W,L,,,1914
Base on Balls,Chicago,520,,,1914
Batting Average,Indianapolis,.285,,,1914
Doubles,Indianapolis,230,,,1914
Hits,Indianapolis,1474,,,1914
Home Runs,Chicago,52,,,1914
On Base Percentage,Indianapolis,.349,,,1914
Runs,Indianapolis,762,,,1914
Slugging Average,Indianapolis,.383,,,1914
Stolen Bases,Indianapolis,273,,,1914
Triples,Indianapolis,90,,,1914
Triples,Pittsburgh,90,,,1914
Complete Games,Indianapolis,104,,,1914
ERA,Chicago,2.44,,,1914
Fewest Hits Allowed,Chicago,1204,,,1914
Fewest Home Runs Allowed,Indianapolis,29,,,1914
Fewest Walks Allowed,Baltimore,392,,,1914
Saves,Buffalo,16,,,1914
Shutouts,Chicago,17,,,1914
Strikeouts,Baltimore,732,,,1914
Base on Balls,Babe Borton,St. Louis,92.0,,1915
Batting Average,Benny Kauff,Brooklyn,0.342,,1915
Doubles,Steve Evans,Brooklyn,34.0,,1915
Doubles,Steve Evans,Baltimore,34.0,,1915
Hits,Jack Tobin,St. Louis,184.0,,1915
Home Runs,Hal Chase,Buffalo,17.0,,1915
On Base Percentage,Benny Kauff,Brooklyn,0.446,,1915
RBI,Dutch Zwilling,Chicago,94.0,,1915
Runs,Babe Borton,St. Louis,97.0,,1915
Slugging Average,Benny Kauff,Brooklyn,0.509,,1915
Stolen Bases,Benny Kauff,Brooklyn,55.0,,1915
Total Bases,Ed Konetchy,Pittsburgh,278.0,,1915
Triples,Les Mann,Chicago,19.0,,1915
F.L. Retirements | F.L. Rookies | Year-by-Year,F.L. Retirements | F.L. Rookies | Year-by-Year,F.L. Retirements | F.L. Rookies | Year-by-Year,,,1915
Complete Games,Dave Davenport,St.Louis,30.0,,1915
ERA,Earl Moseley,Newark,1.91,,1915
Games,Dave Davenport,St.Louis,55.0,,1915
Saves,Hugh Bedient,Buffalo,10.0,,1915
Shutouts,Dave Davenport,St.Louis,10.0,,1915
Strikeouts,Dave Davenport,St.Louis,229.0,,1915
Winning Percentage,GeorgeMcConnell,Chicago,0.714,,1915
Wins,GeorgeMcConnell,Chicago,25.0,,1915
F.L. Retirements | F.L. Rookies | Year-by-Year,F.L. Retirements | F.L. Rookies | Year-by-Year,F.L. Retirements | F.L. Rookies | Year-by-Year,,,1915
Team | Roster,W,L,,,1915
Chicago Whales,86,66,0.566,0.0,1915
St. Louis Terriers,87,67,0.565,0.0,1915
Pittsburgh Rebels,86,67,0.562,,1915
Kansas City Packers,81,72,0.529,,1915
Newark Peppers,80,72,0.526,6.0,1915
Buffalo Buffeds,74,78,0.487,12.0,1915
Brooklyn Tip-Tops,70,82,0.461,16.0,1915
Baltimore Terrapins,47,107,0.305,40.0,1915
Team | Roster,W,L,,,1915
Base on Balls,St. Louis,576,,,1915
Batting Average,Brooklyn,.268,,,1915
Doubles,Newark,210,,,1915
Hits,Brooklyn,1348,,,1915
Home Runs,Chicago,50,,,1915
On Base Percentage,St. Louis,.340,,,1915
Runs,Brooklyn,647,,,1915
Slugging Average,Brooklyn,.360,,,1915
Stolen Bases,Brooklyn,249,,,1915
Triples,St. Louis,81,,,1915
Complete Games,Newark,100,,,1915
ERA,Newark,2.61,,,1915
Fewest Hits Allowed,Kansas City,1210,,,1915
Fewest Home Runs Allowed,Newark,15,,,1915
Fewest Walks Allowed,Kansas City,390,,,1915
Saves,Brooklyn,16,,,1915
Shutouts,St. Louis,24,,,1915
Strikeouts,St. Louis,698,,,1915
Base on Balls,Bill Joyce,Brooklyn,123.0,,1890
Batting Average,Pete Browning,Cleveland,0.373,,1890
Doubles,Pete Browning,Cleveland,40.0,,1890
Hits,Hugh Duffy,Chicago,191.0,,1890
Home Runs,Roger Connor,New York,14.0,,1890
On Base Percentage,Dan Brouthers,Boston,0.466,,1890
RBI,Hardy Richardson,Boston,146.0,,1890
Runs,Hugh Duffy,Chicago,161.0,,1890
Slugging Average,Roger Connor,New York,0.548,,1890
Total Bases,Billy Shindle,Philadelphia,282.0,,1890
Triples,Jake Beckley,Pittsburgh,22.0,,1890
Triples,Joe Visner,Pittsburgh,22.0,,1890
1890 P.L. History | Year-by-Year History,1890 P.L. History | Year-by-Year History,1890 P.L. History | Year-by-Year History,,,1890
Complete Games,Mark Baldwin,Chicago,53.0,,1890
ERA,Silver King,Chicago,2.69,,1890
Games,Mark Baldwin,Chicago,58.0,,1890
Saves,George Hemming,Cleveland,3.0,,1890
Saves,George Hemming,Brooklyn,3.0,,1890
Saves,Hank O'Day,New York,3.0,,1890
Shutouts,Silver King,Chicago,4.0,,1890
Strikeouts,Mark Baldwin,Chicago,206.0,,1890
Winning Percentage,Bill Daley,Boston,0.72,,1890
Wins,Mark Baldwin,Chicago,33.0,,1890
1890 P.L. History | Year-by-Year History,1890 P.L. History | Year-by-Year History,1890 P.L. History | Year-by-Year History,,,1890
1890 Players League Team Standings,1890 Players League Team Standings,1890 Players League Team Standings,,,1890
Team | Roster,W,L,,,1890
Boston Red Stockings,81,48,0.628,0.0,1890
Brooklyn Wonders,76,56,0.576,,1890
New York Giants,74,57,0.565,8.0,1890
Chicago Pirates,75,62,0.547,10.0,1890
Philadelphia Quakers,68,63,0.519,14.0,1890
Pittsburgh Burghers,60,68,0.469,,1890
Cleveland Infants,55,75,0.423,,1890
Buffalo Bisons,36,96,0.273,,1890
Team | Roster,W,L,,,1890
1890 Players League Team Standings,1890 Players League Team Standings,1890 Players League Team Standings,,,1890
Base on Balls,Boston,652,,,1890
Batting Average,Cleveland,.285,,,1890
Doubles,Boston,223,,,1890
Hits,New York,1393,,,1890
Home Runs,New York,66,,,1890
On Base Percentage,Boston,.376,,,1890
Runs,New York,1018,,,1890
Slugging Average,New York,.405,,,1890
Triples,Philadelphia,113,,,1890
Triples,Pittsburgh,113,,,1890
Complete Games,Buffalo,125,,,1890
ERA,Chicago,3.39,,,1890
Fewest Hits Allowed,New York,1216,,,1890
Fewest Home Runs Allowed,Brooklyn,26,,,1890
Fewest Walks Allowed,Pittsburgh,334,,,1890
Saves,Brooklyn,7,,,1890
Shutouts,Pittsburgh,7,,,1890
Strikeouts,Chicago,460,,,1890
Base on Balls,Yank Robinson,Baltimore,37.0,,1884
Batting Average,Fred Dunlap,St. Louis,0.412,,1884
Doubles,Orator Shaffer,St. Louis,40.0,,1884
Hits,Fred Dunlap,St. Louis,185.0,,1884
Home Runs,Fred Dunlap,St. Louis,13.0,,1884
On Base Percentage,Fred Dunlap,St. Louis,0.448,,1884
Runs,Fred Dunlap,St. Louis,160.0,,1884
Slugging Average,Fred Dunlap,St. Louis,0.621,,1884
Total Bases,Fred Dunlap,St. Louis,279.0,,1884
Triples,Dick Burns,Cincinnati,12.0,,1884
1884 U.A. History | Year-by-Year History,1884 U.A. History | Year-by-Year History,1884 U.A. History | Year-by-Year History,,,1884
Complete Games,Bill Sweeney,Baltimore,58.0,,1884
ERA,Jim McCormick,Cincinnati,1.54,,1884
Games,Bill Sweeney,Baltimore,62.0,,1884
Saves,Billy Taylor,St. Louis,4.0,,1884
Shutouts,Jim McCormick,Cincinnati,7.0,,1884
Strikeouts,Hugh Daily,Chicago,483.0,,1884
Strikeouts,Hugh Daily,Washington,483.0,,1884
Winning Percentage,Jim McCormick,Cincinnati,0.875,,1884
Wins,Bill Sweeney,Baltimore,40.0,,1884
1884 U.A. History | Year-by-Year History,1884 U.A. History | Year-by-Year History,1884 U.A. History | Year-by-Year History,,,1884
1884 Union Association Team Standings,1884 Union Association Team Standings,1884 Union Association Team Standings,,,1884
Team | Roster,W,L,,,1884
St. Louis Maroons,94,19,1.0,0.832,1884
Cincinnati Outlaw Reds,69,36,0.0,0.657,1884
Baltimore Monumentals,58,47,1.0,0.552,1884
Boston Unions,58,51,2.0,0.532,1884
Milwaukee Grays,8,4,0.0,0.667,1884
St. Paul White Caps,2,6,1.0,0.25,1884
Chicago/Pittsburgh Browns/Stogies,41,50,2.0,0.451,1884
Altoona Unions,6,19,0.0,0.24,1884
Wilmington Quicksteps,2,16,0.0,0.111,1884
Washington Nationals,47,65,2.0,0.313,1884
Philadelphia Keystones,21,46,0.0,0.313,1884
Kansas City Unions,16,63,3.0,0.203,1884
Team | Roster,W,L,,,1884
1884 Union Association Team Standings,1884 Union Association Team Standings,1884 Union Association Team Standings,,,1884
Base on Balls,St. Louis,181,,,1884
Batting Average,St. Louis,.292,,,1884
Doubles,St. Louis,259,,,1884
Hits,St. Louis,1251,,,1884
Home Runs,St. Louis,32,,,1884
On Base Percentage,St. Louis,.321,,,1884
Runs,St. Louis,887,,,1884
Slugging Average,St. Louis,.394,,,1884
Triples,Cincinnati,63,,,1884
1884 Union Association Team Review,1884 Union Association Team Review,1884 Union Association Team Review,,,1884
Complete Games,St. Louis,104,,,1884
ERA,St. Louis,1.96,,,1884
Fewest Hits Allowed,Chicago,743,,,1884
Fewest Hits Allowed,Pittsburgh,743,,,1884
Fewest Home Runs Allowed,St. Louis,9,,,1884
Fewest Walks Allowed,Cincinnati,90,,,1884
Saves,St. Louis,6,,,1884
Shutouts,Cincinnati,11,,,1884
Strikeouts,Boston,753,,,1884
1884 Union Association Team Review,1884 Union Association Team Review,1884 Union Association Team Review,,,1884
Base on Balls,Jack Gleason,St. Louis,27.0,,1882
Batting Average,Pete Browning,Louisville,0.378,,1882
Doubles,Mike Mansell,Pittsburgh,18.0,,1882
Doubles,Ed Swartwood,Pittsburgh,18.0,,1882
Hits,Hick Carpenter,Cincinnati,120.0,,1882
Home Runs,Oscar Walker,St. Louis,7.0,,1882
On Base Percentage,Pete Browning,Louisville,0.43,,1882
Runs,Ed Swartwood,Pittsburgh,86.0,,1882
Slugging Average,Pete Browning,Louisville,0.51,,1882
Total Bases,Ed Swartwood,Pittsburgh,159.0,,1882
Triples,Mike Mansell,Pittsburgh,16.0,,1882
1882 A.L. History | 1882 N.L. History | Year-by-Year History,1882 A.L. History | 1882 N.L. History | Year-by-Year History,1882 A.L. History | 1882 N.L. History | Year-by-Year History,,,1882
Complete Games,Will White,Cincinnati,52.0,,1882
ERA,Denny Driscoll,Pittsburgh,1.21,,1882
Games,Tony Mullane,Louisville,55.0,,1882
Saves,Eddie Fusselback,St. Louis,1.0,,1882
Shutouts,Will White,Cincinnati,8.0,,1882
Strikeouts,Tony Mullane,Louisville,170.0,,1882
Winning Percentage,Will White,Cincinnati,0.769,,1882
Wins,Will White,Cincinnati,40.0,,1882
1882 A.L. History | 1882 N.L. History | Year-by-Year History,1882 A.L. History | 1882 N.L. History | Year-by-Year History,1882 A.L. History | 1882 N.L. History | Year-by-Year History,,,1882
1882 American Association Team Standings,1882 American Association Team Standings,1882 American Association Team Standings,,,1882
Team | Roster,W,L,,,1882
Cincinnati Red Stockings,55,25,0.688,0.0,1882
Philadelphia Athletics,41,34,0.547,,1882
Louisville Eclipse,42,38,0.525,13.0,1882
Pittsburgh Alleghenys,39,39,0.5,15.0,1882
St. Louis Brown Stockings,37,43,0.463,18.0,1882
Baltimore Orioles,19,54,0.26,,1882
Team | Roster,W,L,,,1882
Base on Balls,Louisville,128,,,1882
Batting Average,Cincinnati,.264,,,1882
Doubles,Louisville,110,,,1882
Doubles,Pittsburgh,110,,,1882
Hits,Cincinnati,795,,,1882
Home Runs,Pittsburgh,18,,,1882
On Base Percentage,Louisville,.292,,,1882
Runs,Cincinnati,489,,,1882
Slugging Average,Pittsburgh,.348,,,1882
Triples,Pittsburgh,59,,,1882
Complete Games,Cincinnati,77,,,1882
Complete Games,Pittsburgh,77,,,1882
ERA,Cincinnati,1.65,,,1882
Fewest Hits Allowed,Cincinnati,609,,,1882
Fewest Home Runs Allowed,Pittsburgh,4,,,1882
Fewest Walks Allowed,Pittsburgh,82,,,1882
Saves,St. Louis,1,,,1882
Shutouts,Cincinnati,11,,,1882
Strikeouts,Pittsburgh,252,,,1882
Base on Balls,Ecky Stearns,Baltimore,34.0,,1883
Batting Average,Ed Swartwood,Pittsburgh,0.357,,1883
Doubles,Harry Stovey,Philadelphia,31.0,,1883
Hits,Ed Swartwood,Pittsburgh,147.0,,1883
Home Runs,Harry Stovey,Philadelphia,14.0,,1883
On Base Percentage,Ed Swartwood,Pittsburgh,0.394,,1883
Runs,Harry Stovey,Philadelphia,110.0,,1883
Slugging Average,Harry Stovey,Philadelphia,0.506,,1883
Total Bases,Harry Stovey,Philadelphia,213.0,,1883
Triples,Pop Smith,Columbus,17.0,,1883
1883 A.L. History | 1883 N.L. History | Year-by-Year History,1883 A.L. History | 1883 N.L. History | Year-by-Year History,1883 A.L. History | 1883 N.L. History | Year-by-Year History,,,1883
Complete Games,Tim Keefe,New York,68.0,,1883
ERA,Will White,Cincinnati,2.09,,1883
Games,Tim Keefe,New York,68.0,,1883
Saves,Bob Barr,Pittsburgh,1.0,,1883
Saves,Tony Mullane,St. Louis,1.0,,1883
Shutouts,Jumbo McGinnis,St. Louis,6.0,,1883
Shutouts,Will White,Cincinnati,6.0,,1883
Strikeouts,Tim Keefe,New York,359.0,,1883
Winning Percentage,Tony Mullane,St. Louis,0.7,,1883
Wins,Will White,Cincinnati,43.0,,1883
1883 A.L. History | 1883 N.L. History | Year-by-Year History,1883 A.L. History | 1883 N.L. History | Year-by-Year History,1883 A.L. History | 1883 N.L. History | Year-by-Year History,,,1883
1883 American Association Team Standings,1883 American Association Team Standings,1883 American Association Team Standings,,,1883
Team | Roster,W,L,,,1883
Philadelphia Athletics,66,32,0.673,0.0,1883
St. Louis Browns,65,33,0.663,1.0,1883
Cincinnati Red Stockings,61,37,0.622,5.0,1883
New York Metropolitans,54,42,0.563,11.0,1883
Louisville Eclipse,52,45,0.536,,1883
Columbus Colts,32,65,0.33,,1883
Pittsburgh Alleghenys,31,67,0.316,35.0,1883
Baltimore Orioles,28,68,0.292,37.0,1883
Team | Roster,W,L,,,1883
Base on Balls,Philadelphia,200,,,1883
Batting Average,Philadelphia,.262,,,1883
Doubles,Philadelphia,149,,,1883
Hits,Philadelphia,974,,,1883
Home Runs,Cincinnati,34,,,1883
On Base Percentage,Philadelphia,.300,,,1883
Runs,Philadelphia,720,,,1883
Slugging Average,Cincinnati,.363,,,1883
Triples,Columbus,79,,,1883
Complete Games,New York,79,,,1883
ERA,St. Louis,2.23,,,1883
Fewest Hits Allowed,St. Louis,729,,,1883
Fewest Home Runs Allowed,Louisville,7,,,1883
Fewest Home Runs Allowed,St. Louis,7,,,1883
Fewest Walks Allowed,Philadelphia,95,,,1883
Saves,Pittsburgh,1,,,1883
Saves,St. Louis,1,,,1883
Shutouts,St. Louis,9,,,1883
Strikeouts,New York,490,,,1883
Base on Balls,Candy Nelson,New York,74.0,,1884
Batting Average,Dave Orr,New York,0.354,,1884
Doubles,Sam Barkley,Toledo,39.0,,1884
Hits,Dave Orr,New York,162.0,,1884
Home Runs,John Reilly,Cincinnati,11.0,,1884
On Base Percentage,Charley Jones,Cincinnati,0.376,,1884
Runs,Harry Stovey,Philadelphia,124.0,,1884
Slugging Average,John Reilly,Cincinnati,0.551,,1884
Total Bases,Dave Orr,New York,247.0,,1884
Total Bases,John Reilly,Cincinnati,247.0,,1884
Triples,Harry Stovey,Philadelphia,23.0,,1884
1884 A.A. History | 1884 N.L. History | Year-by-Year History,1884 A.A. History | 1884 N.L. History | Year-by-Year History,1884 A.A. History | 1884 N.L. History | Year-by-Year History,,,1884
Complete Games,Guy Hecker,Louisville,72.0,,1884
ERA,Guy Hecker,Louisville,1.8,,1884
Games,Guy Hecker,Louisville,75.0,,1884
Saves,Oyster Burns,Baltimore,1.0,,1884
Saves,Frank Mountain,Columbus,1.0,,1884
Saves,Hank O'Day,Toledo,1.0,,1884
Shutouts,Tony Mullane,Toledo,7.0,,1884
Shutouts,Will White,Cincinnati,7.0,,1884
Strikeouts,Guy Hecker,Louisville,385.0,,1884
Winning Percentage,Tip O'Neill,St. Louis,0.733,,1884
Wins,Guy Hecker,Louisville,52.0,,1884
1884 A.A. History | 1884 N.L. History | Year-by-Year History,1884 A.A. History | 1884 N.L. History | Year-by-Year History,1884 A.A. History | 1884 N.L. History | Year-by-Year History,,,1884
1884 American Association Team Standings,1884 American Association Team Standings,1884 American Association Team Standings,,,1884
Team | Roster,W,L,,,1884
New York Metropolitans,75,32,0.701,0.0,1884
Columbus Colts,69,39,0.639,,1884
Louisville Colonels,68,40,0.63,,1884
St. Louis Browns,67,40,0.626,8.0,1884
Cincinnati Red Stockings,68,41,0.624,8.0,1884
Baltimore Orioles,63,43,0.594,,1884
Philadelphia Athletics,61,46,0.57,14.0,1884
Toledo Blue Stockings,46,58,0.442,,1884
Brooklyn Trolley Dodgers,40,64,0.385,,1884
Richmond Virginias,12,30,0.286,,1884
Pittsburgh Alleghenys,30,78,0.278,,1884
Indianapolis Blues,29,78,0.271,46.0,1884
Washington Nationals,12,51,0.19,41.0,1884
Team | Roster,W,L,,,1884
1884 American Association Team Standings,1884 American Association Team Standings,1884 American Association Team Standings,,,1884
Base on Balls,Baltimore,211,,,1884
Batting Average,Philadelphia,.267,,,1884
Doubles,Philadelphia,167,,,1884
Hits,Philadelphia,1057,,,1884
Home Runs,Columbus,40,,,1884
On Base Percentage,New York,.304,,,1884
Runs,Cincinnati,754,,,1884
Slugging Average,Philadelphia,.379,,,1884
Triples,Philadelphia,100,,,1884
Complete Games,Cincinnati,111,,,1884
ERA,Louisville,2.17,,,1884
Fewest Hits Allowed,New York,802,,,1884
Fewest Home Runs Allowed,Louisville,9,,,1884
Fewest Walks Allowed,Louisville,97,,,1884
Saves,Baltimore,1,,,1884
Saves,Columbus,1,,,1884
Saves,Toledo,1,,,1884
Shutouts,Cincinnati,11,,,1884
Strikeouts,Baltimore,635,,,1884
Base on Balls,Candy Nelson,New York,61.0,,1885
Batting Average,Pete Browning,Louisville,0.362,,1885
Doubles,Henry Larkin,Philadelphia,37.0,,1885
Hits,Pete Browning,Louisville,174.0,,1885
Home Runs,Harry Stovey,Philadelphia,13.0,,1885
On Base Percentage,Pete Browning,Louisville,0.393,,1885
RBI,Frank Fennelly,Cincinnati,89.0,,1885
Runs,Harry Stovey,Philadelphia,130.0,,1885
Slugging Average,Dave Orr,New York,0.543,,1885
Total Bases,Pete Browning,Louisville,25.0,,1885
Triples,Dave Orr,New York,21.0,,1885
1885 A.A. History | 1885 N.L. History | Year-by-Year History,1885 A.A. History | 1885 N.L. History | Year-by-Year History,1885 A.A. History | 1885 N.L. History | Year-by-Year History,,,1885
Complete Games,Ed Morris,Pittsburgh,63.0,,1885
ERA,Bob Caruthers,St. Louis,2.07,,1885
Games,Ed Morris,Pittsburgh,63.0,,1885
Saves,Oyster Burns,Baltimore,3.0,,1885
Shutouts,Ed Morris,Pittsburgh,7.0,,1885
Strikeouts,Ed Morris,Pittsburgh,298.0,,1885
Winning Percentage,Bob Caruthers,St. Louis,0.755,,1885
Wins,Bob Caruthers,St. Louis,40.0,,1885
1885 A.A. History | 1885 N.L. History | Year-by-Year History,1885 A.A. History | 1885 N.L. History | Year-by-Year History,1885 A.A. History | 1885 N.L. History | Year-by-Year History,,,1885
1885 American Association Team Standings,1885 American Association Team Standings,1885 American Association Team Standings,,,1885
Team | Roster,W,L,,,1885
St. Louis Browns,79,33,0.705,0.0,1885
Cincinnati Red Stockings,63,49,0.563,16.0,1885
Pittsburgh Alleghenys,56,55,0.505,,1885
Philadelphia Athletics,55,57,0.491,24.0,1885
Louisville Colonels,53,59,0.473,26.0,1885
Brooklyn Trolley Dodgers,53,59,0.473,26.0,1885
New York Metropolitans,44,64,0.407,33.0,1885
Baltimore Orioles,41,68,0.376,,1885
Team | Roster,W,L,,,1885
1885 American Association Team Standings,1885 American Association Team Standings,1885 American Association Team Standings,,,1885
Base on Balls,Baltimore,279,,,1885
Batting Average,Philadelphia,.265,,,1885
Doubles,Philadelphia,169,,,1885
Hits,Philadelphia,1099,,,1885
Home Runs,Philadelphia,30,,,1885
On Base Percentage,Philadelphia,.310,,,1885
Runs,Philadelphia,764,,,1885
Slugging Average,Philadelphia,.365,,,1885
Triples,Louisville,83,,,1885
Complete Games,St. Louis,111,,,1885
ERA,St. Louis,2.44,,,1885
Fewest Hits Allowed,St. Louis,879,,,1885
Fewest Home Runs Allowed,Philadelphia,11,,,1885
Fewest Walks Allowed,St. Louis,168,,,1885
Saves,Baltimore,4,,,1885
Shutouts,St. Louis,11,,,1885
Strikeouts,Philadelphia,506,,,1885
Base on Balls,George Pinkney,Brooklyn,70.0,,1886
Base on Balls,Ed Swartwood,Brooklyn,70.0,,1886
Batting Average,Guy Hecker,Louisville,0.341,,1886
Doubles,Henry Larkin,Philadelphia,36.0,,1886
Hits,Dave Orr,New York,193.0,,1886
Home Runs,Bid McPhee,Cincinnati,8.0,,1886
On Base Percentage,Bob Caruthers,St. Louis,0.448,,1886
RBI,Tip O'Neill,St. Louis,107.0,,1886
Runs,Arlie Latham,St. Louis,152.0,,1886
Slugging Average,Dave Orr,New York,0.527,,1886
Total Bases,Dave Orr,New York,301.0,,1886
Triples,Dave Orr,New York,31.0,,1886
1886 A.A. History | 1886 N.L. History | Year-by-Year History,1886 A.A. History | 1886 N.L. History | Year-by-Year History,1886 A.A. History | 1886 N.L. History | Year-by-Year History,,,1886
Complete Games,Matt Kilroy,Baltimore,66.0,,1886
Complete Games,Toad Ramsey,Louisville,66.0,,1886
ERA,Dave Foutz,St. Louis,2.11,,1886
Games,Matt Kilroy,Baltimore,68.0,,1886
Saves,Bones Ely,Louisville,1.0,,1886
Saves,Dave Foutz,St. Louis,1.0,,1886
Saves,Nat Hudson,St. Louis,1.0,,1886
Saves,Ed Morris,Pittsburgh,1.0,,1886
Shutouts,Ed Morris,Pittsburgh,12.0,,1886
Strikeouts,Matt Kilroy,Baltimore,513.0,,1886
Winning Percentage,Dave Foutz,St. Louis,0.719,,1886
Wins,Dave Foutz,St. Louis,41.0,,1886
Wins,Ed Morris,Pittsburgh,41.0,,1886
1886 A.A. History | 1886 N.L. History | Year-by-Year History,1886 A.A. History | 1886 N.L. History | Year-by-Year History,1886 A.A. History | 1886 N.L. History | Year-by-Year History,,,1886
1886 American Association Team Standings,1886 American Association Team Standings,1886 American Association Team Standings,,,1886
Team | Roster,W,L,,,1886
St. Louis Browns,93,46,0.669,0.0,1886
Pittsburgh Alleghenys,80,57,0.584,12.0,1886
Brooklyn Trolley Dodgers,76,61,0.555,16.0,1886
Louisville Colonels,66,70,0.485,,1886
Cincinnati Red Stockings,65,73,0.471,,1886
Philadelphia Athletics,63,72,0.467,28.0,1886
New York Metropolitans,53,82,0.393,38.0,1886
Baltimore Orioles,48,83,0.366,41.0,1886
Team | Roster,W,L,,,1886
1886 American Association Team Standings,1886 American Association Team Standings,1886 American Association Team Standings,,,1886
Base on Balls,Pittsburgh,478,,,1886
Batting Average,St. Louis,.273,,,1886
Doubles,St. Louis,206,,,1886
Hits,St. Louis,1365,,,1886
Home Runs,Cincinnati,45,,,1886
On Base Percentage,St. Louis,.333,,,1886
Runs,St. Louis,944,,,1886
Slugging Average,St. Louis,.360,,,1886
Triples,Pittsburgh,96,,,1886
Complete Games,Brooklyn,138,,,1886
ERA,St. Louis,2.49,,,1886
Fewest Hits Allowed,St. Louis,1087,,,1886
Fewest Home Runs Allowed,Pittsburgh,10,,,1886
Fewest Walks Allowed,Pittsburgh,299,,,1886
Saves,Louisville,2,,,1886
Saves,St. Louis,2,,,1886
Shutouts,Pittsburgh,15,,,1886
Strikeouts,Baltimore,805,,,1886
Base on Balls,Paul Radford,New York,106.0,,1887
Batting Average,Tip O'Neill,St. Louis,0.435,,1887
Doubles,Tip O'Neill,St. Louis,52.0,,1887
Hits,Pete Browning,Louisville,275.0,,1887
Hits,Tip O'Neill,St. Louis,275.0,,1887
Home Runs,Tip O'Neill,St. Louis,14.0,,1887
On Base Percentage,Tip O'Neill,St. Louis,0.49,,1887
RBI,Tip O'Neill,St. Louis,123.0,,1887
Runs,Tip O'Neill,St. Louis,167.0,,1887
Slugging Average,Tip O'Neill,St. Louis,0.691,,1887
Total Bases,Tip O'Neill,St. Louis,357.0,,1887
Triples,Oyster Burns,Baltimore,19.0,,1887
Triples,Jumbo Davis,Baltimore,19.0,,1887
Triples,John Kerins,Louisville,19.0,,1887
Triples,Bid McPhee,Cincinnati,19.0,,1887
Triples,Tip O'Neill,St. Louis,19.0,,1887
Triples,Tom Poorman,Philadelphia,19.0,,1887
1887 A.A. History | Year-by-Year History,1887 A.A. History | Year-by-Year History,1887 A.A. History | Year-by-Year History,,,1887
Complete Games,Matt Kilroy,Baltimore,66.0,,1887
ERA,Elmer Smith,Cincinnati,2.94,,1887
Games,Matt Kilroy,Baltimore,69.0,,1887
Saves,Adonis Terry,Brooklyn,3.0,,1887
Shutouts,Matt Kilroy,Baltimore,6.0,,1887
Shutouts,Tony Mullane,Cincinnati,6.0,,1887
Strikeouts,Toad Ramsey,Louisville,355.0,,1887
Winning Percentage,Bob Caruthers,St. Louis,0.763,,1887
Wins,Matt Kilroy,Baltimore,46.0,,1887
1887 A.A. History | Year-by-Year History,1887 A.A. History | Year-by-Year History,1887 A.A. History | Year-by-Year History,,,1887
1887 American Association Team Standings,1887 American Association Team Standings,1887 American Association Team Standings,,,1887
Team | Roster,W,L,,,1887
St. Louis Browns,95,40,0.704,0.0,1887
Cincinnati Red Stockings,81,54,0.6,14.0,1887
Baltimore Orioles,77,58,0.57,18.0,1887
Louisville Colonels,76,60,0.559,,1887
Philadelphia Athletics,64,69,0.481,30.0,1887
Brooklyn Trolley Dodgers,60,74,0.448,,1887
New York Metropolitans,44,89,0.331,50.0,1887
Cleveland Blues,39,92,0.298,54.0,1887
Team | Roster,W,L,,,1887
1887 American Association Team Standings,1887 American Association Team Standings,1887 American Association Team Standings,,,1887
Base on Balls,Baltimore,469,,,1887
Batting Average,St. Louis,.307,,,1887
Doubles,St. Louis,261,,,1887
Hits,St. Louis,1550,,,1887
Home Runs,St. Louis,39,,,1887
On Base Percentage,St. Louis,.371,,,1887
Runs,St. Louis,1131,,,1887
Slugging Average,St. Louis,.413,,,1887
Triples,Cincinnati,96,,,1887
Complete Games,Louisville,133,,,1887
ERA,Cincinnati,3.58,,,1887
Fewest Hits Allowed,Cincinnati,1202,,,1887
Fewest Home Runs Allowed,Louisville,16,,,1887
Fewest Walks Allowed,St. Louis,323,,,1887
Saves,Brooklyn,3,,,1887
Shutouts,Cincinnati,11,,,1887
Strikeouts,Louisville,544,,,1887
Base on Balls,Yank Robinson,St. Louis,116.0,,1888
Batting Average,Tip O'Neill,St. Louis,0.335,,1888
Doubles,Hub Collins,Louisville,31.0,,1888
Doubles,Hub Collins,Brooklyn,31.0,,1888
Hits,Tip O'Neill,St. Louis,177.0,,1888
Home Runs,John Reilly,Cincinnati,13.0,,1888
On Base Percentage,Yank Robinson,St. Louis,0.4,,1888
RBI,John Reilly,Cincinnati,103.0,,1888
Runs,George Pinkney,Brooklyn,134.0,,1888
Slugging Average,John Reilly,Cincinnati,0.501,,1888
Total Bases,John Reilly,Cincinnati,264.0,,1888
Triples,Harry Stovey,Philadelphia,20.0,,1888
1888 A.A. History | Year-by-Year History,1888 A.A. History | Year-by-Year History,1888 A.A. History | Year-by-Year History,,,1888
Complete Games,Silver King,St. Louis,64.0,,1888
ERA,Silver King,St. Louis,1.64,,1888
Games,Silver King,St. Louis,66.0,,1888
Saves,Bob Gilks,Cleveland,1.0,,1888
Saves,Tony Mullane,Cincinnati,1.0,,1888
Shutouts,Silver King,St. Louis,6.0,,1888
Shutouts,Ed Seward,Philadelphia,6.0,,1888
Strikeouts,Ed Seward,Philadelphia,272.0,,1888
Winning Percentage,Nat Hudson,St. Louis,0.714,,1888
Wins,Silver King,St. Louis,45.0,,1888
1888 A.A. History | Year-by-Year History,1888 A.A. History | Year-by-Year History,1888 A.A. History | Year-by-Year History,,,1888
1888 American Association Team Standings,1888 American Association Team Standings,1888 American Association Team Standings,,,1888
Team | Roster,W,L,,,1888
St. Louis Browns,92,43,2.0,0.681,1888
Brooklyn Trolley Dodgers,88,52,3.0,0.629,1888
Philadelphia Athletics,81,52,3.0,0.609,1888
Cincinnati Red Stockings,80,54,3.0,0.597,1888
Baltimore Orioles,57,80,0.0,0.416,1888
Cleveland Blues,50,82,3.0,0.379,1888
Louisville Colonels,48,87,4.0,0.356,1888
Kansas City Cowboys,43,89,0.0,0.326,1888
Team | Roster,W,L,,,1888
1888 A.A. History | Year-by-Year History,1888 A.A. History | Year-by-Year History,1888 A.A. History | Year-by-Year History,,,1888
Base on Balls,St. Louis,410,,,1888
Batting Average,St. Louis,.250,,,1888
Doubles,Philadelphia,183,,,1888
Hits,Philadelphia,1209,,,1888
Home Runs,St. Louis,36,,,1888
On Base Percentage,St. Louis,.316,,,1888
Runs,Philadelphia,827,,,1888
Slugging Average,Philadelphia,.344,,,1888
Triples,Philadelphia,89,,,1888
Complete Games,Brooklyn,138,,,1888
ERA,St. Louis,2.09,,,1888
Fewest Hits Allowed,St. Louis,939,,,1888
Fewest Home Runs Allowed,Philadelphia,14,,,1888
Fewest Walks Allowed,St. Louis,225,,,1888
Saves,Cincinnati,3,,,1888
Shutouts,Philadelphia,13,,,1888
Strikeouts,Louisville,599,,,1888
Base on Balls,Yank Robinson,St. Louis,118.0,,1889
Batting Average,Tommy Tucker,Baltimore,0.372,,1889
Doubles,Curt Welch,Philadelphia,39.0,,1889
Hits,Tommy Tucker,Baltimore,196.0,,1889
Home Runs,Bug Holliday,Cincinnati,19.0,,1889
Home Runs,Harry Stovey,Philadelphia,19.0,,1889
On Base Percentage,Tommy Tucker,Baltimore,0.45,,1889
RBI,Harry Stovey,Philadelphia,119.0,,1889
Runs,Harry Stovey,Philadelphia,152.0,,1889
Slugging Average,Harry Stovey,Philadelphia,0.525,,1889
Total Bases,Harry Stovey,Philadelphia,292.0,,1889
Triples,Lefty Marr,Columbus,15.0,,1889
1889 A.A. History | 1889 N.L. History | Year-by-Year History,1889 A.A. History | 1889 N.L. History | Year-by-Year History,1889 A.A. History | 1889 N.L. History | Year-by-Year History,,,1889
Complete Games,Matt Kilroy,Baltimore,55.0,,1889
ERA,Jack Stivetts,St. Louis,2.25,,1889
Games,Mark Baldwin,Columbus,63.0,,1889
Saves,Tony Mullane,Cincinnati,5.0,,1889
Shutouts,Bob Caruthers,Brooklyn,7.0,,1889
Strikeouts,Mark Baldwin,Columbus,368.0,,1889
Winning Percentage,Bob Caruthers,Brooklyn,0.784,,1889
Wins,Bob Caruthers,Brooklyn,40.0,,1889
1889 A.A. History | 1889 N.L. History | Year-by-Year History,1889 A.A. History | 1889 N.L. History | Year-by-Year History,1889 A.A. History | 1889 N.L. History | Year-by-Year History,,,1889
1889 American Association Team Standings,1889 American Association Team Standings,1889 American Association Team Standings,,,1889
Team | Roster,W,L,,,1889
Brooklyn Bridegrooms,93,44,0.679,0.0,1889
St. Louis Browns,90,45,0.667,2.0,1889
Philadelphia Athletics,75,58,0.564,16.0,1889
Cincinnati Red Stockings,76,63,0.547,18.0,1889
Baltimore Orioles,70,65,0.519,22.0,1889
Columbus Colts,60,78,0.435,,1889
Kansas City Cowboys,55,82,0.401,38.0,1889
Louisville Colonels,27,111,0.196,,1889
Team | Roster,W,L,,,1889
1889 A.A. History | Year-by-Year History,1889 A.A. History | Year-by-Year History,1889 A.A. History | Year-by-Year History,,,1889
Base on Balls,Brooklyn,550,,,1889
Batting Average,Philadelphia,.275,,,1889
Doubles,Philadelphia,239,,,1889
Hits,Philadelphia,1339,,,1889
Home Runs,St. Louis,58,,,1889
On Base Percentage,Philadelphia,.354,,,1889
Runs,Brooklyn,995,,,1889
Slugging Average,Cincinnati,.382,,,1889
Triples,Cincinnati,96,,,1889
Complete Games,Philadelphia,130,,,1889
ERA,St. Louis,3.00,,,1889
Fewest Hits Allowed,St. Louis,1166,,,1889
Fewest Home Runs Allowed,Baltimore,27,,,1889
Fewest Walks Allowed,Brooklyn,400,,,1889
Saves,Cincinnati,8,,,1889
Shutouts,Baltimore,10,,,1889
Shutouts,Brooklyn,10,,,1889
Strikeouts,St. Louis,617,,,1889
Base on Balls,Jim McTamany,Columbus,112.0,,1890
Batting Average,Jimmy Wolf,Louisville,0.363,,1890
Doubles,Cupid Childs,Syracuse,33.0,,1890
Hits,Jimmy Wolf,Louisville,197.0,,1890
Home Runs,Count Campau,St. Louis,9.0,,1890
On Base Percentage,Denny Lyons,Philadelphia,0.461,,1890
RBI,Spud Johnson,Columbus,113.0,,1890
Runs,Jim McTamany,Columbus,140.0,,1890
Slugging Average,Denny Lyons,Philadelphia,0.531,,1890
Total Bases,Jimmy Wolf,Louisville,260.0,,1890
Triples,Perry Werden,Toledo,20.0,,1890
Complete Games,Sadie McMahon,Philadelphia,55.0,,1890
Complete Games,Sadie McMahon,Baltimore,55.0,,1890
ERA,Scott Stratton,Louisville,2.36,,1890
Games,Sadie McMahon,Philadelphia,60.0,,1890
Games,Sadie McMahon,Baltimore,60.0,,1890
Saves,Herb Goodall,Louisville,4.0,,1890
Shutouts,Elton Chamberlain,St. Louis,6.0,,1890
Shutouts,Elton Chamberlain,Columbus,6.0,,1890
Strikeouts,Sadie McMahon,Philadelphia,291.0,,1890
Strikeouts,Sadie McMahon,Baltimore,291.0,,1890
Winning Percentage,Scott Stratton,Louisville,0.708,,1890
Wins,Sadie McMahon,Philadelphia,36.0,,1890
Wins,Sadie McMahon,Baltimore,36.0,,1890
1890 American Association Team Standings,1890 American Association Team Standings,1890 American Association Team Standings,,,1890
Team [Click for roster],Wins,Losses,,,1890
Louisville Colonels,88,44,4.0,0.667,1890
Columbus Colts,79,55,6.0,0.59,1890
St. Louis Browns,78,58,3.0,0.574,1890
Toledo Maumees,68,64,2.0,0.515,1890
Rochester Rochesters,63,63,7.0,0.5,1890
Baltimore Orioles,15,19,4.0,0.441,1890
Syracuse Stars,55,72,1.0,0.433,1890
Philadelphia Athletics,54,78,0.0,0.409,1890
Brooklyn Gladiators,26,73,1.0,0.263,1890
Base on Balls,Columbus,545,,,1890
Batting Average,Louisville,.279,,,1890
Doubles,Philadelphia,181,,,1890
Hits,Louisville,1310,,,1890
Home Runs,St. Louis,48,,,1890
On Base Percentage,St. Louis,.350,,,1890
Runs,St. Louis,870,,,1890
Slugging Average,St. Louis,.370,,,1890
Triples,Toledo,108,,,1890
Complete Games,Rochester,122,,,1890
Complete Games,Toledo,122,,,1890
ERA,Louisville,2.57,,,1890
Fewest Hits Allowed,Columbus,976,,,1890
Fewest Home Runs Allowed,Philadelphia,17,,,1890
Fewest Walks Allowed,Louisville,293,,,1890
Saves,Louisville,7,,,1890
Shutouts,Columbus,14,,,1890
Strikeouts,St. Louis,733,,,1890
Base on Balls,Dummy Hoy,St. Louis,119.0,,1891
Batting Average,Dan Brouthers,Boston,0.35,,1891
Doubles,Jocko Milligan,Philadelphia,35.0,,1891
Hits,Tom Brown,Boston,189.0,,1891
Home Runs,Duke Farrell,Boston,12.0,,1891
On Base Percentage,Dan Brouthers,Boston,0.471,,1891
RBI,Hugh Duffy,Boston,110.0,,1891
RBI,Duke Farrell,Boston,110.0,,1891
Runs,Tom Brown,Boston,177.0,,1891
Slugging Average,Dan Brouthers,Boston,0.512,,1891
Total Bases,Tom Brown,Boston,276.0,,1891
Triples,Tom Brown,Boston,21.0,,1891
Complete Games,Sadie McMahon,Baltimore,53.0,,1891
ERA,Ed Crane,Cincinnati,2.45,,1891
Games,Jack Stivetts,St. Louis,64.0,,1891
Saves,Bill Daley,Boston,2.0,,1891
Saves,Darby O'Brien,Boston,2.0,,1891
Shutouts,George Haddock,Boston,5.0,,1891
Shutouts,Phil Knell,Columbus,5.0,,1891
Shutouts,Sadie McMahon,Baltimore,5.0,,1891
Strikeouts,Jack Stivetts,St. Louis,259.0,,1891
Winning Percentage,Charlie Buffinton,Boston,0.763,,1891
Wins,Sadie McMahon,Baltimore,35.0,,1891
1891 American Association Team Standings,1891 American Association Team Standings,1891 American Association Team Standings,,,1891
Team [Click for roster],Wins,Losses,,,1891
Boston Reds,93,42,4.0,0.689,1891
St. Louis Browns,85,51,3.0,0.623,1891
Milwaukee Brewers,21,15,0.0,0.583,1891
Baltimore Orioles,71,64,4.0,0.526,1891
Philadelphia Athletics,73,66,4.0,0.525,1891
Columbus Colts,61,76,1.0,0.445,1891
Cincinnati Kelly's Killers,43,57,2.0,0.43,1891
Louisville Colonels,54,83,2.0,0.396,1891
Washington Senators,44,91,4.0,0.326,1891
Base on Balls,Boston,651,,,1891
Batting Average,Boston,.274,,,1891
Doubles,Philadelphia,182,,,1891
Hits,Boston,1341,,,1891
Home Runs,St. Louis,58,,,1891
On Base Percentage,Boston,.367,,,1891
Runs,Boston,1028,,,1891
Slugging Average,Boston,.380,,,1891
Triples,Philadelphia,123,,,1891
Complete Games,Philadelphia,135,,,1891
ERA,Boston,3.03,,,1891
Fewest Hits Allowed,St. Louis,1106,,,1891
Fewest Home Runs Allowed,Columbus,29,,,1891
Fewest Walks Allowed,Louisville,464,,,1891
Saves,Boston,7,,,1891
Shutouts,Boston,9,,,1891
Shutouts,Louisville,9,,,1891
Strikeouts,St. Louis,621,,,1891
